COHORTE,AGE_PRET_BIN,AGE_MOIS,ER_obs,ER_moyen_age,ER_moyen_coh,EAD_sum
1994,120+,295.0,0.2374,0.1797,0.2374,1119.9
1995,120+,286.0,0.0949,0.1797,0.0782,3258.87
1995,120+,291.0,0.1235,0.1797,0.0782,1437.32
1995,120+,293.0,0.0,0.1797,0.0782,1531.97
1996,120+,271.0,0.3402,0.1797,0.423,1469.8
1996,120+,272.0,0.1203,0.1797,0.423,1371.63
1996,120+,280.0,0.9534,0.1797,0.423,1387.7
1996,120+,280.0,0.2666,0.1797,0.423,1272.4
1997,120+,261.0,0.0444,0.1797,0.0838,2853.36
1997,120+,262.0,0.0811,0.1797,0.0838,5327.38
1997,120+,266.0,0.038,0.1797,0.0838,2282.69
1997,120+,268.0,0.1711,0.1797,0.0838,2203.88
1997,120+,271.0,0.0458,0.1797,0.0838,1894.92
1997,120+,272.0,0.1321,0.1797,0.0838,1513.63
1997,120+,274.0,0.2136,0.1797,0.0838,1462.88
1997,120+,274.0,0.0523,0.1797,0.0838,1658.31
1997,120+,278.0,0.0649,0.1797,0.0838,1338.06
1997,120+,280.0,0.078,0.1797,0.0838,1112.98
1997,120+,281.0,0.0793,0.1797,0.0838,1094.03
1997,120+,282.0,0.2473,0.1797,0.0838,1224.47
1997,120+,288.0,0.0,0.1797,0.0838,3756.15
1997,120+,289.0,0.118,0.1797,0.0838,1504.09
1998,120+,251.0,0.0504,0.1797,0.0589,2764.22
1998,120+,254.0,0.0542,0.1797,0.0589,5533.43
1998,120+,258.0,0.059,0.1797,0.0589,2847.59
1998,120+,262.0,0.0722,0.1797,0.0589,2216.26
1998,120+,266.0,0.0641,0.1797,0.0589,2983.7
1998,120+,273.0,0.0616,0.1797,0.0589,1615.22
1999,120+,257.0,0.0667,0.1797,0.0897,5745.9
1999,120+,281.0,0.138,0.1797,0.0897,2742.89
2000,120+,250.0,0.2957,0.1797,0.2443,3381.89
2000,120+,285.0,0.0756,0.1797,0.2443,1029.1
2006,120+,166.0,0.4514,0.1797,0.4996,2946.19
2006,120+,168.0,0.5121,0.1797,0.4996,11324.97
2007,120+,148.0,0.0703,0.1797,0.1217,7111.4
2007,120+,148.0,0.0,0.1797,0.1217,5241.82
2007,120+,154.0,0.2054,0.1797,0.1217,4867.74
2007,120+,154.0,0.3305,0.1797,0.1217,3025.71
2007,120+,155.0,0.1134,0.1797,0.1217,4407.97
2008,120+,124.0,0.0,0.1797,0.1922,2706.7
2008,120+,131.0,0.0,0.1797,0.1922,3495.74
2008,120+,131.0,0.0,0.1797,0.1922,1203.24
2008,120+,174.0,0.4463,0.1797,0.1922,5601.94
2009,120+,121.0,0.0482,0.1797,0.1245,1038.24
2009,120+,124.0,0.0472,0.1797,0.1245,1058.57
2009,120+,142.0,0.1665,0.1797,0.1245,11568.93
2009,120+,162.0,0.0,0.1797,0.1245,2609.11
2010,60-120,102.0,0.8231,0.1222,0.293,7289.11
2010,60-120,103.0,0.0,0.1222,0.293,3067.51
2010,60-120,107.0,0.8812,0.1222,0.293,3404.55
2010,60-120,108.0,0.0,0.1222,0.293,8422.36
2010,60-120,111.0,0.989,0.1222,0.293,1516.67
2010,60-120,119.0,0.1807,0.1222,0.293,22135.05
2010,120+,127.0,0.4266,0.1797,0.293,1640.88
2010,120+,145.0,0.0,0.1797,0.293,4392.16
2011,60-120,91.0,0.1324,0.1222,0.1816,7553.2
2011,60-120,91.0,0.1697,0.1222,0.1816,5766.09
2011,60-120,91.0,0.0501,0.1222,0.1816,11758.9
2011,60-120,94.0,0.0,0.1222,0.1816,12169.32
2011,60-120,95.0,0.7691,0.1222,0.1816,12971.9
2011,60-120,95.0,0.0267,0.1222,0.1816,20843.08
2011,60-120,95.0,0.1373,0.1222,0.1816,5828.74
2011,60-120,95.0,0.2875,0.1222,0.1816,1043.45
2011,60-120,96.0,0.7372,0.1222,0.1816,3391.05
2011,60-120,97.0,0.1751,0.1222,0.1816,5711.51
2011,60-120,97.0,0.0254,0.1222,0.1816,24221.45
2011,60-120,98.0,0.989,0.1222,0.1816,3033.31
2011,60-120,99.0,0.0265,0.1222,0.1816,23255.4
2011,60-120,100.0,0.0289,0.1222,0.1816,6912.57
2011,60-120,101.0,0.0302,0.1222,0.1816,18424.09
2011,60-120,101.0,0.102,0.1222,0.1816,2843.36
2011,60-120,102.0,0.518,0.1222,0.1816,41123.7
2011,60-120,105.0,0.2112,0.1222,0.1816,4735.19
2011,60-120,105.0,0.0781,0.1222,0.1816,2118.68
2011,60-120,107.0,0.0349,0.1222,0.1816,15915.99
2011,60-120,107.0,0.4621,0.1222,0.1816,10820.48
2011,60-120,110.0,0.4303,0.1222,0.1816,1162.01
2011,60-120,111.0,0.0357,0.1222,0.1816,17231.26
2011,60-120,111.0,0.0,0.1222,0.1816,11971.64
2011,60-120,112.0,0.0319,0.1222,0.1816,5881.29
2011,60-120,114.0,0.3169,0.1222,0.1816,12622.4
2011,60-120,114.0,0.089,0.1222,0.1816,4632.31
2011,60-120,116.0,0.0623,0.1222,0.1816,4227.81
2011,120+,124.0,0.7926,0.1797,0.1816,5677.87
2011,120+,125.0,0.0636,0.1797,0.1816,9683.58
2011,120+,127.0,0.0719,0.1797,0.1816,8557.32
2011,120+,128.0,0.0,0.1797,0.1816,16307.56
2011,120+,141.0,0.0846,0.1797,0.1816,5907.77
2011,120+,142.0,0.0,0.1797,0.1816,1465.39
2011,120+,143.0,0.1275,0.1797,0.1816,7840.79
2012,60-120,75.0,0.3677,0.1222,0.269,5438.76
2012,60-120,75.0,0.0538,0.1222,0.269,4380.93
2012,60-120,76.0,0.0,0.1222,0.269,11306.77
2012,60-120,78.0,0.0235,0.1222,0.269,19560.72
2012,60-120,79.0,0.027,0.1222,0.269,3700.19
2012,60-120,80.0,0.0232,0.1222,0.269,19375.36
2012,60-120,80.0,0.0,0.1222,0.269,5911.47
2012,60-120,81.0,0.6527,0.1222,0.269,9192.45
2012,60-120,81.0,0.3984,0.1222,0.269,1579.72
2012,60-120,82.0,0.0239,0.1222,0.269,18829.25
2012,60-120,82.0,0.619,0.1222,0.269,12925.03
2012,60-120,83.0,0.1921,0.1222,0.269,5013.59
2012,60-120,83.0,0.7926,0.1222,0.269,2523.21
2012,60-120,83.0,0.0654,0.1222,0.269,2282.69
2012,60-120,84.0,0.3064,0.1222,0.269,32639.04
2012,60-120,84.0,0.8242,0.1222,0.269,3033.22
2012,60-120,85.0,0.1522,0.1222,0.269,1402.68
2012,60-120,86.0,0.0386,0.1222,0.269,13526.53
2012,60-120,86.0,0.0,0.1222,0.269,13344.63
2012,60-120,86.0,0.0313,0.1222,0.269,3197.73
2012,60-120,86.0,0.0238,0.1222,0.269,11639.99
2012,60-120,87.0,0.3087,0.1222,0.269,3239.8
2012,60-120,87.0,0.9426,0.1222,0.269,42754.83
2012,60-120,88.0,0.6973,0.1222,0.269,4302.43
2012,60-120,88.0,0.0115,0.1222,0.269,8696.22
2012,60-120,88.0,0.32,0.1222,0.269,5967.92
2012,60-120,89.0,0.0,0.1222,0.269,1268.71
2012,60-120,90.0,0.9346,0.1222,0.269,21399.31
2012,60-120,90.0,0.994,0.1222,0.269,2012.07
2012,60-120,91.0,0.0519,0.1222,0.269,7877.66
2012,60-120,91.0,0.4947,0.1222,0.269,2425.83
2012,60-120,92.0,0.0891,0.1222,0.269,8600.22
2012,60-120,92.0,0.0489,0.1222,0.269,13812.29
2012,60-120,93.0,0.0,0.1222,0.269,4389.93
2012,60-120,93.0,0.0375,0.1222,0.269,2665.91
2012,60-120,94.0,0.1032,0.1222,0.269,7427.3
2012,60-120,94.0,0.0,0.1222,0.269,7969.26
2012,60-120,94.0,0.1142,0.1222,0.269,13360.85
2012,60-120,95.0,0.4239,0.1222,0.269,4718.62
2012,60-120,96.0,0.1228,0.1222,0.269,6240.77
2012,60-120,96.0,0.0702,0.1222,0.269,5820.35
2012,60-120,96.0,0.2041,0.1222,0.269,5681.84
2012,60-120,98.0,0.0441,0.1222,0.269,2266.59
2012,60-120,99.0,0.0386,0.1222,0.269,15219.82
2012,60-120,101.0,0.4605,0.1222,0.269,4343.33
2012,60-120,101.0,0.0495,0.1222,0.269,2019.02
2012,60-120,101.0,0.399,0.1222,0.269,12530.6
2012,60-120,102.0,0.0517,0.1222,0.269,1935.13
2012,60-120,102.0,0.3005,0.1222,0.269,12233.07
2012,60-120,103.0,0.0615,0.1222,0.269,16520.45
2012,60-120,103.0,0.1314,0.1222,0.269,76074.28
2012,60-120,104.0,0.4296,0.1222,0.269,3491.72
2012,60-120,106.0,0.1743,0.1222,0.269,2343.63
2012,60-120,106.0,0.1419,0.1222,0.269,63402.98
2012,60-120,107.0,0.0,0.1222,0.269,2580.78
2012,60-120,108.0,0.0362,0.1222,0.269,7652.86
2012,60-120,110.0,0.0,0.1222,0.269,6011.11
2012,60-120,110.0,0.0382,0.1222,0.269,7260.82
2012,60-120,111.0,0.7435,0.1222,0.269,33625.47
2012,60-120,113.0,0.5683,0.1222,0.269,3519.09
2012,60-120,115.0,0.6129,0.1222,0.269,1211.12
2012,60-120,119.0,0.1913,0.1222,0.269,1045.48
2012,120+,121.0,0.0,0.1797,0.269,6668.25
2012,120+,124.0,0.4507,0.1797,0.269,3328.04
2012,120+,124.0,0.5342,0.1797,0.269,5241.09
2012,120+,125.0,0.2847,0.1797,0.269,5268.43
2012,120+,126.0,0.0,0.1797,0.269,6924.12
2012,120+,126.0,0.5403,0.1797,0.269,9253.6
2012,120+,127.0,0.9668,0.1797,0.269,3102.98
2012,120+,132.0,0.309,0.1797,0.269,3236.47
2012,120+,135.0,0.1265,0.1797,0.269,11856.62
2013,60-120,63.0,0.0,0.1222,0.0911,3361.68
2013,60-120,65.0,0.0209,0.1222,0.0911,25324.9
2013,60-120,66.0,0.9945,0.1222,0.0911,15082.3
2013,60-120,66.0,0.0178,0.1222,0.0911,24037.09
2013,60-120,66.0,0.9308,0.1222,0.0911,1074.38
2013,60-120,66.0,0.0,0.1222,0.0911,2386.21
2013,60-120,66.0,0.2913,0.1222,0.0911,10300.06
2013,60-120,67.0,0.017,0.1222,0.0911,28850.19
2013,60-120,68.0,0.0457,0.1222,0.0911,11714.76
2013,60-120,68.0,0.3428,0.1222,0.0911,9071.85
2013,60-120,69.0,0.0267,0.1222,0.0911,11221.66
2013,60-120,70.0,0.0175,0.1222,0.0911,55125.9
2013,60-120,70.0,0.028,0.1222,0.0911,16821.18
2013,60-120,70.0,0.0185,0.1222,0.0911,6497.51
2013,60-120,71.0,0.0721,0.1222,0.0911,2773.24
2013,60-120,71.0,0.1335,0.1222,0.0911,5242.48
2013,60-120,71.0,0.2521,0.1222,0.0911,1586.39
2013,60-120,72.0,0.0179,0.1222,0.0911,53831.96
2013,60-120,72.0,0.0209,0.1222,0.0911,44960.02
2013,60-120,72.0,0.0,0.1222,0.0911,21030.74
2013,60-120,73.0,0.0333,0.1222,0.0911,6322.41
2013,60-120,73.0,0.1105,0.1222,0.0911,2858.35
2013,60-120,73.0,0.1543,0.1222,0.0911,1943.65
2013,60-120,73.0,0.0211,0.1222,0.0911,44461.73
2013,60-120,74.0,0.0,0.1222,0.0911,25191.31
2013,60-120,74.0,0.2084,0.1222,0.0911,24226.47
2013,60-120,74.0,0.0533,0.1222,0.0911,1957.0
2013,60-120,74.0,0.0764,0.1222,0.0911,1308.82
2013,60-120,74.0,0.0703,0.1222,0.0911,12309.49
2013,60-120,76.0,0.0,0.1222,0.0911,5049.89
2013,60-120,76.0,0.5355,0.1222,0.0911,7469.91
2013,60-120,76.0,0.0,0.1222,0.0911,33732.13
2013,60-120,76.0,0.022,0.1222,0.0911,51651.3
2013,60-120,76.0,0.0,0.1222,0.0911,20770.8
2013,60-120,77.0,0.2852,0.1222,0.0911,8764.76
2013,60-120,77.0,0.0463,0.1222,0.0911,55034.97
2013,60-120,77.0,0.0,0.1222,0.0911,14557.51
2013,60-120,77.0,0.5616,0.1222,0.0911,5342.16
2013,60-120,77.0,0.4717,0.1222,0.0911,21321.83
2013,60-120,78.0,0.6792,0.1222,0.0911,2944.48
2013,60-120,79.0,0.0788,0.1222,0.0911,20167.47
2013,60-120,80.0,0.0,0.1222,0.0911,11095.2
2013,60-120,80.0,0.2584,0.1222,0.0911,16219.97
2013,60-120,81.0,0.189,0.1222,0.0911,1322.54
2013,60-120,83.0,0.0667,0.1222,0.0911,2604.72
2013,60-120,84.0,0.0259,0.1222,0.0911,15878.77
2013,60-120,85.0,0.1561,0.1222,0.0911,32039.86
2013,60-120,86.0,0.0671,0.1222,0.0911,51603.28
2013,60-120,86.0,0.0,0.1222,0.0911,9553.71
2013,60-120,87.0,0.9457,0.1222,0.0911,2114.8
2013,60-120,87.0,0.0299,0.1222,0.0911,21298.15
2013,60-120,88.0,0.0654,0.1222,0.0911,48863.34
2013,60-120,89.0,0.0261,0.1222,0.0911,35980.12
2013,60-120,89.0,0.0453,0.1222,0.0911,11965.21
2013,60-120,91.0,0.7692,0.1222,0.0911,6500.13
2013,60-120,91.0,0.0458,0.1222,0.0911,10268.75
2013,60-120,91.0,0.1703,0.1222,0.0911,1374.57
2013,60-120,92.0,0.0313,0.1222,0.0911,12596.97
2013,60-120,92.0,0.0602,0.1222,0.0911,16621.59
2013,60-120,93.0,0.0347,0.1222,0.0911,18354.81
2013,60-120,94.0,0.0488,0.1222,0.0911,24087.33
2013,60-120,95.0,0.0318,0.1222,0.0911,12904.87
2013,60-120,95.0,0.0281,0.1222,0.0911,33478.83
2013,60-120,95.0,0.0,0.1222,0.0911,24275.76
2013,60-120,96.0,0.029,0.1222,0.0911,3698.08
2013,60-120,97.0,0.039,0.1222,0.0911,16320.55
2013,60-120,97.0,0.03,0.1222,0.0911,31358.11
2013,60-120,97.0,0.7652,0.1222,0.0911,9147.82
2013,60-120,97.0,0.0103,0.1222,0.0911,3463.04
2013,60-120,98.0,0.4956,0.1222,0.0911,10088.38
2013,60-120,98.0,0.0307,0.1222,0.0911,35435.37
2013,60-120,100.0,0.032,0.1222,0.0911,34026.58
2013,60-120,100.0,0.0318,0.1222,0.0911,29554.93
2013,60-120,101.0,0.0757,0.1222,0.0911,24399.99
2013,60-120,101.0,0.0325,0.1222,0.0911,28945.24
2013,60-120,102.0,0.0334,0.1222,0.0911,32597.67
2013,60-120,102.0,0.0344,0.1222,0.0911,12467.63
2013,60-120,102.0,0.9479,0.1222,0.0911,3165.01
2013,60-120,104.0,0.0827,0.1222,0.0911,1812.82
2013,60-120,105.0,0.0528,0.1222,0.0911,12071.7
2013,60-120,105.0,0.0368,0.1222,0.0911,2918.79
2013,60-120,106.0,0.0321,0.1222,0.0911,23390.43
2013,60-120,106.0,0.0362,0.1222,0.0911,28669.46
2013,60-120,107.0,0.1054,0.1222,0.0911,1423.68
2013,60-120,107.0,0.0581,0.1222,0.0911,10970.67
2013,60-120,107.0,0.307,0.1222,0.0911,18595.16
2013,60-120,108.0,0.2882,0.1222,0.0911,7062.09
2013,60-120,109.0,0.0647,0.1222,0.0911,9853.69
2013,60-120,109.0,0.0371,0.1222,0.0911,14590.15
2013,60-120,110.0,0.0435,0.1222,0.0911,2467.18
2013,60-120,110.0,0.0,0.1222,0.0911,17734.13
2013,60-120,110.0,0.0846,0.1222,0.0911,5757.35
2013,60-120,111.0,0.0393,0.1222,0.0911,13783.58
2013,60-120,112.0,0.0491,0.1222,0.0911,8724.14
2013,60-120,113.0,0.2368,0.1222,0.0911,1550.85
2013,60-120,115.0,0.0991,0.1222,0.0911,6428.24
2013,60-120,117.0,0.6431,0.1222,0.0911,20682.44
2013,60-120,117.0,0.4571,0.1222,0.0911,1335.64
2013,60-120,119.0,0.0663,0.1222,0.0911,1619.02
2013,120+,123.0,0.0662,0.1797,0.0911,8191.48
2013,120+,126.0,0.1383,0.1797,0.0911,2971.84
2014,36-60,50.0,0.0966,0.1198,0.0989,3658.8
2014,36-60,51.0,0.0171,0.1198,0.0989,25788.73
2014,36-60,51.0,0.0163,0.1198,0.0989,88479.94
2014,36-60,51.0,0.6916,0.1198,0.0989,1301.41
2014,36-60,51.0,0.8593,0.1198,0.0989,1396.53
2014,36-60,52.0,0.0173,0.1198,0.0989,47657.09
2014,36-60,53.0,0.0414,0.1198,0.0989,29678.09
2014,36-60,54.0,0.3035,0.1198,0.0989,1647.46
2014,36-60,54.0,0.4483,0.1198,0.0989,2293.86
2014,36-60,54.0,0.1897,0.1198,0.0989,2056.38
2014,36-60,54.0,0.4397,0.1198,0.0989,3411.77
2014,36-60,55.0,0.1549,0.1198,0.0989,8753.04
2014,36-60,55.0,0.0172,0.1198,0.0989,38255.66
2014,36-60,55.0,0.0168,0.1198,0.0989,23450.73
2014,36-60,55.0,0.3837,0.1198,0.0989,1812.05
2014,36-60,55.0,0.0,0.1198,0.0989,5762.44
2014,36-60,56.0,0.0813,0.1198,0.0989,2210.89
2014,36-60,56.0,0.0463,0.1198,0.0989,1854.57
2014,36-60,56.0,0.0171,0.1198,0.0989,28303.33
2014,36-60,56.0,0.1093,0.1198,0.0989,17125.44
2014,36-60,57.0,0.0154,0.1198,0.0989,27225.16
2014,36-60,57.0,0.0175,0.1198,0.0989,37579.51
2014,36-60,57.0,0.0655,0.1198,0.0989,12221.0
2014,36-60,57.0,0.0806,0.1198,0.0989,9943.15
2014,36-60,58.0,0.0174,0.1198,0.0989,27775.2
2014,36-60,58.0,0.1675,0.1198,0.0989,1339.35
2014,36-60,59.0,0.0157,0.1198,0.0989,26732.6
2014,36-60,59.0,0.0182,0.1198,0.0989,29106.94
2014,36-60,59.0,0.3316,0.1198,0.0989,30125.11
2014,36-60,60.0,0.0236,0.1198,0.0989,64800.59
2014,36-60,60.0,0.1108,0.1198,0.0989,8436.41
2014,60-120,61.0,0.0,0.1222,0.0989,1770.0
2014,60-120,61.0,0.0185,0.1222,0.0989,28547.3
2014,60-120,61.0,0.1566,0.1222,0.0989,19155.24
2014,60-120,61.0,0.0205,0.1222,0.0989,86915.2
2014,60-120,61.0,0.017,0.1222,0.0989,10144.78
2014,60-120,61.0,0.1223,0.1222,0.0989,1716.5
2014,60-120,62.0,0.0175,0.1222,0.0989,52136.2
2014,60-120,62.0,0.0179,0.1222,0.0989,21979.8
2014,60-120,62.0,0.0,0.1222,0.0989,5543.21
2014,60-120,62.0,0.1263,0.1222,0.0989,7371.69
2014,60-120,62.0,0.0507,0.1222,0.0989,39471.91
2014,60-120,62.0,0.1088,0.1222,0.0989,3951.9
2014,60-120,63.0,0.5597,0.1222,0.0989,1429.34
2014,60-120,64.0,0.0629,0.1222,0.0989,3491.3
2014,60-120,65.0,0.0171,0.1222,0.0989,17255.54
2014,60-120,65.0,0.5548,0.1222,0.0989,4650.02
2014,60-120,65.0,0.236,0.1222,0.0989,4237.24
2014,60-120,65.0,0.126,0.1222,0.0989,7933.65
2014,60-120,66.0,0.5155,0.1222,0.0989,5819.43
2014,60-120,66.0,0.0295,0.1222,0.0989,3389.33
2014,60-120,66.0,0.7593,0.1222,0.0989,1297.6
2014,60-120,67.0,0.4949,0.1222,0.0989,10103.35
2014,60-120,67.0,0.0539,0.1222,0.0989,1854.96
2014,60-120,67.0,0.9823,0.1222,0.0989,1044.45
2014,60-120,67.0,0.031,0.1222,0.0989,61052.31
2014,60-120,68.0,0.0,0.1222,0.0989,1577.4
2014,60-120,69.0,0.0245,0.1222,0.0989,28287.01
2014,60-120,69.0,0.2488,0.1222,0.0989,8038.81
2014,60-120,69.0,0.4402,0.1222,0.0989,21920.89
2014,60-120,70.0,0.0227,0.1222,0.0989,52921.68
2014,60-120,71.0,0.0178,0.1222,0.0989,23640.67
2014,60-120,71.0,0.0206,0.1222,0.0989,25657.35
2014,60-120,71.0,0.0591,0.1222,0.0989,17766.69
2014,60-120,71.0,0.5432,0.1222,0.0989,2393.04
2014,60-120,71.0,0.0,0.1222,0.0989,7659.34
2014,60-120,71.0,0.0,0.1222,0.0989,14612.61
2014,60-120,72.0,0.0,0.1222,0.0989,5159.5
2014,60-120,72.0,0.8828,0.1222,0.0989,6909.7
2014,60-120,72.0,0.0,0.1222,0.0989,3755.65
2014,60-120,72.0,0.0169,0.1222,0.0989,61128.22
2014,60-120,72.0,0.8627,0.1222,0.0989,3477.6
2014,60-120,73.0,0.0211,0.1222,0.0989,25057.49
2014,60-120,74.0,0.0392,0.1222,0.0989,25872.0
2014,60-120,74.0,0.0418,0.1222,0.0989,12537.29
2014,60-120,75.0,0.0195,0.1222,0.0989,15174.26
2014,60-120,75.0,0.2509,0.1222,0.0989,3985.72
2014,60-120,75.0,0.022,0.1222,0.0989,31095.52
2014,60-120,76.0,0.0202,0.1222,0.0989,45284.77
2014,60-120,76.0,0.0209,0.1222,0.0989,58693.85
2014,60-120,77.0,0.534,0.1222,0.0989,18706.86
2014,60-120,78.0,0.2492,0.1222,0.0989,2295.46
2014,60-120,78.0,0.0183,0.1222,0.0989,56665.44
2014,60-120,79.0,0.0194,0.1222,0.0989,21640.02
2014,60-120,79.0,0.0228,0.1222,0.0989,23212.57
2014,60-120,79.0,0.4016,0.1222,0.0989,1039.94
2014,60-120,79.0,0.6043,0.1222,0.0989,1654.75
2014,60-120,81.0,0.0234,0.1222,0.0989,22582.15
2014,60-120,81.0,0.0598,0.1222,0.0989,1687.06
2014,60-120,81.0,0.1884,0.1222,0.0989,10614.93
2014,60-120,83.0,0.7068,0.1222,0.0989,70173.86
2014,60-120,85.0,0.0,0.1222,0.0989,16732.37
2014,60-120,86.0,0.0233,0.1222,0.0989,39203.01
2014,60-120,86.0,0.2302,0.1222,0.0989,25599.76
2014,60-120,86.0,0.0203,0.1222,0.0989,4736.82
2014,60-120,87.0,0.0923,0.1222,0.0989,6614.2
2014,60-120,87.0,0.0811,0.1222,0.0989,13511.5
2014,60-120,87.0,0.0269,0.1222,0.0989,27296.67
2014,60-120,88.0,0.024,0.1222,0.0989,38027.61
2014,60-120,88.0,0.3342,0.1222,0.0989,23938.82
2014,60-120,89.0,0.0244,0.1222,0.0989,37442.43
2014,60-120,89.0,0.4831,0.1222,0.0989,11231.01
2014,60-120,90.0,0.0266,0.1222,0.0989,28866.79
2014,60-120,90.0,0.0193,0.1222,0.0989,46091.39
2014,60-120,93.0,0.167,0.1222,0.0989,4789.18
2014,60-120,93.0,0.5391,0.1222,0.0989,1854.83
2014,60-120,93.0,0.7919,0.1222,0.0989,3788.59
2014,60-120,93.0,0.0873,0.1222,0.0989,30743.99
2014,60-120,95.0,0.0256,0.1222,0.0989,6734.76
2014,60-120,96.0,0.1958,0.1222,0.0989,1532.36
2014,60-120,98.0,0.201,0.1222,0.0989,9950.08
2014,60-120,99.0,0.3904,0.1222,0.0989,38417.47
2014,60-120,100.0,0.0309,0.1222,0.0989,12728.26
2014,60-120,100.0,0.0223,0.1222,0.0989,39896.71
2014,60-120,102.0,0.0323,0.1222,0.0989,12175.57
2014,60-120,103.0,0.035,0.1222,0.0989,15105.26
2014,60-120,103.0,0.63,0.1222,0.0989,12698.26
2014,60-120,103.0,0.093,0.1222,0.0989,10753.82
2014,60-120,105.0,0.0377,0.1222,0.0989,18125.89
2014,60-120,106.0,0.037,0.1222,0.0989,7972.65
2014,60-120,106.0,0.227,0.1222,0.0989,8431.4
2014,60-120,109.0,0.2804,0.1222,0.0989,7131.87
2014,60-120,110.0,0.3962,0.1222,0.0989,5047.67
2014,60-120,110.0,0.1259,0.1222,0.0989,4789.18
2014,60-120,113.0,0.0505,0.1222,0.0989,13523.16
2015,36-60,37.0,0.2429,0.1198,0.0761,2018.64
2015,36-60,37.0,0.0237,0.1198,0.0761,10664.93
2015,36-60,37.0,0.1548,0.1198,0.0761,3533.63
2015,36-60,38.0,0.2719,0.1198,0.0761,7354.75
2015,36-60,39.0,0.0241,0.1198,0.0761,14836.25
2015,36-60,39.0,0.0152,0.1198,0.0761,61992.23
2015,36-60,40.0,0.0144,0.1198,0.0761,37816.18
2015,36-60,40.0,0.3003,0.1198,0.0761,9589.6
2015,36-60,40.0,0.0412,0.1198,0.0761,5119.0
2015,36-60,41.0,0.0,0.1198,0.0761,2726.21
2015,36-60,41.0,0.0673,0.1198,0.0761,2439.6
2015,36-60,42.0,0.171,0.1198,0.0761,5157.6
2015,36-60,42.0,0.8106,0.1198,0.0761,3084.04
2015,36-60,43.0,0.0255,0.1198,0.0761,42967.81
2015,36-60,43.0,0.0597,0.1198,0.0761,7205.19
2015,36-60,43.0,0.075,0.1198,0.0761,28976.08
2015,36-60,44.0,0.849,0.1198,0.0761,3109.86
2015,36-60,44.0,0.1479,0.1198,0.0761,6762.81
2015,36-60,44.0,0.0504,0.1198,0.0761,2401.38
2015,36-60,44.0,0.1055,0.1198,0.0761,2844.74
2015,36-60,44.0,0.0982,0.1198,0.0761,2037.35
2015,36-60,44.0,0.0485,0.1198,0.0761,6190.51
2015,36-60,45.0,0.2992,0.1198,0.0761,2673.74
2015,36-60,45.0,0.0472,0.1198,0.0761,96846.65
2015,36-60,45.0,0.0135,0.1198,0.0761,57884.43
2015,36-60,45.0,0.1192,0.1198,0.0761,8565.6
2015,36-60,45.0,0.9343,0.1198,0.0761,14011.1
2015,36-60,45.0,0.7886,0.1198,0.0761,3804.15
2015,36-60,46.0,0.0,0.1198,0.0761,1882.51
2015,36-60,46.0,0.0816,0.1198,0.0761,1076.83
2015,36-60,46.0,0.052,0.1198,0.0761,13861.27
2015,36-60,46.0,0.7066,0.1198,0.0761,1415.31
2015,36-60,46.0,0.1484,0.1198,0.0761,7741.22
2015,36-60,46.0,0.0439,0.1198,0.0761,2275.97
2015,36-60,46.0,0.1615,0.1198,0.0761,12381.64
2015,36-60,46.0,0.204,0.1198,0.0761,48776.68
2015,36-60,47.0,0.2161,0.1198,0.0761,1549.41
2015,36-60,47.0,0.1057,0.1198,0.0761,2118.84
2015,36-60,47.0,0.0191,0.1198,0.0761,10481.36
2015,36-60,47.0,0.0,0.1198,0.0761,7588.44
2015,36-60,47.0,0.0158,0.1198,0.0761,75719.19
2015,36-60,47.0,0.2924,0.1198,0.0761,17099.22
2015,36-60,47.0,0.0294,0.1198,0.0761,22910.38
2015,36-60,47.0,0.0201,0.1198,0.0761,37903.93
2015,36-60,48.0,0.0,0.1198,0.0761,2419.0
2015,36-60,48.0,0.2411,0.1198,0.0761,30461.64
2015,36-60,48.0,0.2325,0.1198,0.0761,43817.42
2015,36-60,48.0,0.0217,0.1198,0.0761,9208.98
2015,36-60,48.0,0.0487,0.1198,0.0761,5661.14
2015,36-60,48.0,0.014,0.1198,0.0761,48427.42
2015,36-60,48.0,0.869,0.1198,0.0761,1323.38
2015,36-60,48.0,0.1265,0.1198,0.0761,5534.06
2015,36-60,49.0,0.5822,0.1198,0.0761,3435.38
2015,36-60,49.0,0.2612,0.1198,0.0761,1914.56
2015,36-60,49.0,0.5944,0.1198,0.0761,4206.17
2015,36-60,49.0,0.0132,0.1198,0.0761,71954.65
2015,36-60,49.0,0.0265,0.1198,0.0761,19954.48
2015,36-60,49.0,0.054,0.1198,0.0761,9258.6
2015,36-60,49.0,0.4477,0.1198,0.0761,11168.18
2015,36-60,50.0,0.0257,0.1198,0.0761,1948.85
2015,36-60,50.0,0.0164,0.1198,0.0761,39263.59
2015,36-60,50.0,0.0488,0.1198,0.0761,70834.24
2015,36-60,50.0,0.0267,0.1198,0.0761,36557.03
2015,36-60,50.0,0.0,0.1198,0.0761,58616.95
2015,36-60,50.0,0.0177,0.1198,0.0761,35258.6
2015,36-60,50.0,0.0248,0.1198,0.0761,49816.98
2015,36-60,50.0,0.7854,0.1198,0.0761,1909.85
2015,36-60,51.0,0.83,0.1198,0.0761,1024.13
2015,36-60,51.0,0.0,0.1198,0.0761,1687.32
2015,36-60,51.0,0.4439,0.1198,0.0761,3884.13
2015,36-60,51.0,0.0165,0.1198,0.0761,45310.5
2015,36-60,52.0,0.7301,0.1198,0.0761,13878.55
2015,36-60,52.0,0.0144,0.1198,0.0761,46576.69
2015,36-60,52.0,0.0511,0.1198,0.0761,76693.56
2015,36-60,52.0,0.0301,0.1198,0.0761,32212.06
2015,36-60,52.0,0.2437,0.1198,0.0761,3307.06
2015,36-60,52.0,0.0609,0.1198,0.0761,3456.1
2015,36-60,53.0,0.0279,0.1198,0.0761,6317.96
2015,36-60,53.0,0.0145,0.1198,0.0761,46160.01
2015,36-60,53.0,0.0,0.1198,0.0761,27821.06
2015,36-60,53.0,0.2146,0.1198,0.0761,1397.67
2015,36-60,53.0,0.0274,0.1198,0.0761,45509.61
2015,36-60,54.0,0.05,0.1198,0.0761,19355.58
2015,36-60,54.0,0.0147,0.1198,0.0761,50104.16
2015,36-60,54.0,0.0676,0.1198,0.0761,7699.05
2015,36-60,54.0,0.0327,0.1198,0.0761,8465.54
2015,36-60,54.0,0.181,0.1198,0.0761,19333.79
2015,36-60,55.0,0.9553,0.1198,0.0761,1046.83
2015,36-60,55.0,0.0273,0.1198,0.0761,25333.96
2015,36-60,56.0,0.3705,0.1198,0.0761,3625.11
2015,36-60,56.0,0.0161,0.1198,0.0761,156448.11
2015,36-60,56.0,0.0298,0.1198,0.0761,17711.11
2015,36-60,56.0,0.0,0.1198,0.0761,9970.63
2015,36-60,56.0,0.0428,0.1198,0.0761,65957.95
2015,36-60,57.0,0.6194,0.1198,0.0761,1124.27
2015,36-60,57.0,0.0321,0.1198,0.0761,18764.75
2015,36-60,57.0,0.1943,0.1198,0.0761,1235.19
2015,36-60,57.0,0.0352,0.1198,0.0761,7855.13
2015,36-60,57.0,0.3784,0.1198,0.0761,7970.22
2015,36-60,58.0,0.017,0.1198,0.0761,32022.35
2015,36-60,58.0,0.0317,0.1198,0.0761,30847.17
2015,36-60,58.0,0.0169,0.1198,0.0761,83040.23
2015,36-60,58.0,0.0163,0.1198,0.0761,34845.88
2015,36-60,59.0,0.0277,0.1198,0.0761,24491.66
2015,36-60,59.0,0.0337,0.1198,0.0761,17855.28
2015,36-60,59.0,0.0,0.1198,0.0761,1378.94
2015,36-60,59.0,0.032,0.1198,0.0761,16478.88
2015,36-60,59.0,0.8645,0.1198,0.0761,17350.07
2015,36-60,59.0,0.7612,0.1198,0.0761,1970.62
2015,36-60,60.0,0.6816,0.1198,0.0761,4532.75
2015,36-60,60.0,0.1872,0.1198,0.0761,39219.87
2015,36-60,60.0,0.1883,0.1198,0.0761,1708.01
2015,36-60,60.0,0.0202,0.1198,0.0761,30974.57
2015,60-120,61.0,0.2631,0.1222,0.0761,2545.76
2015,60-120,61.0,0.0397,0.1222,0.0761,29290.76
2015,60-120,61.0,0.0501,0.1222,0.0761,1894.41
2015,60-120,61.0,0.0752,0.1222,0.0761,3987.39
2015,60-120,61.0,0.5596,0.1222,0.0761,12983.49
2015,60-120,62.0,0.019,0.1222,0.0761,33917.07
2015,60-120,62.0,0.8692,0.1222,0.0761,1495.63
2015,60-120,62.0,0.0176,0.1222,0.0761,91197.34
2015,60-120,62.0,0.2744,0.1222,0.0761,42274.36
2015,60-120,63.0,0.0,0.1222,0.0761,1289.28
2015,60-120,63.0,0.0625,0.1222,0.0761,13919.16
2015,60-120,64.0,0.0301,0.1222,0.0761,22538.38
2015,60-120,64.0,0.0305,0.1222,0.0761,6215.57
2015,60-120,64.0,0.0254,0.1222,0.0761,15267.23
2015,60-120,65.0,0.0531,0.1222,0.0761,21390.77
2015,60-120,65.0,0.1062,0.1222,0.0761,43970.93
2015,60-120,67.0,0.0,0.1222,0.0761,1353.88
2015,60-120,67.0,0.0204,0.1222,0.0761,35509.69
2015,60-120,67.0,0.0435,0.1222,0.0761,76824.22
2015,60-120,68.0,0.0169,0.1222,0.0761,43399.06
2015,60-120,68.0,0.019,0.1222,0.0761,49990.24
2015,60-120,68.0,0.0,0.1222,0.0761,2564.99
2015,60-120,69.0,0.026,0.1222,0.0761,24140.63
2015,60-120,69.0,0.1257,0.1222,0.0761,12727.74
2015,60-120,69.0,0.0165,0.1222,0.0761,23749.59
2015,60-120,71.0,0.0175,0.1222,0.0761,38257.12
2015,60-120,71.0,0.0436,0.1222,0.0761,34366.07
2015,60-120,71.0,0.0174,0.1222,0.0761,38772.4
2015,60-120,71.0,0.036,0.1222,0.0761,6939.38
2015,60-120,72.0,0.0221,0.1222,0.0761,29194.32
2015,60-120,72.0,0.1028,0.1222,0.0761,56024.09
2015,60-120,72.0,0.647,0.1222,0.0761,1545.63
2015,60-120,73.0,0.0284,0.1222,0.0761,24632.99
2015,60-120,73.0,0.0398,0.1222,0.0761,17063.79
2015,60-120,73.0,0.0225,0.1222,0.0761,22190.2
2015,60-120,73.0,0.0174,0.1222,0.0761,22633.12
2015,60-120,74.0,0.0544,0.1222,0.0761,6729.45
2015,60-120,74.0,0.263,0.1222,0.0761,1819.43
2015,60-120,74.0,0.0423,0.1222,0.0761,11830.16
2015,60-120,74.0,0.0,0.1222,0.0761,7351.59
2015,60-120,75.0,0.1758,0.1222,0.0761,4062.1
2015,60-120,75.0,0.07,0.1222,0.0761,1427.67
2015,60-120,75.0,0.0183,0.1222,0.0761,36957.29
2015,60-120,76.0,0.2435,0.1222,0.0761,14967.4
2015,60-120,76.0,0.0186,0.1222,0.0761,35919.97
2015,60-120,76.0,0.0211,0.1222,0.0761,42331.04
2015,60-120,77.0,0.6569,0.1222,0.0761,1522.28
2015,60-120,78.0,0.0215,0.1222,0.0761,44024.75
2015,60-120,79.0,0.1198,0.1222,0.0761,7926.59
2015,60-120,79.0,0.0193,0.1222,0.0761,35098.11
2015,60-120,79.0,0.061,0.1222,0.0761,4954.63
2015,60-120,80.0,0.0197,0.1222,0.0761,34003.45
2015,60-120,80.0,0.0503,0.1222,0.0761,64134.31
2015,60-120,80.0,0.0216,0.1222,0.0761,35100.35
2015,60-120,82.0,0.0266,0.1222,0.0761,24214.54
2015,60-120,82.0,0.0203,0.1222,0.0761,36159.53
2015,60-120,84.0,0.0468,0.1222,0.0761,37039.72
2015,60-120,84.0,0.0233,0.1222,0.0761,73460.14
2015,60-120,84.0,0.0868,0.1222,0.0761,4608.15
2015,60-120,84.0,0.0318,0.1222,0.0761,8355.13
2015,60-120,85.0,0.1494,0.1222,0.0761,38461.45
2015,60-120,86.0,0.0215,0.1222,0.0761,31049.04
2015,60-120,86.0,0.0445,0.1222,0.0761,4490.23
2015,60-120,86.0,0.0,0.1222,0.0761,24297.85
2015,60-120,86.0,0.0428,0.1222,0.0761,9055.09
2015,60-120,87.0,0.0253,0.1222,0.0761,21553.12
2015,60-120,87.0,0.0807,0.1222,0.0761,9008.64
2015,60-120,87.0,0.0212,0.1222,0.0761,18550.14
2015,60-120,87.0,0.3386,0.1222,0.0761,73825.01
2015,60-120,88.0,0.1222,0.1222,0.0761,9672.09
2015,60-120,88.0,0.0249,0.1222,0.0761,22602.29
2015,60-120,89.0,0.1423,0.1222,0.0761,1405.83
2015,60-120,89.0,0.0,0.1222,0.0761,11036.84
2015,60-120,90.0,0.023,0.1222,0.0761,29024.9
2015,60-120,90.0,0.0257,0.1222,0.0761,21831.61
2015,60-120,91.0,0.0096,0.1222,0.0761,51830.15
2015,60-120,91.0,0.0,0.1222,0.0761,11402.92
2015,60-120,92.0,0.0262,0.1222,0.0761,53549.35
2015,60-120,93.0,0.5788,0.1222,0.0761,10366.25
2015,60-120,93.0,0.4574,0.1222,0.0761,1093.04
2015,60-120,94.0,0.002,0.1222,0.0761,8655.99
2015,60-120,94.0,0.0249,0.1222,0.0761,29496.35
2015,60-120,94.0,0.0269,0.1222,0.0761,31362.15
2015,60-120,94.0,0.1201,0.1222,0.0761,4161.7
2015,60-120,94.0,0.0704,0.1222,0.0761,9948.87
2015,60-120,95.0,0.1355,0.1222,0.0761,3689.37
2015,60-120,95.0,0.0,0.1222,0.0761,7373.57
2015,60-120,95.0,0.2759,0.1222,0.0761,38644.6
2015,60-120,96.0,0.4006,0.1222,0.0761,9985.28
2015,60-120,97.0,0.0299,0.1222,0.0761,31757.12
2015,60-120,97.0,0.6285,0.1222,0.0761,15909.19
2015,60-120,97.0,0.3549,0.1222,0.0761,13807.92
2015,60-120,98.0,0.0294,0.1222,0.0761,47714.36
2015,60-120,98.0,0.0323,0.1222,0.0761,45678.95
2015,60-120,98.0,0.2653,0.1222,0.0761,3769.31
2015,60-120,99.0,0.4987,0.1222,0.0761,19050.92
2015,60-120,100.0,0.0283,0.1222,0.0761,25996.89
2015,60-120,100.0,0.0574,0.1222,0.0761,3483.5
2015,60-120,102.0,0.3757,0.1222,0.0761,13308.31
2015,60-120,102.0,0.5532,0.1222,0.0761,4519.12
2015,60-120,104.0,0.0342,0.1222,0.0761,21848.83
2015,60-120,105.0,0.0398,0.1222,0.0761,16598.71
2015,60-120,106.0,0.0359,0.1222,0.0761,20808.48
2016,12-36,25.0,0.2894,0.1754,0.104,16135.6
2016,12-36,25.0,0.0,0.1754,0.104,5381.31
2016,12-36,26.0,0.0754,0.1754,0.104,8653.77
2016,12-36,26.0,0.0217,0.1754,0.104,72838.2
2016,12-36,26.0,0.0166,0.1754,0.104,24886.73
2016,12-36,26.0,0.6701,0.1754,0.104,2536.81
2016,12-36,26.0,0.0,0.1754,0.104,11172.8
2016,12-36,26.0,0.0,0.1754,0.104,12103.3
2016,12-36,27.0,0.1156,0.1754,0.104,1779.93
2016,12-36,27.0,0.0532,0.1754,0.104,7311.07
2016,12-36,27.0,0.0817,0.1754,0.104,18354.68
2016,12-36,27.0,0.0531,0.1754,0.104,2262.38
2016,12-36,27.0,0.0379,0.1754,0.104,41899.27
2016,12-36,27.0,0.5161,0.1754,0.104,7506.49
2016,12-36,27.0,0.0,0.1754,0.104,74252.42
2016,12-36,27.0,0.63,0.1754,0.104,28570.89
2016,12-36,28.0,0.0281,0.1754,0.104,18363.17
2016,12-36,28.0,0.3035,0.1754,0.104,1951.65
2016,12-36,28.0,0.049,0.1754,0.104,16110.43
2016,12-36,28.0,0.0,0.1754,0.104,1742.19
2016,12-36,28.0,0.0421,0.1754,0.104,3684.17
2016,12-36,28.0,0.0429,0.1754,0.104,10151.19
2016,12-36,29.0,0.0436,0.1754,0.104,10409.23
2016,12-36,29.0,0.1295,0.1754,0.104,1158.68
2016,12-36,29.0,0.0,0.1754,0.104,1538.57
2016,12-36,29.0,0.3204,0.1754,0.104,37449.09
2016,12-36,29.0,0.0133,0.1754,0.104,125670.61
2016,12-36,29.0,0.0123,0.1754,0.104,42665.78
2016,12-36,29.0,0.5175,0.1754,0.104,15844.09
2016,12-36,30.0,0.131,0.1754,0.104,5532.0
2016,12-36,30.0,0.5403,0.1754,0.104,3238.92
2016,12-36,30.0,0.0127,0.1754,0.104,18826.17
2016,12-36,30.0,0.5132,0.1754,0.104,10717.94
2016,12-36,30.0,0.0,0.1754,0.104,132607.9
2016,12-36,30.0,0.6496,0.1754,0.104,11253.76
2016,12-36,30.0,0.0101,0.1754,0.104,73727.6
2016,12-36,30.0,0.3252,0.1754,0.104,3362.32
2016,12-36,30.0,0.0,0.1754,0.104,32285.2
2016,12-36,31.0,0.0652,0.1754,0.104,4494.71
2016,12-36,31.0,0.5461,0.1754,0.104,5493.68
2016,12-36,31.0,0.0147,0.1754,0.104,88307.86
2016,12-36,31.0,0.021,0.1754,0.104,21016.37
2016,12-36,31.0,0.0696,0.1754,0.104,31228.17
2016,12-36,31.0,0.0682,0.1754,0.104,35941.79
2016,12-36,31.0,0.6811,0.1754,0.104,4713.04
2016,12-36,31.0,0.0859,0.1754,0.104,23091.65
2016,12-36,31.0,0.0484,0.1754,0.104,6201.23
2016,12-36,31.0,0.7048,0.1754,0.104,35890.08
2016,12-36,32.0,0.5502,0.1754,0.104,9072.02
2016,12-36,32.0,0.0131,0.1754,0.104,51052.21
2016,12-36,32.0,0.0382,0.1754,0.104,12988.33
2016,12-36,32.0,0.0,0.1754,0.104,2293.19
2016,12-36,32.0,0.0282,0.1754,0.104,89593.74
2016,12-36,32.0,0.2868,0.1754,0.104,15341.27
2016,12-36,32.0,0.5702,0.1754,0.104,16836.83
2016,12-36,33.0,0.4562,0.1754,0.104,4834.42
2016,12-36,33.0,0.0,0.1754,0.104,12118.95
2016,12-36,33.0,0.3429,0.1754,0.104,7912.97
2016,12-36,33.0,0.0492,0.1754,0.104,5519.55
2016,12-36,33.0,0.0,0.1754,0.104,1333.97
2016,12-36,33.0,0.0336,0.1754,0.104,32932.27
2016,12-36,33.0,0.0475,0.1754,0.104,9665.66
2016,12-36,33.0,0.1838,0.1754,0.104,25046.99
2016,12-36,34.0,0.3423,0.1754,0.104,10216.11
2016,12-36,34.0,0.0432,0.1754,0.104,14845.93
2016,12-36,34.0,0.0133,0.1754,0.104,50298.49
2016,12-36,34.0,0.2206,0.1754,0.104,9066.74
2016,12-36,34.0,0.7321,0.1754,0.104,1366.02
2016,12-36,34.0,0.1706,0.1754,0.104,5256.02
2016,12-36,34.0,0.7197,0.1754,0.104,5613.29
2016,12-36,34.0,0.0533,0.1754,0.104,9154.18
2016,12-36,35.0,0.0874,0.1754,0.104,11299.84
2016,12-36,35.0,0.0544,0.1754,0.104,7553.56
2016,12-36,35.0,0.0642,0.1754,0.104,26693.28
2016,12-36,35.0,0.0556,0.1754,0.104,26919.93
2016,12-36,35.0,0.0132,0.1754,0.104,69625.33
2016,12-36,35.0,0.0227,0.1754,0.104,81607.96
2016,12-36,35.0,0.4857,0.1754,0.104,5353.14
2016,12-36,35.0,0.5176,0.1754,0.104,20771.02
2016,12-36,35.0,0.0,0.1754,0.104,5514.71
2016,12-36,36.0,0.6887,0.1754,0.104,5808.31
2016,12-36,36.0,0.6308,0.1754,0.104,1585.19
2016,12-36,36.0,0.0,0.1754,0.104,40743.07
2016,12-36,36.0,0.0898,0.1754,0.104,33400.76
2016,12-36,36.0,0.0472,0.1754,0.104,13387.55
2016,12-36,36.0,0.058,0.1754,0.104,46308.32
2016,12-36,36.0,0.0533,0.1754,0.104,9380.7
2016,12-36,36.0,0.0792,0.1754,0.104,45000.33
2016,12-36,36.0,0.0984,0.1754,0.104,8093.91
2016,36-60,37.0,0.0124,0.1198,0.104,60729.69
2016,36-60,37.0,0.1006,0.1198,0.104,6414.86
2016,36-60,37.0,0.0286,0.1198,0.104,13568.21
2016,36-60,37.0,0.1132,0.1198,0.104,9106.98
2016,36-60,37.0,0.0484,0.1198,0.104,56288.23
2016,36-60,37.0,0.409,0.1198,0.104,5378.77
2016,36-60,37.0,0.1651,0.1198,0.104,7571.91
2016,36-60,38.0,0.0515,0.1198,0.104,4124.85
2016,36-60,38.0,0.0588,0.1198,0.104,10657.93
2016,36-60,38.0,0.0385,0.1198,0.104,11853.14
2016,36-60,38.0,0.0225,0.1198,0.104,33871.36
2016,36-60,38.0,0.0582,0.1198,0.104,12570.49
2016,36-60,38.0,0.429,0.1198,0.104,4196.07
2016,36-60,38.0,0.3286,0.1198,0.104,7968.59
2016,36-60,38.0,0.0928,0.1198,0.104,5685.0
2016,36-60,38.0,0.2141,0.1198,0.104,1684.27
2016,36-60,38.0,0.7636,0.1198,0.104,4210.61
2016,36-60,39.0,0.0285,0.1198,0.104,61425.08
2016,36-60,39.0,0.0385,0.1198,0.104,67173.64
2016,36-60,39.0,0.0352,0.1198,0.104,23276.89
2016,36-60,39.0,0.3442,0.1198,0.104,1162.28
2016,36-60,39.0,0.1318,0.1198,0.104,41278.14
2016,36-60,39.0,0.035,0.1198,0.104,5720.41
2016,36-60,39.0,0.2666,0.1198,0.104,3123.49
2016,36-60,39.0,0.0172,0.1198,0.104,127559.53
2016,36-60,39.0,0.0301,0.1198,0.104,3322.31
2016,36-60,39.0,0.0585,0.1198,0.104,6804.48
2016,36-60,40.0,0.5513,0.1198,0.104,2141.11
2016,36-60,40.0,0.2252,0.1198,0.104,2499.17
2016,36-60,40.0,0.276,0.1198,0.104,12185.94
2016,36-60,40.0,0.1384,0.1198,0.104,1757.15
2016,36-60,40.0,0.1979,0.1198,0.104,42505.56
2016,36-60,40.0,0.0262,0.1198,0.104,26735.49
2016,36-60,40.0,0.0999,0.1198,0.104,7815.75
2016,36-60,40.0,0.1854,0.1198,0.104,3215.04
2016,36-60,40.0,0.0261,0.1198,0.104,161833.83
2016,36-60,40.0,0.3046,0.1198,0.104,14075.4
2016,36-60,41.0,0.023,0.1198,0.104,64270.67
2016,36-60,41.0,0.1809,0.1198,0.104,2571.28
2016,36-60,41.0,0.5495,0.1198,0.104,17323.58
2016,36-60,41.0,0.0141,0.1198,0.104,47607.85
2016,36-60,41.0,0.2366,0.1198,0.104,6339.04
2016,36-60,41.0,0.3064,0.1198,0.104,2284.35
2016,36-60,41.0,0.0065,0.1198,0.104,29289.75
2016,36-60,41.0,0.0539,0.1198,0.104,20157.69
2016,36-60,41.0,0.5632,0.1198,0.104,10830.4
2016,36-60,41.0,0.0653,0.1198,0.104,2427.9
2016,36-60,42.0,0.6938,0.1198,0.104,3209.53
2016,36-60,42.0,0.0435,0.1198,0.104,4781.78
2016,36-60,42.0,0.0529,0.1198,0.104,55130.03
2016,36-60,42.0,0.0,0.1198,0.104,6370.76
2016,36-60,42.0,0.0,0.1198,0.104,20836.0
2016,36-60,42.0,0.0676,0.1198,0.104,1998.33
2016,36-60,42.0,0.1426,0.1198,0.104,4896.35
2016,36-60,42.0,0.2593,0.1198,0.104,4032.83
2016,36-60,42.0,0.1412,0.1198,0.104,4001.33
2016,36-60,43.0,0.0692,0.1198,0.104,1068.27
2016,36-60,43.0,0.0,0.1198,0.104,14414.99
2016,36-60,43.0,0.0638,0.1198,0.104,1572.44
2016,36-60,43.0,0.0128,0.1198,0.104,24520.78
2016,36-60,43.0,0.1367,0.1198,0.104,4872.82
2016,36-60,44.0,0.1055,0.1198,0.104,103293.33
2016,36-60,44.0,0.0716,0.1198,0.104,4127.95
2016,36-60,44.0,0.103,0.1198,0.104,8397.39
2016,36-60,44.0,0.4473,0.1198,0.104,1011.79
2016,36-60,45.0,0.0161,0.1198,0.104,91133.73
2016,36-60,45.0,0.3859,0.1198,0.104,5182.48
2016,36-60,45.0,0.0163,0.1198,0.104,25311.66
2016,36-60,45.0,0.0234,0.1198,0.104,124103.66
2016,36-60,45.0,0.0181,0.1198,0.104,30950.39
2016,36-60,45.0,0.0,0.1198,0.104,1332.13
2016,36-60,45.0,0.013,0.1198,0.104,24134.49
2016,36-60,45.0,0.0567,0.1198,0.104,29920.46
2016,36-60,45.0,0.5787,0.1198,0.104,4320.23
2016,36-60,45.0,0.1216,0.1198,0.104,35856.7
2016,36-60,46.0,0.1796,0.1198,0.104,4019.57
2016,36-60,46.0,0.3333,0.1198,0.104,6917.16
2016,36-60,46.0,0.0388,0.1198,0.104,86404.3
2016,36-60,46.0,0.1583,0.1198,0.104,3159.24
2016,36-60,46.0,0.0539,0.1198,0.104,52421.48
2016,36-60,46.0,0.1237,0.1198,0.104,17781.83
2016,36-60,46.0,0.1209,0.1198,0.104,19590.91
2016,36-60,46.0,0.0806,0.1198,0.104,3678.59
2016,36-60,47.0,0.2406,0.1198,0.104,4368.42
2016,36-60,47.0,0.0146,0.1198,0.104,45905.06
2016,36-60,47.0,0.0636,0.1198,0.104,39494.23
2016,36-60,47.0,0.1281,0.1198,0.104,3122.15
2016,36-60,47.0,0.2115,0.1198,0.104,13195.46
2016,36-60,47.0,0.1593,0.1198,0.104,41805.3
2016,36-60,47.0,0.2254,0.1198,0.104,3993.01
2016,36-60,47.0,0.2732,0.1198,0.104,2793.47
2016,36-60,47.0,0.3389,0.1198,0.104,49270.95
2016,36-60,48.0,0.072,0.1198,0.104,19199.44
2016,36-60,48.0,0.8764,0.1198,0.104,3422.94
2016,36-60,48.0,0.0106,0.1198,0.104,84627.63
2016,36-60,48.0,0.4903,0.1198,0.104,2039.49
2016,36-60,48.0,0.0514,0.1198,0.104,7875.47
2016,36-60,48.0,0.1071,0.1198,0.104,118256.36
2016,36-60,49.0,0.7981,0.1198,0.104,31324.28
2016,36-60,49.0,0.0,0.1198,0.104,24921.12
2016,36-60,49.0,0.0,0.1198,0.104,2549.63
2016,36-60,49.0,0.3898,0.1198,0.104,33350.17
2016,36-60,49.0,0.2537,0.1198,0.104,12405.72
2016,36-60,50.0,0.3917,0.1198,0.104,8936.51
2016,36-60,50.0,0.7157,0.1198,0.104,2794.3
2016,36-60,50.0,0.6984,0.1198,0.104,2863.69
2016,36-60,50.0,0.4525,0.1198,0.104,1589.92
2016,36-60,50.0,0.1016,0.1198,0.104,12200.37
2016,36-60,51.0,0.251,0.1198,0.104,2534.27
2016,36-60,51.0,0.0154,0.1198,0.104,33090.84
2016,36-60,51.0,0.2975,0.1198,0.104,1680.42
2016,36-60,51.0,0.242,0.1198,0.104,2826.6
2016,36-60,51.0,0.1247,0.1198,0.104,1603.7
2016,36-60,51.0,0.6267,0.1198,0.104,1595.69
2016,36-60,51.0,0.038,0.1198,0.104,29422.38
2016,36-60,52.0,0.0,0.1198,0.104,22930.33
2016,36-60,52.0,0.0198,0.1198,0.104,28332.57
2016,36-60,52.0,0.0888,0.1198,0.104,15403.02
2016,36-60,53.0,0.0141,0.1198,0.104,53317.61
2016,36-60,53.0,0.6165,0.1198,0.104,1079.81
2016,36-60,53.0,0.6858,0.1198,0.104,28098.67
2016,36-60,54.0,0.2725,0.1198,0.104,9883.99
2016,36-60,54.0,0.0337,0.1198,0.104,8709.53
2016,36-60,54.0,0.3618,0.1198,0.104,1030.54
2016,36-60,54.0,0.3678,0.1198,0.104,1334.94
2016,36-60,55.0,0.1261,0.1198,0.104,2532.92
2016,36-60,55.0,0.0144,0.1198,0.104,52348.55
2016,36-60,55.0,0.5429,0.1198,0.104,4789.32
2016,36-60,55.0,0.0184,0.1198,0.104,22629.13
2016,36-60,55.0,0.1009,0.1198,0.104,1893.96
2016,36-60,55.0,0.6431,0.1198,0.104,3824.78
2016,36-60,55.0,0.0228,0.1198,0.104,98315.54
2016,36-60,56.0,0.0111,0.1198,0.104,38413.95
2016,36-60,56.0,0.0227,0.1198,0.104,25977.09
2016,36-60,56.0,0.0144,0.1198,0.104,21916.93
2016,36-60,56.0,0.2147,0.1198,0.104,17019.5
2016,36-60,57.0,0.6526,0.1198,0.104,15170.27
2016,36-60,57.0,0.4584,0.1198,0.104,17453.14
2016,36-60,57.0,0.1472,0.1198,0.104,70213.27
2016,36-60,57.0,0.1313,0.1198,0.104,1522.73
2016,36-60,57.0,0.3097,0.1198,0.104,1009.9
2016,36-60,57.0,0.5888,0.1198,0.104,5179.59
2016,36-60,58.0,0.0992,0.1198,0.104,15119.42
2016,36-60,59.0,0.0477,0.1198,0.104,1654.94
2016,36-60,59.0,0.1792,0.1198,0.104,6767.43
2016,36-60,59.0,0.0234,0.1198,0.104,22662.37
2016,36-60,59.0,0.0588,0.1198,0.104,34038.82
2016,36-60,59.0,0.0,0.1198,0.104,6635.18
2016,36-60,59.0,0.0215,0.1198,0.104,19250.92
2016,36-60,60.0,0.0934,0.1198,0.104,4449.25
2016,36-60,60.0,0.0433,0.1198,0.104,5168.95
2016,36-60,60.0,0.0217,0.1198,0.104,25834.64
2016,60-120,61.0,0.0992,0.1222,0.104,5693.01
2016,60-120,61.0,0.0,0.1222,0.104,2173.81
2016,60-120,61.0,0.0,0.1222,0.104,2371.8
2016,60-120,62.0,0.1193,0.1222,0.104,12571.43
2016,60-120,62.0,0.0391,0.1222,0.104,2559.76
2016,60-120,62.0,0.4224,0.1222,0.104,24384.49
2016,60-120,63.0,0.0647,0.1222,0.104,4375.28
2016,60-120,63.0,0.615,0.1222,0.104,1824.48
2016,60-120,63.0,0.103,0.1222,0.104,6927.79
2016,60-120,64.0,0.268,0.1222,0.104,3790.87
2016,60-120,64.0,0.0131,0.1222,0.104,110800.89
2016,60-120,64.0,0.0253,0.1222,0.104,45395.39
2016,60-120,65.0,0.0909,0.1222,0.104,5500.48
2016,60-120,65.0,0.0727,0.1222,0.104,3894.81
2016,60-120,65.0,0.5766,0.1222,0.104,26016.66
2016,60-120,65.0,0.3266,0.1222,0.104,9184.33
2016,60-120,66.0,0.027,0.1222,0.104,14870.14
2016,60-120,66.0,0.0113,0.1222,0.104,79850.05
2016,60-120,66.0,0.5256,0.1222,0.104,3804.96
2016,60-120,67.0,0.0132,0.1222,0.104,110078.97
2016,60-120,67.0,0.0621,0.1222,0.104,19589.93
2016,60-120,67.0,0.0337,0.1222,0.104,10931.67
2016,60-120,68.0,0.0504,0.1222,0.104,4962.06
2016,60-120,68.0,0.1439,0.1222,0.104,3695.92
2016,60-120,68.0,0.753,0.1222,0.104,13014.14
2016,60-120,68.0,0.0,0.1222,0.104,3490.91
2016,60-120,68.0,0.8382,0.1222,0.104,11930.45
2016,60-120,69.0,0.1406,0.1222,0.104,4268.2
2016,60-120,69.0,0.3387,0.1222,0.104,1667.9
2016,60-120,69.0,0.0356,0.1222,0.104,10349.21
2016,60-120,69.0,0.8412,0.1222,0.104,11887.36
2016,60-120,70.0,0.8107,0.1222,0.104,3700.71
2016,60-120,71.0,0.0349,0.1222,0.104,18104.32
2016,60-120,71.0,0.0191,0.1222,0.104,44917.18
2016,60-120,71.0,0.0138,0.1222,0.104,105667.99
2016,60-120,71.0,0.9345,0.1222,0.104,1230.58
2016,60-120,71.0,0.0,0.1222,0.104,4632.25
2016,60-120,72.0,0.0123,0.1222,0.104,72946.77
2016,60-120,72.0,0.225,0.1222,0.104,44435.9
2016,60-120,72.0,0.3581,0.1222,0.104,20728.93
2016,60-120,73.0,0.037,0.1222,0.104,17109.95
2016,60-120,73.0,0.0,0.1222,0.104,9346.95
2016,60-120,73.0,0.2033,0.1222,0.104,24598.94
2016,60-120,74.0,0.0279,0.1222,0.104,20106.61
2016,60-120,74.0,0.0978,0.1222,0.104,5111.88
2016,60-120,74.0,0.3531,0.1222,0.104,29515.16
2016,60-120,74.0,0.4204,0.1222,0.104,7135.6
2016,60-120,75.0,0.0179,0.1222,0.104,42120.66
2016,60-120,75.0,0.6438,0.1222,0.104,17863.51
2016,60-120,75.0,0.0,0.1222,0.104,17998.57
2016,60-120,76.0,0.0209,0.1222,0.104,99449.19
2016,60-120,76.0,0.539,0.1222,0.104,11131.05
2016,60-120,76.0,0.2589,0.1222,0.104,1622.12
2016,60-120,77.0,0.0,0.1222,0.104,5317.55
2016,60-120,78.0,0.0373,0.1222,0.104,10744.28
2016,60-120,78.0,0.0216,0.1222,0.104,56519.6
2016,60-120,78.0,0.0351,0.1222,0.104,22772.93
2016,60-120,79.0,0.1743,0.1222,0.104,3442.0
2016,60-120,80.0,0.0396,0.1222,0.104,10120.18
2016,60-120,80.0,0.8409,0.1222,0.104,1189.16
2016,60-120,80.0,0.051,0.1222,0.104,7219.03
2016,60-120,81.0,0.2755,0.1222,0.104,18150.94
2016,60-120,81.0,0.9142,0.1222,0.104,10938.05
2016,60-120,82.0,0.0,0.1222,0.104,11663.41
2016,60-120,82.0,0.472,0.1222,0.104,1483.2
2016,60-120,83.0,0.023,0.1222,0.104,35995.13
2016,60-120,83.0,0.1003,0.1222,0.104,9972.03
2016,60-120,83.0,0.0223,0.1222,0.104,38448.7
2016,60-120,84.0,0.0241,0.1222,0.104,50684.55
2016,60-120,84.0,0.0357,0.1222,0.104,12815.67
2016,60-120,84.0,0.0426,0.1222,0.104,12032.63
2016,60-120,85.0,0.0578,0.1222,0.104,10950.84
2016,60-120,85.0,0.3511,0.1222,0.104,113938.49
2016,60-120,86.0,0.0255,0.1222,0.104,47937.42
2016,60-120,86.0,0.1916,0.1222,0.104,1044.1
2016,60-120,88.0,0.1006,0.1222,0.104,14904.05
2016,60-120,89.0,0.0269,0.1222,0.104,45501.15
2016,60-120,90.0,0.0547,0.1222,0.104,44681.5
2016,60-120,92.0,0.2109,0.1222,0.104,9481.58
2017,12-36,13.0,0.0259,0.1754,0.1212,11043.93
2017,12-36,13.0,0.272,0.1754,0.1212,7353.97
2017,12-36,13.0,0.4643,0.1754,0.1212,2153.75
2017,12-36,13.0,0.3671,0.1754,0.1212,12020.8
2017,12-36,13.0,0.0245,0.1754,0.1212,8059.82
2017,12-36,14.0,0.6523,0.1754,0.1212,14563.66
2017,12-36,14.0,0.4229,0.1754,0.1212,7384.64
2017,12-36,14.0,0.1288,0.1754,0.1212,9229.05
2017,12-36,14.0,0.3188,0.1754,0.1212,1568.4
2017,12-36,14.0,0.5917,0.1754,0.1212,13519.59
2017,12-36,15.0,0.0577,0.1754,0.1212,10799.54
2017,12-36,15.0,0.6544,0.1754,0.1212,1528.1
2017,12-36,15.0,0.1615,0.1754,0.1212,16597.76
2017,12-36,15.0,0.0148,0.1754,0.1212,39485.45
2017,12-36,15.0,0.4905,0.1754,0.1212,8154.63
2017,12-36,15.0,0.4897,0.1754,0.1212,10797.07
2017,12-36,15.0,0.0995,0.1754,0.1212,7354.02
2017,12-36,16.0,0.1251,0.1754,0.1212,7148.01
2017,12-36,16.0,0.1057,0.1754,0.1212,29407.85
2017,12-36,16.0,0.0261,0.1754,0.1212,24379.63
2017,12-36,16.0,0.349,0.1754,0.1212,8532.86
2017,12-36,16.0,0.0327,0.1754,0.1212,7953.45
2017,12-36,16.0,0.0763,0.1754,0.1212,17296.13
2017,12-36,16.0,0.0197,0.1754,0.1212,66074.29
2017,12-36,16.0,0.0,0.1754,0.1212,11575.01
2017,12-36,16.0,0.2899,0.1754,0.1212,40246.15
2017,12-36,16.0,0.0573,0.1754,0.1212,3794.98
2017,12-36,17.0,0.0341,0.1754,0.1212,65047.27
2017,12-36,17.0,0.3364,0.1754,0.1212,2032.24
2017,12-36,17.0,0.1889,0.1754,0.1212,18135.08
2017,12-36,17.0,0.0297,0.1754,0.1212,3693.3
2017,12-36,17.0,0.044,0.1754,0.1212,11372.91
2017,12-36,17.0,0.098,0.1754,0.1212,10418.41
2017,12-36,17.0,0.3173,0.1754,0.1212,5279.4
2017,12-36,17.0,0.3999,0.1754,0.1212,17641.01
2017,12-36,17.0,0.6568,0.1754,0.1212,6394.92
2017,12-36,18.0,0.0552,0.1754,0.1212,5242.17
2017,12-36,18.0,0.0988,0.1754,0.1212,7390.44
2017,12-36,18.0,0.0898,0.1754,0.1212,16921.94
2017,12-36,18.0,0.0525,0.1754,0.1212,3806.78
2017,12-36,18.0,0.2826,0.1754,0.1212,1017.93
2017,12-36,18.0,0.3003,0.1754,0.1212,92003.16
2017,12-36,18.0,0.0,0.1754,0.1212,2512.14
2017,12-36,18.0,0.5691,0.1754,0.1212,4393.25
2017,12-36,18.0,0.0406,0.1754,0.1212,3141.8
2017,12-36,19.0,0.2028,0.1754,0.1212,21022.2
2017,12-36,19.0,0.4623,0.1754,0.1212,21632.16
2017,12-36,19.0,0.0,0.1754,0.1212,3668.55
2017,12-36,19.0,0.0516,0.1754,0.1212,43091.52
2017,12-36,19.0,0.0368,0.1754,0.1212,9909.01
2017,12-36,19.0,0.0852,0.1754,0.1212,7499.9
2017,12-36,19.0,0.0515,0.1754,0.1212,64909.31
2017,12-36,19.0,0.1109,0.1754,0.1212,30316.0
2017,12-36,19.0,0.0582,0.1754,0.1212,7204.87
2017,12-36,19.0,0.032,0.1754,0.1212,88991.87
2017,12-36,20.0,0.373,0.1754,0.1212,34286.13
2017,12-36,20.0,0.4651,0.1754,0.1212,8601.04
2017,12-36,20.0,0.4392,0.1754,0.1212,17075.5
2017,12-36,20.0,0.5627,0.1754,0.1212,1138.16
2017,12-36,20.0,0.4053,0.1754,0.1212,6353.72
2017,12-36,20.0,0.5872,0.1754,0.1212,4890.25
2017,12-36,20.0,0.3875,0.1754,0.1212,27142.82
2017,12-36,20.0,0.2522,0.1754,0.1212,40947.25
2017,12-36,20.0,0.9091,0.1754,0.1212,1099.97
2017,12-36,21.0,0.1052,0.1754,0.1212,4751.54
2017,12-36,21.0,0.0117,0.1754,0.1212,63431.78
2017,12-36,21.0,0.3009,0.1754,0.1212,3323.85
2017,12-36,21.0,0.0871,0.1754,0.1212,42863.82
2017,12-36,21.0,0.0676,0.1754,0.1212,2551.96
2017,12-36,21.0,0.0334,0.1754,0.1212,21501.21
2017,12-36,21.0,0.0469,0.1754,0.1212,42612.82
2017,12-36,21.0,0.0438,0.1754,0.1212,15323.21
2017,12-36,21.0,0.6009,0.1754,0.1212,12148.44
2017,12-36,22.0,0.0723,0.1754,0.1212,17010.01
2017,12-36,22.0,0.1076,0.1754,0.1212,8444.88
2017,12-36,22.0,0.4817,0.1754,0.1212,11417.5
2017,12-36,22.0,0.1327,0.1754,0.1212,75609.5
2017,12-36,22.0,0.0885,0.1754,0.1212,27394.78
2017,12-36,22.0,0.0431,0.1754,0.1212,86291.71
2017,12-36,22.0,0.0105,0.1754,0.1212,47793.41
2017,12-36,22.0,0.1899,0.1754,0.1212,30788.97
2017,12-36,22.0,0.053,0.1754,0.1212,14660.93
2017,12-36,22.0,0.0327,0.1754,0.1212,56343.84
2017,12-36,22.0,0.0324,0.1754,0.1212,10156.52
2017,12-36,22.0,0.0248,0.1754,0.1212,26879.55
2017,12-36,22.0,0.1833,0.1754,0.1212,123092.44
2017,12-36,22.0,0.0718,0.1754,0.1212,2742.37
2017,12-36,22.0,0.1808,0.1754,0.1212,1853.42
2017,12-36,23.0,0.0251,0.1754,0.1212,25713.33
2017,12-36,23.0,0.0207,0.1754,0.1212,79913.39
2017,12-36,23.0,0.2166,0.1754,0.1212,2242.97
2017,12-36,23.0,0.0467,0.1754,0.1212,31045.53
2017,12-36,23.0,0.0328,0.1754,0.1212,18552.52
2017,12-36,23.0,0.2876,0.1754,0.1212,181582.14
2017,12-36,23.0,0.1064,0.1754,0.1212,12966.48
2017,12-36,23.0,0.1214,0.1754,0.1212,1976.49
2017,12-36,23.0,0.1663,0.1754,0.1212,1048.74
2017,12-36,23.0,0.0315,0.1754,0.1212,1906.44
2017,12-36,23.0,0.2399,0.1754,0.1212,6252.65
2017,12-36,23.0,0.0771,0.1754,0.1212,63510.43
2017,12-36,23.0,0.0846,0.1754,0.1212,5020.1
2017,12-36,23.0,0.1601,0.1754,0.1212,1819.84
2017,12-36,24.0,0.0287,0.1754,0.1212,6503.6
2017,12-36,24.0,0.0766,0.1754,0.1212,4356.5
2017,12-36,24.0,0.0669,0.1754,0.1212,85484.69
2017,12-36,24.0,0.0107,0.1754,0.1212,47169.19
2017,12-36,24.0,0.1843,0.1754,0.1212,5785.69
2017,12-36,24.0,0.0,0.1754,0.1212,8460.54
2017,12-36,24.0,0.0926,0.1754,0.1212,5542.92
2017,12-36,24.0,0.1136,0.1754,0.1212,2166.53
2017,12-36,24.0,0.1521,0.1754,0.1212,1728.87
2017,12-36,24.0,0.2455,0.1754,0.1212,125243.78
2017,12-36,25.0,0.1033,0.1754,0.1212,4961.66
2017,12-36,25.0,0.123,0.1754,0.1212,5789.44
2017,12-36,25.0,0.0,0.1754,0.1212,2064.58
2017,12-36,25.0,0.3223,0.1754,0.1212,6159.17
2017,12-36,25.0,0.4242,0.1754,0.1212,7072.71
2017,12-36,25.0,0.0106,0.1754,0.1212,54231.35
2017,12-36,25.0,0.0359,0.1754,0.1212,3396.13
2017,12-36,25.0,0.0235,0.1754,0.1212,8505.91
2017,12-36,25.0,0.1996,0.1754,0.1212,30337.78
2017,12-36,25.0,0.0067,0.1754,0.1212,133763.67
2017,12-36,25.0,0.0812,0.1754,0.1212,23880.88
2017,12-36,25.0,0.1196,0.1754,0.1212,43868.31
2017,12-36,25.0,0.1209,0.1754,0.1212,8388.11
2017,12-36,25.0,0.1872,0.1754,0.1212,10147.63
2017,12-36,25.0,0.0136,0.1754,0.1212,24270.31
2017,12-36,26.0,0.0701,0.1754,0.1212,41348.72
2017,12-36,26.0,0.2011,0.1754,0.1212,3142.54
2017,12-36,26.0,0.1981,0.1754,0.1212,54621.67
2017,12-36,26.0,0.8866,0.1754,0.1212,3383.61
2017,12-36,26.0,0.0498,0.1754,0.1212,12363.38
2017,12-36,26.0,0.0509,0.1754,0.1212,32526.12
2017,12-36,26.0,0.064,0.1754,0.1212,3233.83
2017,12-36,26.0,0.207,0.1754,0.1212,2061.97
2017,12-36,26.0,0.9857,0.1754,0.1212,4565.34
2017,12-36,26.0,0.824,0.1754,0.1212,4975.77
2017,12-36,26.0,0.4677,0.1754,0.1212,3496.28
2017,12-36,26.0,0.1645,0.1754,0.1212,8670.99
2017,12-36,26.0,0.0769,0.1754,0.1212,93953.88
2017,12-36,26.0,0.027,0.1754,0.1212,6046.03
2017,12-36,26.0,0.8818,0.1754,0.1212,4536.13
2017,12-36,27.0,0.0752,0.1754,0.1212,6914.16
2017,12-36,27.0,0.0163,0.1754,0.1212,60166.07
2017,12-36,27.0,0.0,0.1754,0.1212,3747.2
2017,12-36,27.0,0.1146,0.1754,0.1212,8878.92
2017,12-36,27.0,0.1878,0.1754,0.1212,6976.71
2017,12-36,27.0,0.0338,0.1754,0.1212,54894.93
2017,12-36,27.0,0.0378,0.1754,0.1212,9533.02
2017,12-36,27.0,0.1822,0.1754,0.1212,1340.44
2017,12-36,27.0,0.5586,0.1754,0.1212,10808.67
2017,12-36,27.0,0.0292,0.1754,0.1212,10975.67
2017,12-36,27.0,0.0488,0.1754,0.1212,59283.83
2017,12-36,27.0,0.1354,0.1754,0.1212,7579.82
2017,12-36,27.0,0.0626,0.1754,0.1212,8938.3
2017,12-36,28.0,0.1495,0.1754,0.1212,2874.85
2017,12-36,28.0,0.0749,0.1754,0.1212,16167.22
2017,12-36,28.0,0.0111,0.1754,0.1212,73245.15
2017,12-36,28.0,0.0183,0.1754,0.1212,51004.06
2017,12-36,28.0,0.3957,0.1754,0.1212,29091.46
2017,12-36,28.0,0.0496,0.1754,0.1212,1719.41
2017,12-36,28.0,0.3642,0.1754,0.1212,42269.31
2017,12-36,28.0,0.0109,0.1754,0.1212,45905.8
2017,12-36,28.0,0.0241,0.1754,0.1212,134251.33
2017,12-36,28.0,0.0335,0.1754,0.1212,212746.25
2017,12-36,28.0,0.1581,0.1754,0.1212,8759.4
2017,12-36,28.0,0.044,0.1754,0.1212,71804.59
2017,12-36,28.0,0.0495,0.1754,0.1212,15338.76
2017,12-36,28.0,0.0,0.1754,0.1212,2444.31
2017,12-36,28.0,0.6131,0.1754,0.1212,7457.73
2017,12-36,29.0,0.0712,0.1754,0.1212,2202.08
2017,12-36,29.0,0.2425,0.1754,0.1212,16497.06
2017,12-36,29.0,0.4824,0.1754,0.1212,25162.01
2017,12-36,29.0,0.0,0.1754,0.1212,161219.61
2017,12-36,29.0,0.0272,0.1754,0.1212,22088.05
2017,12-36,29.0,0.453,0.1754,0.1212,2207.69
2017,12-36,29.0,0.7875,0.1754,0.1212,1269.82
2017,12-36,29.0,0.0906,0.1754,0.1212,3069.26
2017,12-36,29.0,0.0549,0.1754,0.1212,81738.6
2017,12-36,29.0,0.0257,0.1754,0.1212,8345.35
2017,12-36,29.0,0.0743,0.1754,0.1212,12226.16
2017,12-36,30.0,0.0965,0.1754,0.1212,4623.27
2017,12-36,30.0,0.2256,0.1754,0.1212,1399.11
2017,12-36,30.0,0.4809,0.1754,0.1212,2318.38
2017,12-36,30.0,0.1017,0.1754,0.1212,22872.25
2017,12-36,30.0,0.1569,0.1754,0.1212,5919.56
2017,12-36,30.0,0.4485,0.1754,0.1212,2229.44
2017,12-36,30.0,0.0136,0.1754,0.1212,115139.91
2017,12-36,30.0,0.0428,0.1754,0.1212,10946.96
2017,12-36,30.0,0.3015,0.1754,0.1212,11414.09
2017,12-36,30.0,0.0371,0.1754,0.1212,7681.59
2017,12-36,30.0,0.0793,0.1754,0.1212,13721.98
2017,12-36,30.0,0.0263,0.1754,0.1212,8161.26
2017,12-36,31.0,0.0816,0.1754,0.1212,6146.28
2017,12-36,31.0,0.0569,0.1754,0.1212,5785.1
2017,12-36,31.0,0.916,0.1754,0.1212,1091.72
2017,12-36,31.0,0.0423,0.1754,0.1212,2662.68
2017,12-36,31.0,0.2504,0.1754,0.1212,6390.66
2017,12-36,31.0,0.1189,0.1754,0.1212,4204.52
2017,12-36,31.0,0.0812,0.1754,0.1212,1605.33
2017,12-36,31.0,0.0738,0.1754,0.1212,3095.48
2017,12-36,31.0,0.0323,0.1754,0.1212,8340.53
2017,12-36,31.0,0.3614,0.1754,0.1212,63245.97
2017,12-36,31.0,0.8447,0.1754,0.1212,2889.43
2017,12-36,32.0,0.0421,0.1754,0.1212,15399.15
2017,12-36,32.0,0.0465,0.1754,0.1212,8098.46
2017,12-36,32.0,0.1907,0.1754,0.1212,1048.63
2017,12-36,32.0,0.0261,0.1754,0.1212,22202.39
2017,12-36,32.0,0.1993,0.1754,0.1212,3461.53
2017,12-36,32.0,0.055,0.1754,0.1212,10299.04
2017,12-36,32.0,0.0496,0.1754,0.1212,12846.1
2017,12-36,32.0,0.0182,0.1754,0.1212,32033.87
2017,12-36,32.0,0.4158,0.1754,0.1212,2338.25
2017,12-36,32.0,0.088,0.1754,0.1212,3409.47
2017,12-36,32.0,0.2856,0.1754,0.1212,42134.24
2017,12-36,32.0,0.4445,0.1754,0.1212,1327.43
2017,12-36,33.0,0.0455,0.1754,0.1212,4761.25
2017,12-36,33.0,0.0,0.1754,0.1212,29864.9
2017,12-36,33.0,0.3035,0.1754,0.1212,8895.63
2017,12-36,33.0,0.0819,0.1754,0.1212,4962.75
2017,12-36,33.0,0.0815,0.1754,0.1212,6136.48
2017,12-36,33.0,0.2437,0.1754,0.1212,11493.52
2017,12-36,33.0,0.0,0.1754,0.1212,61989.07
2017,12-36,33.0,0.1817,0.1754,0.1212,63690.87
2017,12-36,33.0,0.2773,0.1754,0.1212,4595.07
2017,12-36,33.0,0.0379,0.1754,0.1212,41319.08
2017,12-36,33.0,0.1363,0.1754,0.1212,5663.12
2017,12-36,33.0,0.1909,0.1754,0.1212,11524.16
2017,12-36,33.0,0.6252,0.1754,0.1212,6493.96
2017,12-36,33.0,0.1319,0.1754,0.1212,2274.22
2017,12-36,34.0,0.0268,0.1754,0.1212,6435.25
2017,12-36,34.0,0.0358,0.1754,0.1212,86414.43
2017,12-36,34.0,0.0,0.1754,0.1212,6165.22
2017,12-36,34.0,0.0,0.1754,0.1212,16335.56
2017,12-36,34.0,0.1063,0.1754,0.1212,10345.37
2017,12-36,34.0,0.1465,0.1754,0.1212,1365.62
2017,12-36,34.0,0.0363,0.1754,0.1212,9927.98
2017,12-36,34.0,0.0633,0.1754,0.1212,5841.62
2017,12-36,35.0,0.2577,0.1754,0.1212,1301.81
2017,12-36,35.0,0.0478,0.1754,0.1212,10352.4
2017,12-36,35.0,0.0,0.1754,0.1212,133212.74
2017,12-36,35.0,0.2146,0.1754,0.1212,6524.56
2017,12-36,35.0,0.9087,0.1754,0.1212,1540.69
2017,12-36,35.0,0.0449,0.1754,0.1212,5010.74
2017,12-36,35.0,0.1775,0.1754,0.1212,59747.33
2017,12-36,35.0,0.4087,0.1754,0.1212,4893.33
2017,12-36,35.0,0.0297,0.1754,0.1212,80019.28
2017,12-36,35.0,0.1589,0.1754,0.1212,6432.2
2017,12-36,35.0,0.057,0.1754,0.1212,42068.77
2017,12-36,36.0,0.1885,0.1754,0.1212,4787.01
2017,12-36,36.0,0.0,0.1754,0.1212,10810.76
2017,12-36,36.0,0.8876,0.1754,0.1212,3788.69
2017,12-36,36.0,0.0489,0.1754,0.1212,4293.63
2017,12-36,36.0,0.132,0.1754,0.1212,10146.8
2017,12-36,36.0,0.7612,0.1754,0.1212,6568.93
2017,12-36,36.0,0.1225,0.1754,0.1212,65312.3
2017,12-36,36.0,0.0565,0.1754,0.1212,71408.58
2017,12-36,36.0,0.0623,0.1754,0.1212,11953.1
2017,12-36,36.0,0.3501,0.1754,0.1212,23248.66
2017,12-36,36.0,0.3743,0.1754,0.1212,33303.74
2017,12-36,36.0,0.0304,0.1754,0.1212,1643.66
2017,12-36,36.0,0.4832,0.1754,0.1212,20693.62
2017,36-60,37.0,0.0375,0.1198,0.1212,24704.19
2017,36-60,37.0,0.2341,0.1198,0.1212,15809.34
2017,36-60,37.0,0.544,0.1198,0.1212,2757.39
2017,36-60,37.0,0.052,0.1198,0.1212,3966.3
2017,36-60,37.0,0.0339,0.1198,0.1212,31980.51
2017,36-60,37.0,0.0638,0.1198,0.1212,5045.48
2017,36-60,37.0,0.7961,0.1198,0.1212,7537.08
2017,36-60,37.0,0.2058,0.1198,0.1212,1214.64
2017,36-60,38.0,0.0291,0.1198,0.1212,22008.68
2017,36-60,38.0,0.1114,0.1198,0.1212,12254.8
2017,36-60,38.0,0.4358,0.1198,0.1212,1376.75
2017,36-60,38.0,0.0495,0.1198,0.1212,112340.32
2017,36-60,38.0,0.0654,0.1198,0.1212,12929.17
2017,36-60,38.0,0.2772,0.1198,0.1212,7005.79
2017,36-60,38.0,0.564,0.1198,0.1212,2305.05
2017,36-60,38.0,0.0376,0.1198,0.1212,9827.63
2017,36-60,38.0,0.0,0.1198,0.1212,2630.08
2017,36-60,39.0,0.225,0.1198,0.1212,44437.57
2017,36-60,39.0,0.5583,0.1198,0.1212,1387.17
2017,36-60,39.0,0.0149,0.1198,0.1212,51943.57
2017,36-60,39.0,0.658,0.1198,0.1212,3799.62
2017,36-60,39.0,0.1476,0.1198,0.1212,7364.81
2017,36-60,39.0,0.0233,0.1198,0.1212,49458.21
2017,36-60,39.0,0.1335,0.1198,0.1212,2995.38
2017,36-60,39.0,0.1442,0.1198,0.1212,33415.52
2017,36-60,39.0,0.4267,0.1198,0.1212,24035.11
2017,36-60,39.0,0.993,0.1198,0.1212,1007.1
2017,36-60,40.0,0.0909,0.1198,0.1212,5974.7
2017,36-60,40.0,0.0,0.1198,0.1212,130917.28
2017,36-60,40.0,0.7035,0.1198,0.1212,114761.31
2017,36-60,40.0,0.1193,0.1198,0.1212,6385.67
2017,36-60,40.0,0.4559,0.1198,0.1212,30706.41
2017,36-60,40.0,0.0,0.1198,0.1212,3765.4
2017,36-60,41.0,0.1943,0.1198,0.1212,1942.06
2017,36-60,41.0,0.0436,0.1198,0.1212,9793.47
2017,36-60,41.0,0.0141,0.1198,0.1212,81068.05
2017,36-60,41.0,0.0135,0.1198,0.1212,54952.04
2017,36-60,41.0,0.671,0.1198,0.1212,6259.68
2017,36-60,41.0,0.0664,0.1198,0.1212,15051.0
2017,36-60,41.0,0.8969,0.1198,0.1212,3345.01
2017,36-60,41.0,0.1116,0.1198,0.1212,7253.67
2017,36-60,42.0,0.5397,0.1198,0.1212,8691.4
2017,36-60,42.0,0.1971,0.1198,0.1212,7609.16
2017,36-60,42.0,0.071,0.1198,0.1212,10301.93
2017,36-60,42.0,0.4907,0.1198,0.1212,1346.39
2017,36-60,42.0,0.0166,0.1198,0.1212,71749.65
2017,36-60,42.0,0.0121,0.1198,0.1212,45727.3
2017,36-60,42.0,0.1216,0.1198,0.1212,13378.2
2017,36-60,42.0,0.0436,0.1198,0.1212,7331.24
2017,36-60,42.0,0.5196,0.1198,0.1212,20224.99
2017,36-60,43.0,0.0217,0.1198,0.1212,74621.49
2017,36-60,43.0,0.5148,0.1198,0.1212,14567.96
2017,36-60,43.0,0.0377,0.1198,0.1212,96334.87
2017,36-60,43.0,0.2553,0.1198,0.1212,13910.3
2017,36-60,43.0,0.2776,0.1198,0.1212,11673.0
2017,36-60,44.0,0.1402,0.1198,0.1212,6163.07
2017,36-60,44.0,0.1354,0.1198,0.1212,90060.39
2017,36-60,44.0,0.5863,0.1198,0.1212,3923.01
2017,36-60,44.0,0.1585,0.1198,0.1212,6313.96
2017,36-60,44.0,0.1284,0.1198,0.1212,3224.1
2017,36-60,44.0,0.2977,0.1198,0.1212,2015.48
2017,36-60,44.0,0.1236,0.1198,0.1212,1679.91
2017,36-60,44.0,0.6267,0.1198,0.1212,4786.92
2017,36-60,44.0,0.0259,0.1198,0.1212,75229.76
2017,36-60,44.0,0.0575,0.1198,0.1212,9228.66
2017,36-60,45.0,0.398,0.1198,0.1212,16333.61
2017,36-60,45.0,0.0681,0.1198,0.1212,2022.1
2017,36-60,45.0,0.3654,0.1198,0.1212,27365.87
2017,36-60,45.0,0.0444,0.1198,0.1212,4985.15
2017,36-60,45.0,0.0783,0.1198,0.1212,27114.24
2017,36-60,45.0,0.0173,0.1198,0.1212,44324.26
2017,36-60,45.0,0.5379,0.1198,0.1212,3829.41
2017,36-60,45.0,0.0534,0.1198,0.1212,9779.85
2017,36-60,45.0,0.07,0.1198,0.1212,12975.62
2017,36-60,46.0,0.0343,0.1198,0.1212,5023.43
2017,36-60,46.0,0.0239,0.1198,0.1212,40160.57
2017,36-60,46.0,0.0156,0.1198,0.1212,71583.76
2017,36-60,46.0,0.0564,0.1198,0.1212,3586.71
2017,36-60,46.0,0.0595,0.1198,0.1212,1281.29
2017,36-60,46.0,0.1768,0.1198,0.1212,19791.9
2017,36-60,47.0,0.0994,0.1198,0.1212,2162.74
2017,36-60,47.0,0.1115,0.1198,0.1212,3629.84
2017,36-60,47.0,0.0648,0.1198,0.1212,6921.43
2017,36-60,47.0,0.2187,0.1198,0.1212,4104.01
2017,36-60,47.0,0.2885,0.1198,0.1212,4322.39
2017,36-60,47.0,0.091,0.1198,0.1212,2415.01
2017,36-60,48.0,0.5752,0.1198,0.1212,8693.15
2017,36-60,48.0,0.118,0.1198,0.1212,25429.66
2017,36-60,48.0,0.0,0.1198,0.1212,6640.47
2017,36-60,48.0,0.2642,0.1198,0.1212,3781.25
2017,36-60,48.0,0.0321,0.1198,0.1212,46761.87
2017,36-60,48.0,0.3481,0.1198,0.1212,2873.03
2017,36-60,49.0,0.0,0.1198,0.1212,63410.47
2017,36-60,49.0,0.3099,0.1198,0.1212,1936.02
2017,36-60,49.0,0.1167,0.1198,0.1212,32945.08
2017,36-60,49.0,0.1561,0.1198,0.1212,1921.55
2017,36-60,49.0,0.1415,0.1198,0.1212,43773.87
2017,36-60,49.0,0.0504,0.1198,0.1212,5252.13
2017,36-60,50.0,0.3514,0.1198,0.1212,4879.88
2017,36-60,50.0,0.2288,0.1198,0.1212,4806.84
2017,36-60,50.0,0.3124,0.1198,0.1212,2716.54
2017,36-60,50.0,0.2184,0.1198,0.1212,2916.51
2017,36-60,50.0,0.2227,0.1198,0.1212,1122.73
2017,36-60,51.0,0.2476,0.1198,0.1212,3542.56
2017,36-60,51.0,0.2135,0.1198,0.1212,13437.9
2017,36-60,51.0,0.2389,0.1198,0.1212,29299.81
2017,36-60,51.0,0.0132,0.1198,0.1212,41785.23
2017,36-60,51.0,0.0839,0.1198,0.1212,13607.35
2017,36-60,51.0,0.4253,0.1198,0.1212,1410.77
2017,36-60,52.0,0.3402,0.1198,0.1212,2819.6
2017,36-60,52.0,0.0184,0.1198,0.1212,39383.73
2017,36-60,52.0,0.42,0.1198,0.1212,1666.57
2017,36-60,53.0,0.0138,0.1198,0.1212,46826.82
2017,36-60,53.0,0.139,0.1198,0.1212,14389.05
2017,36-60,53.0,0.04,0.1198,0.1212,49988.0
2017,36-60,53.0,0.1591,0.1198,0.1212,1108.43
2017,36-60,53.0,0.0373,0.1198,0.1212,3481.27
2017,36-60,53.0,0.8182,0.1198,0.1212,2569.02
2017,36-60,53.0,0.2725,0.1198,0.1212,19521.77
2017,36-60,53.0,0.8183,0.1198,0.1212,3666.35
2017,36-60,54.0,0.2808,0.1198,0.1212,2604.74
2017,36-60,54.0,0.0224,0.1198,0.1212,34532.89
2017,36-60,54.0,0.0397,0.1198,0.1212,7439.65
2017,36-60,54.0,0.0749,0.1198,0.1212,4271.86
2017,36-60,54.0,0.0564,0.1198,0.1212,29737.05
2017,36-60,54.0,0.5441,0.1198,0.1212,1231.42
2017,36-60,54.0,0.0957,0.1198,0.1212,1044.4
2017,36-60,55.0,0.0129,0.1198,0.1212,73270.34
2017,36-60,55.0,0.0765,0.1198,0.1212,16012.57
2017,36-60,55.0,0.0,0.1198,0.1212,32533.78
2017,36-60,55.0,0.3678,0.1198,0.1212,1903.44
2017,36-60,56.0,0.406,0.1198,0.1212,24630.44
2017,36-60,56.0,0.0,0.1198,0.1212,99479.86
2017,36-60,56.0,0.1006,0.1198,0.1212,6196.68
2017,36-60,57.0,0.5772,0.1198,0.1212,17324.41
2017,36-60,57.0,0.0884,0.1198,0.1212,1480.37
2017,36-60,58.0,0.0142,0.1198,0.1212,57379.53
2017,36-60,58.0,0.0207,0.1198,0.1212,33556.07
2017,36-60,58.0,0.2611,0.1198,0.1212,2093.36
2017,36-60,58.0,0.4885,0.1198,0.1212,4298.76
2017,36-60,59.0,0.0,0.1198,0.1212,8868.39
2017,36-60,59.0,0.2415,0.1198,0.1212,1987.86
2017,36-60,59.0,0.1427,0.1198,0.1212,73927.87
2017,36-60,59.0,0.5899,0.1198,0.1212,3729.66
2017,36-60,60.0,0.5538,0.1198,0.1212,18055.61
2017,60-120,61.0,0.051,0.1222,0.1212,31497.34
2017,60-120,61.0,0.0235,0.1222,0.1212,20865.14
2017,60-120,61.0,0.0401,0.1222,0.1212,7980.14
2017,60-120,62.0,0.1304,0.1222,0.1212,5391.58
2017,60-120,62.0,0.6918,0.1222,0.1212,3686.21
2017,60-120,62.0,0.0433,0.1222,0.1212,31652.61
2017,60-120,63.0,0.0707,0.1222,0.1212,21387.34
2017,60-120,64.0,0.1451,0.1222,0.1212,1722.52
2017,60-120,64.0,0.2289,0.1222,0.1212,1835.07
2017,60-120,65.0,0.2129,0.1222,0.1212,1409.12
2017,60-120,66.0,0.234,0.1222,0.1212,2578.43
2017,60-120,67.0,0.0892,0.1222,0.1212,6953.07
2017,60-120,67.0,0.1015,0.1222,0.1212,69869.2
2017,60-120,67.0,0.3357,0.1222,0.1212,22844.98
2017,60-120,68.0,0.2734,0.1222,0.1212,1462.85
2017,60-120,68.0,0.4655,0.1222,0.1212,1510.82
2017,60-120,69.0,0.0144,0.1222,0.1212,65473.56
2017,60-120,69.0,0.1972,0.1222,0.1212,35489.38
2017,60-120,70.0,0.0545,0.1222,0.1212,14671.22
2017,60-120,70.0,0.3884,0.1222,0.1212,23173.72
2017,60-120,71.0,0.0,0.1222,0.1212,21829.52
2017,60-120,71.0,0.1639,0.1222,0.1212,35340.68
2017,60-120,71.0,0.2763,0.1222,0.1212,18096.14
2017,60-120,72.0,0.0261,0.1222,0.1212,26599.73
2017,60-120,72.0,0.3467,0.1222,0.1212,48517.45
2017,60-120,72.0,0.0071,0.1222,0.1212,18951.27
2017,60-120,72.0,0.0269,0.1222,0.1212,15658.13
2017,60-120,72.0,0.6954,0.1222,0.1212,1438.11
2017,60-120,73.0,0.0494,0.1222,0.1212,20260.93
2017,60-120,74.0,0.3062,0.1222,0.1212,32659.97
2017,60-120,74.0,0.0288,0.1222,0.1212,18823.59
2017,60-120,74.0,0.7908,0.1222,0.1212,14162.78
2017,60-120,75.0,0.0,0.1222,0.1212,63962.11
2017,60-120,75.0,0.0922,0.1222,0.1212,1182.06
2017,60-120,76.0,0.0961,0.1222,0.1212,41609.4
2017,60-120,76.0,0.0292,0.1222,0.1212,14438.66
2017,60-120,77.0,0.042,0.1222,0.1212,47589.41
2017,60-120,77.0,0.0299,0.1222,0.1212,17288.78
2017,60-120,78.0,0.0303,0.1222,0.1212,22936.38
2017,60-120,78.0,0.0,0.1222,0.1212,15855.93
2017,60-120,79.0,0.0188,0.1222,0.1212,34475.05
2017,60-120,80.0,0.7067,0.1222,0.1212,14149.8
2017,60-120,81.0,0.0709,0.1222,0.1212,42341.63
2018,0-12,2.0,0.1474,0.215,0.1687,42753.16
2018,0-12,2.0,0.0331,0.215,0.1687,3019.84
2018,0-12,2.0,0.0,0.215,0.1687,16091.39
2018,0-12,2.0,0.1806,0.215,0.1687,13170.6
2018,0-12,2.0,0.162,0.215,0.1687,35628.12
2018,0-12,3.0,0.0637,0.215,0.1687,11199.61
2018,0-12,3.0,0.4646,0.215,0.1687,32286.38
2018,0-12,3.0,0.1807,0.215,0.1687,131184.37
2018,0-12,4.0,0.0,0.215,0.1687,83950.54
2018,0-12,4.0,0.2007,0.215,0.1687,7838.53
2018,0-12,4.0,0.7661,0.215,0.1687,2610.76
2018,0-12,4.0,0.1545,0.215,0.1687,10118.22
2018,0-12,4.0,0.0193,0.215,0.1687,14613.38
2018,0-12,4.0,0.5043,0.215,0.1687,3569.61
2018,0-12,4.0,0.7913,0.215,0.1687,5055.17
2018,0-12,4.0,0.1708,0.215,0.1687,9389.23
2018,0-12,4.0,0.0497,0.215,0.1687,14076.25
2018,0-12,4.0,0.0299,0.215,0.1687,7085.06
2018,0-12,5.0,0.359,0.215,0.1687,1392.8
2018,0-12,5.0,0.382,0.215,0.1687,48170.04
2018,0-12,5.0,0.8726,0.215,0.1687,2521.24
2018,0-12,5.0,0.2169,0.215,0.1687,14291.76
2018,0-12,5.0,0.1177,0.215,0.1687,2230.95
2018,0-12,5.0,0.0,0.215,0.1687,9376.07
2018,0-12,5.0,0.6394,0.215,0.1687,3909.95
2018,0-12,5.0,0.0622,0.215,0.1687,4411.67
2018,0-12,6.0,0.0,0.215,0.1687,20342.13
2018,0-12,6.0,0.0491,0.215,0.1687,17860.93
2018,0-12,6.0,0.4025,0.215,0.1687,17268.26
2018,0-12,6.0,0.3417,0.215,0.1687,33377.38
2018,0-12,6.0,0.0541,0.215,0.1687,27392.16
2018,0-12,6.0,0.9678,0.215,0.1687,1160.79
2018,0-12,6.0,0.288,0.215,0.1687,8983.48
2018,0-12,6.0,0.0,0.215,0.1687,6278.46
2018,0-12,6.0,0.082,0.215,0.1687,87643.31
2018,0-12,6.0,0.0554,0.215,0.1687,4516.49
2018,0-12,6.0,0.4055,0.215,0.1687,10782.87
2018,0-12,6.0,0.0977,0.215,0.1687,184410.05
2018,0-12,6.0,0.0551,0.215,0.1687,11954.25
2018,0-12,7.0,0.1415,0.215,0.1687,2162.61
2018,0-12,7.0,0.0486,0.215,0.1687,12342.25
2018,0-12,7.0,0.0575,0.215,0.1687,8404.75
2018,0-12,7.0,0.0296,0.215,0.1687,32838.17
2018,0-12,7.0,0.1963,0.215,0.1687,30218.29
2018,0-12,7.0,0.6119,0.215,0.1687,4976.92
2018,0-12,7.0,0.1712,0.215,0.1687,93230.56
2018,0-12,7.0,0.0658,0.215,0.1687,5475.66
2018,0-12,7.0,0.1539,0.215,0.1687,1423.01
2018,0-12,7.0,0.1314,0.215,0.1687,19025.24
2018,0-12,7.0,0.1109,0.215,0.1687,21878.41
2018,0-12,7.0,0.5677,0.215,0.1687,9151.97
2018,0-12,7.0,0.5246,0.215,0.1687,41055.5
2018,0-12,7.0,0.0738,0.215,0.1687,10050.81
2018,0-12,7.0,0.0253,0.215,0.1687,8454.26
2018,0-12,7.0,0.0,0.215,0.1687,2780.4
2018,0-12,8.0,0.1056,0.215,0.1687,38073.23
2018,0-12,8.0,0.0538,0.215,0.1687,18581.11
2018,0-12,8.0,0.0568,0.215,0.1687,10302.48
2018,0-12,8.0,0.1954,0.215,0.1687,49578.95
2018,0-12,8.0,0.5713,0.215,0.1687,2800.66
2018,0-12,8.0,0.1923,0.215,0.1687,1623.88
2018,0-12,8.0,0.2458,0.215,0.1687,18211.28
2018,0-12,8.0,0.098,0.215,0.1687,76558.51
2018,0-12,8.0,0.5958,0.215,0.1687,4950.95
2018,0-12,8.0,0.1886,0.215,0.1687,28730.94
2018,0-12,8.0,0.0848,0.215,0.1687,26050.39
2018,0-12,8.0,0.2767,0.215,0.1687,284767.9
2018,0-12,8.0,0.0511,0.215,0.1687,4405.22
2018,0-12,8.0,0.1019,0.215,0.1687,2943.32
2018,0-12,8.0,0.0,0.215,0.1687,12059.41
2018,0-12,9.0,0.0393,0.215,0.1687,28799.48
2018,0-12,9.0,0.026,0.215,0.1687,30792.48
2018,0-12,9.0,0.2085,0.215,0.1687,11423.7
2018,0-12,9.0,0.1412,0.215,0.1687,18920.76
2018,0-12,9.0,0.8194,0.215,0.1687,12786.92
2018,0-12,9.0,0.6948,0.215,0.1687,14752.46
2018,0-12,9.0,0.4263,0.215,0.1687,10476.58
2018,0-12,9.0,0.4523,0.215,0.1687,7937.65
2018,0-12,9.0,0.1002,0.215,0.1687,8084.99
2018,0-12,9.0,0.122,0.215,0.1687,33427.03
2018,0-12,9.0,0.0987,0.215,0.1687,2430.38
2018,0-12,9.0,0.1749,0.215,0.1687,182451.94
2018,0-12,10.0,0.9194,0.215,0.1687,16314.38
2018,0-12,10.0,0.2813,0.215,0.1687,74655.71
2018,0-12,10.0,0.6597,0.215,0.1687,3789.39
2018,0-12,10.0,0.2585,0.215,0.1687,19345.21
2018,0-12,10.0,0.1003,0.215,0.1687,12111.86
2018,0-12,10.0,0.5722,0.215,0.1687,13106.77
2018,0-12,10.0,0.0606,0.215,0.1687,22761.89
2018,0-12,10.0,0.2383,0.215,0.1687,5035.9
2018,0-12,10.0,0.132,0.215,0.1687,30143.79
2018,0-12,10.0,0.1902,0.215,0.1687,18654.75
2018,0-12,10.0,0.081,0.215,0.1687,12620.71
2018,0-12,10.0,0.4693,0.215,0.1687,4261.45
2018,0-12,10.0,0.1715,0.215,0.1687,172258.66
2018,0-12,10.0,0.4617,0.215,0.1687,2166.08
2018,0-12,11.0,0.0935,0.215,0.1687,23522.68
2018,0-12,11.0,0.5959,0.215,0.1687,5034.3
2018,0-12,11.0,0.1006,0.215,0.1687,4968.24
2018,0-12,11.0,0.7488,0.215,0.1687,49234.03
2018,0-12,11.0,0.065,0.215,0.1687,75628.4
2018,0-12,11.0,0.4027,0.215,0.1687,14382.43
2018,0-12,11.0,0.0496,0.215,0.1687,73465.37
2018,0-12,11.0,0.5686,0.215,0.1687,7034.6
2018,0-12,11.0,0.5259,0.215,0.1687,4692.81
2018,0-12,11.0,0.2717,0.215,0.1687,5521.13
2018,0-12,11.0,0.0682,0.215,0.1687,64028.99
2018,0-12,11.0,0.3034,0.215,0.1687,34968.7
2018,0-12,11.0,0.0743,0.215,0.1687,67642.67
2018,0-12,12.0,0.0,0.215,0.1687,109795.7
2018,0-12,12.0,0.0496,0.215,0.1687,18395.71
2018,0-12,12.0,0.5377,0.215,0.1687,13575.24
2018,0-12,12.0,0.2431,0.215,0.1687,6582.43
2018,0-12,12.0,0.841,0.215,0.1687,11890.47
2018,0-12,12.0,0.0115,0.215,0.1687,78285.69
2018,0-12,12.0,0.1541,0.215,0.1687,136354.63
2018,0-12,12.0,0.0146,0.215,0.1687,136231.28
2018,0-12,12.0,0.544,0.215,0.1687,34871.53
2018,0-12,12.0,0.107,0.215,0.1687,11684.21
2018,0-12,12.0,0.0261,0.215,0.1687,96614.48
2018,0-12,12.0,0.1153,0.215,0.1687,5835.44
2018,0-12,12.0,0.1538,0.215,0.1687,18142.16
2018,0-12,12.0,0.4505,0.215,0.1687,82211.68
2018,0-12,12.0,0.1225,0.215,0.1687,4080.67
2018,0-12,12.0,0.0356,0.215,0.1687,6519.41
2018,0-12,12.0,0.0465,0.215,0.1687,5830.68
2018,12-36,13.0,0.0566,0.1754,0.1687,15976.4
2018,12-36,13.0,0.0406,0.1754,0.1687,28235.59
2018,12-36,13.0,0.1556,0.1754,0.1687,3214.06
2018,12-36,13.0,0.0383,0.1754,0.1687,34485.09
2018,12-36,13.0,0.034,0.1754,0.1687,7342.6
2018,12-36,13.0,0.1181,0.1754,0.1687,6327.22
2018,12-36,13.0,0.2513,0.1754,0.1687,71384.26
2018,12-36,13.0,0.0274,0.1754,0.1687,3209.66
2018,12-36,13.0,0.0603,0.1754,0.1687,7013.3
2018,12-36,13.0,0.1037,0.1754,0.1687,40574.76
2018,12-36,13.0,0.2172,0.1754,0.1687,17539.32
2018,12-36,13.0,0.1856,0.1754,0.1687,40550.24
2018,12-36,13.0,0.1203,0.1754,0.1687,33647.84
2018,12-36,13.0,0.4014,0.1754,0.1687,29699.18
2018,12-36,13.0,0.4493,0.1754,0.1687,23261.28
2018,12-36,13.0,0.032,0.1754,0.1687,13010.13
2018,12-36,14.0,0.0354,0.1754,0.1687,14331.67
2018,12-36,14.0,0.3516,0.1754,0.1687,1848.93
2018,12-36,14.0,0.9039,0.1754,0.1687,2212.58
2018,12-36,14.0,0.0602,0.1754,0.1687,5762.64
2018,12-36,14.0,0.1057,0.1754,0.1687,5298.39
2018,12-36,14.0,0.0938,0.1754,0.1687,15382.47
2018,12-36,14.0,0.1628,0.1754,0.1687,35516.7
2018,12-36,14.0,0.0536,0.1754,0.1687,5551.83
2018,12-36,14.0,0.0314,0.1754,0.1687,86417.22
2018,12-36,14.0,0.3248,0.1754,0.1687,102518.14
2018,12-36,14.0,0.0,0.1754,0.1687,6616.9
2018,12-36,14.0,0.0477,0.1754,0.1687,9741.73
2018,12-36,14.0,0.242,0.1754,0.1687,169816.42
2018,12-36,14.0,0.0724,0.1754,0.1687,7115.06
2018,12-36,14.0,0.1932,0.1754,0.1687,6456.57
2018,12-36,15.0,0.4136,0.1754,0.1687,9670.99
2018,12-36,15.0,0.0287,0.1754,0.1687,16553.65
2018,12-36,15.0,0.0,0.1754,0.1687,17753.27
2018,12-36,15.0,0.062,0.1754,0.1687,1874.03
2018,12-36,15.0,0.5533,0.1754,0.1687,2710.92
2018,12-36,15.0,0.2561,0.1754,0.1687,3904.81
2018,12-36,15.0,0.1869,0.1754,0.1687,15803.11
2018,12-36,15.0,0.1902,0.1754,0.1687,2102.6
2018,12-36,15.0,0.1835,0.1754,0.1687,24701.86
2018,12-36,15.0,0.1064,0.1754,0.1687,1880.15
2018,12-36,15.0,0.4647,0.1754,0.1687,12051.02
2018,12-36,15.0,0.1062,0.1754,0.1687,67274.63
2018,12-36,15.0,0.0293,0.1754,0.1687,38741.05
2018,12-36,15.0,0.027,0.1754,0.1687,34201.93
2018,12-36,15.0,0.2474,0.1754,0.1687,55178.18
2018,12-36,15.0,0.3836,0.1754,0.1687,3850.01
2018,12-36,15.0,0.1238,0.1754,0.1687,12671.56
2018,12-36,15.0,0.5672,0.1754,0.1687,8814.57
2018,12-36,16.0,0.0717,0.1754,0.1687,33982.17
2018,12-36,16.0,0.1726,0.1754,0.1687,8053.6
2018,12-36,16.0,0.058,0.1754,0.1687,5726.13
2018,12-36,16.0,0.2316,0.1754,0.1687,20626.98
2018,12-36,16.0,0.0581,0.1754,0.1687,13930.07
2018,12-36,16.0,0.5922,0.1754,0.1687,1494.41
2018,12-36,16.0,0.1703,0.1754,0.1687,7338.4
2018,12-36,16.0,0.0397,0.1754,0.1687,18746.89
2018,12-36,16.0,0.0507,0.1754,0.1687,16292.77
2018,12-36,16.0,0.1517,0.1754,0.1687,37143.32
2018,12-36,16.0,0.2466,0.1754,0.1687,37949.37
2018,12-36,16.0,0.0274,0.1754,0.1687,35844.89
2018,12-36,16.0,0.71,0.1754,0.1687,7042.13
2018,12-36,16.0,0.1749,0.1754,0.1687,86619.39
2018,12-36,16.0,0.07,0.1754,0.1687,5843.44
2018,12-36,17.0,0.0503,0.1754,0.1687,3004.4
2018,12-36,17.0,0.0268,0.1754,0.1687,6618.66
2018,12-36,17.0,0.0547,0.1754,0.1687,25151.91
2018,12-36,17.0,0.1244,0.1754,0.1687,2122.8
2018,12-36,17.0,0.0227,0.1754,0.1687,87285.78
2018,12-36,17.0,0.0841,0.1754,0.1687,103690.67
2018,12-36,17.0,0.0261,0.1754,0.1687,92795.72
2018,12-36,17.0,0.0797,0.1754,0.1687,12540.35
2018,12-36,17.0,0.0297,0.1754,0.1687,12618.89
2018,12-36,17.0,0.0767,0.1754,0.1687,2008.77
2018,12-36,17.0,0.5447,0.1754,0.1687,9730.69
2018,12-36,17.0,0.04,0.1754,0.1687,2866.59
2018,12-36,17.0,0.0748,0.1754,0.1687,5465.65
2018,12-36,17.0,0.0314,0.1754,0.1687,56196.81
2018,12-36,17.0,0.6078,0.1754,0.1687,30306.09
2018,12-36,17.0,0.0783,0.1754,0.1687,1915.26
2018,12-36,18.0,0.056,0.1754,0.1687,6033.58
2018,12-36,18.0,0.0799,0.1754,0.1687,7645.54
2018,12-36,18.0,0.2537,0.1754,0.1687,14673.12
2018,12-36,18.0,0.0387,0.1754,0.1687,7541.76
2018,12-36,18.0,0.9559,0.1754,0.1687,2615.39
2018,12-36,18.0,0.3678,0.1754,0.1687,19029.77
2018,12-36,18.0,0.0418,0.1754,0.1687,1987.31
2018,12-36,18.0,0.4097,0.1754,0.1687,18364.66
2018,12-36,18.0,0.6204,0.1754,0.1687,3576.92
2018,12-36,18.0,0.2002,0.1754,0.1687,112548.22
2018,12-36,19.0,0.0305,0.1754,0.1687,6983.04
2018,12-36,19.0,0.329,0.1754,0.1687,13679.78
2018,12-36,19.0,0.2989,0.1754,0.1687,3570.59
2018,12-36,19.0,0.5596,0.1754,0.1687,3065.41
2018,12-36,19.0,0.3383,0.1754,0.1687,47297.53
2018,12-36,19.0,0.8652,0.1754,0.1687,4622.96
2018,12-36,19.0,0.3012,0.1754,0.1687,55831.42
2018,12-36,19.0,0.0249,0.1754,0.1687,15445.73
2018,12-36,19.0,0.2018,0.1754,0.1687,12884.17
2018,12-36,19.0,0.2749,0.1754,0.1687,33228.46
2018,12-36,19.0,0.2299,0.1754,0.1687,73301.02
2018,12-36,19.0,0.2818,0.1754,0.1687,1774.27
2018,12-36,20.0,0.3853,0.1754,0.1687,8433.96
2018,12-36,20.0,0.0838,0.1754,0.1687,4775.57
2018,12-36,20.0,0.0237,0.1754,0.1687,131396.91
2018,12-36,20.0,0.2821,0.1754,0.1687,26799.68
2018,12-36,20.0,0.3688,0.1754,0.1687,14637.6
2018,12-36,20.0,0.2809,0.1754,0.1687,10681.04
2018,12-36,20.0,0.5247,0.1754,0.1687,5717.67
2018,12-36,20.0,0.0349,0.1754,0.1687,67131.89
2018,12-36,20.0,0.0454,0.1754,0.1687,3936.79
2018,12-36,20.0,0.263,0.1754,0.1687,109892.93
2018,12-36,20.0,0.2895,0.1754,0.1687,1185.84
2018,12-36,21.0,0.156,0.1754,0.1687,10869.06
2018,12-36,21.0,0.1768,0.1754,0.1687,21837.96
2018,12-36,21.0,0.1795,0.1754,0.1687,22282.81
2018,12-36,21.0,0.0443,0.1754,0.1687,5645.73
2018,12-36,21.0,0.0284,0.1754,0.1687,10922.44
2018,12-36,21.0,0.4545,0.1754,0.1687,5500.58
2018,12-36,21.0,0.1621,0.1754,0.1687,79790.83
2018,12-36,21.0,0.2415,0.1754,0.1687,44471.25
2018,12-36,21.0,0.0547,0.1754,0.1687,40217.53
2018,12-36,21.0,0.0435,0.1754,0.1687,4600.14
2018,12-36,21.0,0.1191,0.1754,0.1687,73496.89
2018,12-36,21.0,0.0448,0.1754,0.1687,2959.15
2018,12-36,22.0,0.0922,0.1754,0.1687,1842.85
2018,12-36,22.0,0.0789,0.1754,0.1687,19139.78
2018,12-36,22.0,0.0769,0.1754,0.1687,4253.78
2018,12-36,22.0,0.5024,0.1754,0.1687,21367.13
2018,12-36,22.0,0.0825,0.1754,0.1687,10227.34
2018,12-36,22.0,0.0815,0.1754,0.1687,27092.29
2018,12-36,22.0,0.3116,0.1754,0.1687,16048.19
2018,12-36,22.0,0.3058,0.1754,0.1687,34193.1
2018,12-36,22.0,0.2795,0.1754,0.1687,3220.56
2018,12-36,22.0,0.1715,0.1754,0.1687,2932.1
2018,12-36,22.0,0.0478,0.1754,0.1687,15486.5
2018,12-36,22.0,0.4307,0.1754,0.1687,5341.0
2018,12-36,22.0,0.2471,0.1754,0.1687,1112.25
2018,12-36,23.0,0.048,0.1754,0.1687,2707.84
2018,12-36,23.0,0.0184,0.1754,0.1687,108659.33
2018,12-36,23.0,0.0161,0.1754,0.1687,84129.6
2018,12-36,23.0,0.0821,0.1754,0.1687,81763.96
2018,12-36,23.0,0.0503,0.1754,0.1687,95665.34
2018,12-36,23.0,0.06,0.1754,0.1687,5407.3
2018,12-36,23.0,0.2268,0.1754,0.1687,9731.64
2018,12-36,23.0,0.0527,0.1754,0.1687,4836.05
2018,12-36,23.0,0.0128,0.1754,0.1687,28092.73
2018,12-36,23.0,0.0682,0.1754,0.1687,33101.78
2018,12-36,23.0,0.128,0.1754,0.1687,65733.04
2018,12-36,23.0,0.1863,0.1754,0.1687,1501.98
2018,12-36,24.0,0.0855,0.1754,0.1687,2527.46
2018,12-36,24.0,0.0331,0.1754,0.1687,12843.57
2018,12-36,24.0,0.6938,0.1754,0.1687,21621.13
2018,12-36,24.0,0.0494,0.1754,0.1687,4122.92
2018,12-36,24.0,0.2089,0.1754,0.1687,9869.04
2018,12-36,24.0,0.5694,0.1754,0.1687,12293.56
2018,12-36,24.0,0.3552,0.1754,0.1687,8446.69
2018,12-36,24.0,0.0195,0.1754,0.1687,22693.47
2018,12-36,24.0,0.0304,0.1754,0.1687,26032.94
2018,12-36,24.0,0.1036,0.1754,0.1687,46787.6
2018,12-36,24.0,0.0773,0.1754,0.1687,6997.39
2018,12-36,25.0,0.1877,0.1754,0.1687,13901.08
2018,12-36,25.0,0.2555,0.1754,0.1687,2539.51
2018,12-36,25.0,0.6702,0.1754,0.1687,3730.02
2018,12-36,25.0,0.1274,0.1754,0.1687,25482.28
2018,12-36,25.0,0.2794,0.1754,0.1687,49749.54
2018,12-36,25.0,0.4167,0.1754,0.1687,3237.45
2018,12-36,25.0,0.1752,0.1754,0.1687,3996.23
2018,12-36,25.0,0.4893,0.1754,0.1687,20914.54
2018,12-36,25.0,0.0194,0.1754,0.1687,30032.33
2018,12-36,25.0,0.2744,0.1754,0.1687,15738.52
2018,12-36,25.0,0.0727,0.1754,0.1687,130311.5
2018,12-36,26.0,0.4678,0.1754,0.1687,13335.5
2018,12-36,26.0,0.2417,0.1754,0.1687,4779.81
2018,12-36,26.0,0.015,0.1754,0.1687,22906.36
2018,12-36,26.0,0.1596,0.1754,0.1687,34524.2
2018,12-36,26.0,0.9834,0.1754,0.1687,10806.74
2018,12-36,26.0,0.9538,0.1754,0.1687,5242.43
2018,12-36,26.0,0.3681,0.1754,0.1687,33580.45
2018,12-36,26.0,0.0128,0.1754,0.1687,5915.12
2018,12-36,26.0,0.0391,0.1754,0.1687,53104.59
2018,12-36,26.0,0.0,0.1754,0.1687,13305.06
2018,12-36,26.0,0.4607,0.1754,0.1687,4991.95
2018,12-36,26.0,0.1698,0.1754,0.1687,95879.72
2018,12-36,26.0,0.1061,0.1754,0.1687,4464.82
2018,12-36,26.0,0.1734,0.1754,0.1687,5688.94
2018,12-36,27.0,0.0368,0.1754,0.1687,22194.78
2018,12-36,27.0,0.1389,0.1754,0.1687,65054.49
2018,12-36,27.0,0.0316,0.1754,0.1687,8544.47
2018,12-36,27.0,0.1111,0.1754,0.1687,2749.32
2018,12-36,27.0,0.1336,0.1754,0.1687,149352.17
2018,12-36,28.0,0.1983,0.1754,0.1687,3530.07
2018,12-36,28.0,0.1429,0.1754,0.1687,7142.02
2018,12-36,28.0,0.0597,0.1754,0.1687,58371.95
2018,12-36,28.0,0.7782,0.1754,0.1687,13106.33
2018,12-36,28.0,0.2813,0.1754,0.1687,92137.04
2018,12-36,28.0,0.0513,0.1754,0.1687,7753.53
2018,12-36,28.0,0.099,0.1754,0.1687,11780.68
2018,12-36,29.0,0.0375,0.1754,0.1687,5349.86
2018,12-36,29.0,0.0432,0.1754,0.1687,16247.13
2018,12-36,29.0,0.0659,0.1754,0.1687,3296.0
2018,12-36,29.0,0.0155,0.1754,0.1687,22140.1
2018,12-36,29.0,0.4686,0.1754,0.1687,51217.49
2018,12-36,29.0,0.058,0.1754,0.1687,17255.83
2018,12-36,29.0,0.1311,0.1754,0.1687,118132.84
2018,12-36,29.0,0.0206,0.1754,0.1687,19764.69
2018,12-36,29.0,0.3642,0.1754,0.1687,51882.6
2018,12-36,29.0,0.1188,0.1754,0.1687,2757.55
2018,12-36,30.0,0.0436,0.1754,0.1687,10728.3
2018,12-36,30.0,0.1137,0.1754,0.1687,6095.5
2018,12-36,30.0,0.1512,0.1754,0.1687,4629.03
2018,12-36,30.0,0.6299,0.1754,0.1687,9533.32
2018,12-36,30.0,0.1682,0.1754,0.1687,2972.36
2018,12-36,30.0,0.1582,0.1754,0.1687,28310.89
2018,12-36,30.0,0.1325,0.1754,0.1687,10574.78
2018,12-36,30.0,0.0433,0.1754,0.1687,5320.31
2018,12-36,30.0,0.9882,0.1754,0.1687,1011.89
2018,12-36,30.0,0.0229,0.1754,0.1687,51372.64
2018,12-36,30.0,0.1156,0.1754,0.1687,75877.89
2018,12-36,30.0,0.0771,0.1754,0.1687,6522.13
2018,12-36,30.0,0.2053,0.1754,0.1687,13387.09
2018,12-36,30.0,0.0476,0.1754,0.1687,10089.37
2018,12-36,31.0,0.0947,0.1754,0.1687,10555.03
2018,12-36,31.0,0.1911,0.1754,0.1687,6804.42
2018,12-36,31.0,0.0767,0.1754,0.1687,7331.69
2018,12-36,31.0,0.0327,0.1754,0.1687,7639.8
2018,12-36,31.0,0.2049,0.1754,0.1687,4879.43
2018,12-36,31.0,0.3398,0.1754,0.1687,3091.96
2018,12-36,31.0,0.117,0.1754,0.1687,4745.34
2018,12-36,31.0,0.1366,0.1754,0.1687,1803.58
2018,12-36,31.0,0.113,0.1754,0.1687,25633.92
2018,12-36,32.0,0.0746,0.1754,0.1687,4300.43
2018,12-36,32.0,0.0386,0.1754,0.1687,15226.94
2018,12-36,32.0,0.2223,0.1754,0.1687,17994.38
2018,12-36,32.0,0.0322,0.1754,0.1687,9020.45
2018,12-36,32.0,0.1511,0.1754,0.1687,26345.75
2018,12-36,32.0,0.0843,0.1754,0.1687,35578.2
2018,12-36,32.0,0.0377,0.1754,0.1687,47968.82
2018,12-36,32.0,0.1069,0.1754,0.1687,3743.21
2018,12-36,32.0,0.2039,0.1754,0.1687,80189.22
2018,12-36,32.0,0.5442,0.1754,0.1687,7350.58
2018,12-36,32.0,0.0989,0.1754,0.1687,2862.4
2018,12-36,33.0,0.2178,0.1754,0.1687,4232.73
2018,12-36,33.0,0.0163,0.1754,0.1687,21104.34
2018,12-36,33.0,0.202,0.1754,0.1687,4949.36
2018,12-36,33.0,0.1345,0.1754,0.1687,3488.22
2018,12-36,33.0,0.2136,0.1754,0.1687,18910.76
2018,12-36,33.0,0.1765,0.1754,0.1687,1214.34
2018,12-36,33.0,0.0303,0.1754,0.1687,49527.87
2018,12-36,33.0,0.332,0.1754,0.1687,2710.44
2018,12-36,33.0,0.674,0.1754,0.1687,5934.93
2018,12-36,33.0,0.3495,0.1754,0.1687,43240.33
2018,12-36,33.0,0.1505,0.1754,0.1687,1049.71
2018,12-36,34.0,0.2624,0.1754,0.1687,46175.33
2018,12-36,34.0,0.0,0.1754,0.1687,3315.99
2018,12-36,34.0,0.0785,0.1754,0.1687,2200.52
2018,12-36,34.0,0.2291,0.1754,0.1687,8730.22
2018,12-36,34.0,0.9109,0.1754,0.1687,4939.9
2018,12-36,34.0,0.0949,0.1754,0.1687,4812.84
2018,12-36,34.0,0.0877,0.1754,0.1687,23872.29
2018,12-36,34.0,0.2117,0.1754,0.1687,4007.59
2018,12-36,34.0,0.0453,0.1754,0.1687,2447.59
2018,12-36,34.0,0.1121,0.1754,0.1687,1338.68
2018,12-36,34.0,0.2251,0.1754,0.1687,8085.69
2018,12-36,34.0,0.114,0.1754,0.1687,10087.59
2018,12-36,35.0,0.5886,0.1754,0.1687,4417.48
2018,12-36,35.0,0.1312,0.1754,0.1687,76975.26
2018,12-36,35.0,0.0853,0.1754,0.1687,8822.33
2018,12-36,35.0,0.5543,0.1754,0.1687,2705.99
2018,12-36,35.0,0.0292,0.1754,0.1687,29753.31
2018,12-36,35.0,0.3128,0.1754,0.1687,7647.04
2018,12-36,35.0,0.047,0.1754,0.1687,3294.53
2018,12-36,35.0,0.7937,0.1754,0.1687,31673.11
2018,12-36,35.0,0.1043,0.1754,0.1687,23745.86
2018,12-36,36.0,0.0151,0.1754,0.1687,37031.21
2018,12-36,36.0,0.1232,0.1754,0.1687,12173.33
2018,12-36,36.0,0.0506,0.1754,0.1687,8439.49
2018,12-36,36.0,0.0931,0.1754,0.1687,6730.42
2018,12-36,36.0,0.4146,0.1754,0.1687,48717.76
2018,12-36,36.0,0.7202,0.1754,0.1687,20828.48
2018,12-36,36.0,0.1159,0.1754,0.1687,8625.66
2018,12-36,36.0,0.0729,0.1754,0.1687,49509.9
2018,12-36,36.0,0.2062,0.1754,0.1687,14551.05
2018,12-36,36.0,0.3525,0.1754,0.1687,5202.15
2018,12-36,36.0,0.032,0.1754,0.1687,20747.73
2018,12-36,36.0,0.5437,0.1754,0.1687,1394.28
2018,36-60,37.0,0.0176,0.1198,0.1687,24074.56
2018,36-60,37.0,0.1713,0.1198,0.1687,8757.56
2018,36-60,37.0,0.0975,0.1198,0.1687,4256.97
2018,36-60,37.0,0.1031,0.1198,0.1687,6403.54
2018,36-60,37.0,0.0511,0.1198,0.1687,9818.0
2018,36-60,37.0,0.2258,0.1198,0.1687,3758.97
2018,36-60,37.0,0.0,0.1198,0.1687,2521.3
2018,36-60,37.0,0.069,0.1198,0.1687,33698.43
2018,36-60,37.0,0.7331,0.1198,0.1687,44515.53
2018,36-60,38.0,0.1376,0.1198,0.1687,15258.66
2018,36-60,38.0,0.103,0.1198,0.1687,2834.86
2018,36-60,38.0,0.246,0.1198,0.1687,5558.37
2018,36-60,38.0,0.1177,0.1198,0.1687,3256.39
2018,36-60,38.0,0.1952,0.1198,0.1687,8708.69
2018,36-60,38.0,0.0595,0.1198,0.1687,31442.76
2018,36-60,38.0,0.1593,0.1198,0.1687,1255.23
2018,36-60,38.0,0.1738,0.1198,0.1687,5046.8
2018,36-60,38.0,0.1856,0.1198,0.1687,2936.42
2018,36-60,38.0,0.3244,0.1198,0.1687,9247.92
2018,36-60,38.0,0.3141,0.1198,0.1687,22012.12
2018,36-60,39.0,0.3009,0.1198,0.1687,29910.75
2018,36-60,39.0,0.1104,0.1198,0.1687,45296.08
2018,36-60,39.0,0.0,0.1198,0.1687,177930.11
2018,36-60,39.0,0.2812,0.1198,0.1687,7111.43
2018,36-60,39.0,0.0779,0.1198,0.1687,27153.23
2018,36-60,39.0,0.7693,0.1198,0.1687,11049.42
2018,36-60,40.0,0.0176,0.1198,0.1687,68209.01
2018,36-60,40.0,0.0576,0.1198,0.1687,2245.5
2018,36-60,40.0,0.5262,0.1198,0.1687,5701.54
2018,36-60,40.0,0.062,0.1198,0.1687,33487.67
2018,36-60,40.0,0.0057,0.1198,0.1687,43662.33
2018,36-60,40.0,0.0199,0.1198,0.1687,46006.79
2018,36-60,40.0,0.172,0.1198,0.1687,3096.36
2018,36-60,41.0,0.4337,0.1198,0.1687,1152.89
2018,36-60,41.0,0.5921,0.1198,0.1687,13417.23
2018,36-60,41.0,0.421,0.1198,0.1687,12779.35
2018,36-60,41.0,0.3631,0.1198,0.1687,27540.53
2018,36-60,41.0,0.2849,0.1198,0.1687,77012.05
2018,36-60,41.0,0.7956,0.1198,0.1687,3770.76
2018,36-60,41.0,0.0495,0.1198,0.1687,2404.15
2018,36-60,41.0,0.059,0.1198,0.1687,6609.13
2018,36-60,41.0,0.1658,0.1198,0.1687,6026.89
2018,36-60,42.0,0.1147,0.1198,0.1687,14608.1
2018,36-60,42.0,0.655,0.1198,0.1687,1526.75
2018,36-60,42.0,0.0916,0.1198,0.1687,20933.69
2018,36-60,42.0,0.0488,0.1198,0.1687,15444.44
2018,36-60,42.0,0.0673,0.1198,0.1687,2970.51
2018,36-60,42.0,0.1041,0.1198,0.1687,12091.29
2018,36-60,43.0,0.11,0.1198,0.1687,14538.96
2018,36-60,43.0,0.0,0.1198,0.1687,1249.38
2018,36-60,43.0,0.5235,0.1198,0.1687,21013.27
2018,36-60,43.0,0.027,0.1198,0.1687,28537.41
2018,36-60,43.0,0.6069,0.1198,0.1687,16477.52
2018,36-60,43.0,0.043,0.1198,0.1687,4531.15
2018,36-60,43.0,0.141,0.1198,0.1687,1550.0
2018,36-60,43.0,0.2252,0.1198,0.1687,29639.43
2018,36-60,44.0,0.041,0.1198,0.1687,2261.52
2018,36-60,44.0,0.2112,0.1198,0.1687,8010.14
2018,36-60,44.0,0.713,0.1198,0.1687,4207.33
2018,36-60,44.0,0.0681,0.1198,0.1687,2450.34
2018,36-60,44.0,0.157,0.1198,0.1687,10253.79
2018,36-60,44.0,0.7014,0.1198,0.1687,14609.3
2018,36-60,45.0,0.0,0.1198,0.1687,44884.92
2018,36-60,45.0,0.0091,0.1198,0.1687,132463.73
2018,36-60,45.0,0.7333,0.1198,0.1687,2727.31
2018,36-60,45.0,0.6107,0.1198,0.1687,1146.26
2018,36-60,45.0,0.1937,0.1198,0.1687,3974.91
2018,36-60,45.0,0.393,0.1198,0.1687,9670.25
2018,36-60,46.0,0.1018,0.1198,0.1687,14501.97
2018,36-60,46.0,0.2609,0.1198,0.1687,10151.34
2018,36-60,46.0,0.1574,0.1198,0.1687,1959.86
2018,36-60,46.0,0.2039,0.1198,0.1687,19621.48
2018,36-60,47.0,0.4438,0.1198,0.1687,2304.69
2018,36-60,47.0,0.1725,0.1198,0.1687,1824.14
2018,36-60,47.0,0.0153,0.1198,0.1687,20506.74
2018,36-60,47.0,0.7079,0.1198,0.1687,5650.8
2018,36-60,47.0,0.2735,0.1198,0.1687,3474.65
2018,36-60,47.0,0.3964,0.1198,0.1687,2522.55
2018,36-60,47.0,0.2248,0.1198,0.1687,13345.63
2018,36-60,48.0,0.0913,0.1198,0.1687,61062.69
2018,36-60,48.0,0.8253,0.1198,0.1687,3271.6
2018,36-60,48.0,0.1945,0.1198,0.1687,1100.4
2018,36-60,48.0,0.05,0.1198,0.1687,9087.2
2018,36-60,48.0,0.0461,0.1198,0.1687,8369.71
2018,36-60,48.0,0.8192,0.1198,0.1687,12207.05
2018,36-60,48.0,0.2072,0.1198,0.1687,24135.62
2018,36-60,48.0,0.1135,0.1198,0.1687,1057.37
2018,36-60,49.0,0.0882,0.1198,0.1687,1699.93
2018,36-60,49.0,0.3537,0.1198,0.1687,16962.99
2018,36-60,49.0,0.0,0.1198,0.1687,2295.86
2018,36-60,49.0,0.0163,0.1198,0.1687,55329.31
2018,36-60,49.0,0.0336,0.1198,0.1687,61433.67
2018,36-60,49.0,0.4693,0.1198,0.1687,43633.27
2018,36-60,50.0,0.4979,0.1198,0.1687,6025.24
2018,36-60,50.0,0.0144,0.1198,0.1687,57028.07
2018,36-60,50.0,0.35,0.1198,0.1687,82981.85
2018,36-60,50.0,0.0,0.1198,0.1687,3168.53
2018,36-60,51.0,0.0163,0.1198,0.1687,19181.94
2018,36-60,51.0,0.5123,0.1198,0.1687,39363.52
2018,36-60,51.0,0.0351,0.1198,0.1687,13602.46
2018,36-60,52.0,0.011,0.1198,0.1687,7801.23
2018,36-60,52.0,0.359,0.1198,0.1687,2785.32
2018,36-60,52.0,0.3831,0.1198,0.1687,3915.13
2018,36-60,52.0,0.0773,0.1198,0.1687,45372.06
2018,36-60,52.0,0.1288,0.1198,0.1687,8792.92
2018,36-60,53.0,0.291,0.1198,0.1687,34359.73
2018,36-60,53.0,0.0273,0.1198,0.1687,38798.72
2018,36-60,53.0,0.0,0.1198,0.1687,1151.38
2018,36-60,54.0,0.7725,0.1198,0.1687,15770.16
2018,36-60,54.0,0.0649,0.1198,0.1687,20033.9
2018,36-60,54.0,0.0291,0.1198,0.1687,37412.38
2018,36-60,54.0,0.0359,0.1198,0.1687,2784.15
2018,36-60,54.0,0.0715,0.1198,0.1687,3857.14
2018,36-60,54.0,0.0738,0.1198,0.1687,6153.93
2018,36-60,54.0,0.1127,0.1198,0.1687,2569.84
2018,36-60,54.0,0.0113,0.1198,0.1687,18649.27
2018,36-60,55.0,0.9699,0.1198,0.1687,4021.24
2018,36-60,55.0,0.0,0.1198,0.1687,3947.59
2018,36-60,55.0,0.0275,0.1198,0.1687,18150.49
2018,36-60,55.0,0.3961,0.1198,0.1687,3196.36
2018,36-60,55.0,0.0668,0.1198,0.1687,4128.22
2018,36-60,55.0,0.091,0.1198,0.1687,9894.8
2018,36-60,56.0,0.0483,0.1198,0.1687,26556.95
2018,36-60,56.0,0.0532,0.1198,0.1687,18384.75
2018,36-60,56.0,0.2997,0.1198,0.1687,2235.36
2018,36-60,56.0,0.2884,0.1198,0.1687,1005.63
2018,36-60,56.0,0.3406,0.1198,0.1687,10083.25
2018,36-60,56.0,0.6193,0.1198,0.1687,13240.23
2018,36-60,57.0,0.2313,0.1198,0.1687,2888.45
2018,36-60,57.0,0.048,0.1198,0.1687,37497.98
2018,36-60,58.0,0.0404,0.1198,0.1687,44126.03
2018,36-60,58.0,0.7634,0.1198,0.1687,2619.99
2018,36-60,58.0,0.0458,0.1198,0.1687,87007.44
2018,36-60,58.0,0.0263,0.1198,0.1687,19392.44
2018,36-60,59.0,0.0235,0.1198,0.1687,51135.19
2018,36-60,59.0,0.4013,0.1198,0.1687,3738.25
2018,36-60,59.0,0.0954,0.1198,0.1687,2890.39
2018,36-60,59.0,0.0114,0.1198,0.1687,12668.69
2018,36-60,60.0,0.0324,0.1198,0.1687,18249.47
2018,36-60,60.0,0.0463,0.1198,0.1687,72871.88
2018,36-60,60.0,0.0173,0.1198,0.1687,131485.39
2018,36-60,60.0,0.2832,0.1198,0.1687,28249.76
2018,60-120,61.0,0.0169,0.1222,0.1687,17468.69
2018,60-120,61.0,0.6562,0.1222,0.1687,15236.87
2018,60-120,61.0,0.0131,0.1222,0.1687,38255.14
2018,60-120,61.0,0.6027,0.1222,0.1687,2488.74
2018,60-120,61.0,0.496,0.1222,0.1687,60481.48
2018,60-120,62.0,0.1144,0.1222,0.1687,1967.12
2018,60-120,62.0,0.0,0.1222,0.1687,2934.64
2018,60-120,63.0,0.1941,0.1222,0.1687,2338.93
2018,60-120,63.0,0.0209,0.1222,0.1687,26260.54
2018,60-120,63.0,0.1726,0.1222,0.1687,3341.93
2018,60-120,63.0,0.9747,0.1222,0.1687,30777.9
2018,60-120,64.0,0.0145,0.1222,0.1687,50782.39
2018,60-120,65.0,0.0197,0.1222,0.1687,15900.64
2018,60-120,65.0,0.0191,0.1222,0.1687,6797.56
2018,60-120,66.0,0.0258,0.1222,0.1687,23517.67
2018,60-120,66.0,0.074,0.1222,0.1687,6082.29
2018,60-120,66.0,0.4534,0.1222,0.1687,1102.82
2018,60-120,66.0,0.0233,0.1222,0.1687,2964.39
2018,60-120,67.0,0.0272,0.1222,0.1687,44106.55
2018,60-120,68.0,0.0416,0.1222,0.1687,8768.2
2018,60-120,69.0,0.0696,0.1222,0.1687,21559.92
2018,60-120,70.0,0.9452,0.1222,0.1687,21159.13
2019,0-12,1.0,0.0498,0.215,0.2196,14398.53
2019,0-12,1.0,0.0,0.215,0.2196,14765.62
2019,0-12,1.0,0.4256,0.215,0.2196,24668.32
2019,0-12,1.0,0.0495,0.215,0.2196,5745.37
2019,0-12,1.0,0.6166,0.215,0.2196,4865.56
2019,0-12,1.0,0.4532,0.215,0.2196,17651.57
2019,0-12,1.0,0.6286,0.215,0.2196,1159.94
2019,0-12,2.0,0.954,0.215,0.2196,4192.72
2019,0-12,2.0,0.0352,0.215,0.2196,4590.54
2019,0-12,2.0,0.2472,0.215,0.2196,7804.64
2019,0-12,2.0,0.2925,0.215,0.2196,61131.89
2019,0-12,2.0,0.2839,0.215,0.2196,14090.43
2019,0-12,2.0,0.2993,0.215,0.2196,32419.91
2019,0-12,2.0,0.0111,0.215,0.2196,46765.03
2019,0-12,2.0,0.9756,0.215,0.2196,1244.98
2019,0-12,2.0,0.2039,0.215,0.2196,58172.8
2019,0-12,2.0,0.7485,0.215,0.2196,4676.19
2019,0-12,2.0,0.0,0.215,0.2196,4942.58
2019,0-12,3.0,0.3006,0.215,0.2196,1107.2
2019,0-12,3.0,0.517,0.215,0.2196,9671.16
2019,0-12,3.0,0.0154,0.215,0.2196,109634.24
2019,0-12,3.0,0.0398,0.215,0.2196,30161.35
2019,0-12,3.0,0.025,0.215,0.2196,9793.62
2019,0-12,3.0,0.0877,0.215,0.2196,130581.27
2019,0-12,3.0,0.2812,0.215,0.2196,8890.22
2019,0-12,3.0,0.6238,0.215,0.2196,7534.17
2019,0-12,3.0,0.1142,0.215,0.2196,26108.68
2019,0-12,3.0,0.1633,0.215,0.2196,6204.68
2019,0-12,3.0,0.1762,0.215,0.2196,84868.69
2019,0-12,4.0,0.0381,0.215,0.2196,4447.59
2019,0-12,4.0,0.2777,0.215,0.2196,12533.21
2019,0-12,4.0,0.0236,0.215,0.2196,9395.54
2019,0-12,4.0,0.0454,0.215,0.2196,62984.46
2019,0-12,4.0,0.0133,0.215,0.2196,65915.54
2019,0-12,4.0,0.1623,0.215,0.2196,98736.22
2019,0-12,4.0,0.7709,0.215,0.2196,12971.45
2019,0-12,4.0,0.0578,0.215,0.2196,21066.38
2019,0-12,4.0,0.0215,0.215,0.2196,166692.31
2019,0-12,4.0,0.2593,0.215,0.2196,3856.86
2019,0-12,4.0,0.2303,0.215,0.2196,19433.68
2019,0-12,4.0,0.2406,0.215,0.2196,41569.98
2019,0-12,4.0,0.0365,0.215,0.2196,15167.56
2019,0-12,4.0,0.179,0.215,0.2196,35638.65
2019,0-12,5.0,0.0346,0.215,0.2196,26747.78
2019,0-12,5.0,0.0233,0.215,0.2196,10193.99
2019,0-12,5.0,0.0778,0.215,0.2196,9678.27
2019,0-12,5.0,0.5135,0.215,0.2196,97380.44
2019,0-12,5.0,0.3226,0.215,0.2196,1779.06
2019,0-12,5.0,0.2397,0.215,0.2196,3000.1
2019,0-12,5.0,0.3684,0.215,0.2196,13572.64
2019,0-12,5.0,0.0775,0.215,0.2196,14975.64
2019,0-12,5.0,0.5046,0.215,0.2196,14634.35
2019,0-12,5.0,0.1082,0.215,0.2196,9238.51
2019,0-12,5.0,0.2492,0.215,0.2196,9479.0
2019,0-12,5.0,0.0363,0.215,0.2196,1939.37
2019,0-12,5.0,0.4886,0.215,0.2196,13120.87
2019,0-12,5.0,0.0686,0.215,0.2196,33173.62
2019,0-12,5.0,0.4429,0.215,0.2196,38828.94
2019,0-12,5.0,0.4057,0.215,0.2196,4930.19
2019,0-12,5.0,0.0896,0.215,0.2196,4408.09
2019,0-12,6.0,0.2949,0.215,0.2196,6781.43
2019,0-12,6.0,0.3405,0.215,0.2196,15152.08
2019,0-12,6.0,0.1245,0.215,0.2196,59664.76
2019,0-12,6.0,0.2624,0.215,0.2196,58675.85
2019,0-12,6.0,0.3115,0.215,0.2196,78815.4
2019,0-12,6.0,0.6166,0.215,0.2196,15406.74
2019,0-12,6.0,0.137,0.215,0.2196,46140.1
2019,0-12,6.0,0.0,0.215,0.2196,69323.48
2019,0-12,6.0,0.3452,0.215,0.2196,8691.26
2019,0-12,6.0,0.0,0.215,0.2196,2304.84
2019,0-12,6.0,0.0495,0.215,0.2196,13134.34
2019,0-12,6.0,0.3828,0.215,0.2196,43153.96
2019,0-12,6.0,0.3493,0.215,0.2196,55735.74
2019,0-12,6.0,0.4139,0.215,0.2196,56741.29
2019,0-12,6.0,0.1283,0.215,0.2196,3806.25
2019,0-12,7.0,0.4968,0.215,0.2196,30191.82
2019,0-12,7.0,0.0596,0.215,0.2196,6863.3
2019,0-12,7.0,0.0338,0.215,0.2196,64373.43
2019,0-12,7.0,0.0601,0.215,0.2196,2603.41
2019,0-12,7.0,0.1138,0.215,0.2196,34473.02
2019,0-12,7.0,0.552,0.215,0.2196,2342.36
2019,0-12,7.0,0.0823,0.215,0.2196,14064.52
2019,0-12,7.0,0.2562,0.215,0.2196,59026.47
2019,0-12,7.0,0.8255,0.215,0.2196,14662.09
2019,0-12,7.0,0.3206,0.215,0.2196,48040.28
2019,0-12,7.0,0.276,0.215,0.2196,89501.3
2019,0-12,7.0,0.5385,0.215,0.2196,26214.71
2019,0-12,7.0,0.4617,0.215,0.2196,2503.93
2019,0-12,7.0,0.0231,0.215,0.2196,15979.44
2019,0-12,7.0,0.301,0.215,0.2196,176103.4
2019,0-12,7.0,0.0251,0.215,0.2196,11795.26
2019,0-12,8.0,0.0,0.215,0.2196,4988.26
2019,0-12,8.0,0.0372,0.215,0.2196,24751.66
2019,0-12,8.0,0.6852,0.215,0.2196,2918.69
2019,0-12,8.0,0.152,0.215,0.2196,6801.67
2019,0-12,8.0,0.5816,0.215,0.2196,17192.81
2019,0-12,8.0,0.814,0.215,0.2196,1842.84
2019,0-12,8.0,0.2096,0.215,0.2196,13062.56
2019,0-12,8.0,0.2155,0.215,0.2196,15268.29
2019,0-12,8.0,0.2858,0.215,0.2196,19822.52
2019,0-12,8.0,0.0884,0.215,0.2196,1915.12
2019,0-12,8.0,0.275,0.215,0.2196,76176.22
2019,0-12,8.0,0.3392,0.215,0.2196,60441.44
2019,0-12,8.0,0.2773,0.215,0.2196,25405.41
2019,0-12,8.0,0.2009,0.215,0.2196,81533.19
2019,0-12,8.0,0.0572,0.215,0.2196,3307.55
2019,0-12,8.0,0.3265,0.215,0.2196,136173.75
2019,0-12,8.0,0.1462,0.215,0.2196,1347.13
2019,0-12,8.0,0.0736,0.215,0.2196,8806.38
2019,0-12,8.0,0.076,0.215,0.2196,3550.13
2019,0-12,9.0,0.6543,0.215,0.2196,15284.66
2019,0-12,9.0,0.2546,0.215,0.2196,40852.16
2019,0-12,9.0,0.0249,0.215,0.2196,8890.38
2019,0-12,9.0,0.0321,0.215,0.2196,9592.16
2019,0-12,9.0,0.2311,0.215,0.2196,3893.37
2019,0-12,9.0,0.0253,0.215,0.2196,4328.87
2019,0-12,9.0,0.1471,0.215,0.2196,63648.25
2019,0-12,9.0,0.0919,0.215,0.2196,31576.82
2019,0-12,9.0,0.1566,0.215,0.2196,87686.62
2019,0-12,9.0,0.2647,0.215,0.2196,23659.58
2019,0-12,9.0,0.5578,0.215,0.2196,14340.95
2019,0-12,9.0,0.3583,0.215,0.2196,5582.59
2019,0-12,9.0,0.3544,0.215,0.2196,56667.92
2019,0-12,9.0,0.174,0.215,0.2196,60047.87
2019,0-12,9.0,0.4275,0.215,0.2196,25729.76
2019,0-12,9.0,0.3087,0.215,0.2196,100299.75
2019,0-12,9.0,0.1502,0.215,0.2196,2725.71
2019,0-12,10.0,0.1854,0.215,0.2196,1832.59
2019,0-12,10.0,0.3786,0.215,0.2196,13206.34
2019,0-12,10.0,0.1993,0.215,0.2196,37795.7
2019,0-12,10.0,0.3404,0.215,0.2196,8812.11
2019,0-12,10.0,0.2338,0.215,0.2196,44044.12
2019,0-12,10.0,0.0369,0.215,0.2196,13929.16
2019,0-12,10.0,0.3654,0.215,0.2196,13682.85
2019,0-12,10.0,0.0274,0.215,0.2196,29694.93
2019,0-12,10.0,0.2648,0.215,0.2196,47721.39
2019,0-12,10.0,0.5486,0.215,0.2196,17986.81
2019,0-12,10.0,0.4766,0.215,0.2196,83599.3
2019,0-12,10.0,0.0308,0.215,0.2196,5180.8
2019,0-12,11.0,0.022,0.215,0.2196,26055.85
2019,0-12,11.0,0.59,0.215,0.2196,14557.49
2019,0-12,11.0,0.0287,0.215,0.2196,21418.05
2019,0-12,11.0,0.1645,0.215,0.2196,9422.17
2019,0-12,11.0,0.0666,0.215,0.2196,2065.25
2019,0-12,11.0,0.3094,0.215,0.2196,73651.75
2019,0-12,11.0,0.224,0.215,0.2196,26113.79
2019,0-12,11.0,0.2314,0.215,0.2196,2160.31
2019,0-12,11.0,0.2653,0.215,0.2196,36668.6
2019,0-12,11.0,0.0,0.215,0.2196,10755.11
2019,0-12,11.0,0.2058,0.215,0.2196,11079.65
2019,0-12,11.0,0.3265,0.215,0.2196,12252.16
2019,0-12,11.0,0.0766,0.215,0.2196,2702.88
2019,0-12,11.0,0.3731,0.215,0.2196,36107.18
2019,0-12,11.0,0.1392,0.215,0.2196,37719.13
2019,0-12,11.0,0.3109,0.215,0.2196,166295.55
2019,0-12,11.0,0.2664,0.215,0.2196,7722.92
2019,0-12,12.0,0.055,0.215,0.2196,10567.56
2019,0-12,12.0,0.0234,0.215,0.2196,42777.78
2019,0-12,12.0,0.6961,0.215,0.2196,10297.04
2019,0-12,12.0,0.372,0.215,0.2196,2957.38
2019,0-12,12.0,0.4965,0.215,0.2196,11804.89
2019,0-12,12.0,0.3953,0.215,0.2196,67440.86
2019,0-12,12.0,0.0243,0.215,0.2196,10866.74
2019,0-12,12.0,0.3107,0.215,0.2196,16221.6
2019,0-12,12.0,0.3141,0.215,0.2196,15916.23
2019,0-12,12.0,0.2568,0.215,0.2196,31732.92
2019,0-12,12.0,0.0752,0.215,0.2196,6295.49
2019,0-12,12.0,0.1745,0.215,0.2196,16090.37
2019,0-12,12.0,0.2846,0.215,0.2196,15685.0
2019,0-12,12.0,0.2907,0.215,0.2196,94960.47
2019,0-12,12.0,0.0,0.215,0.2196,1441.17
2019,12-36,13.0,0.1347,0.1754,0.2196,1888.37
2019,12-36,13.0,0.4432,0.1754,0.2196,5414.77
2019,12-36,13.0,0.2841,0.1754,0.2196,41671.62
2019,12-36,13.0,0.3655,0.1754,0.2196,50594.63
2019,12-36,13.0,0.4251,0.1754,0.2196,11123.81
2019,12-36,13.0,0.0668,0.1754,0.2196,4430.29
2019,12-36,13.0,0.1765,0.1754,0.2196,14575.18
2019,12-36,13.0,0.1616,0.1754,0.2196,56397.67
2019,12-36,13.0,0.0955,0.1754,0.2196,118406.04
2019,12-36,13.0,0.0279,0.1754,0.2196,69332.54
2019,12-36,13.0,0.2946,0.1754,0.2196,33444.81
2019,12-36,13.0,0.2966,0.1754,0.2196,153714.07
2019,12-36,14.0,0.0867,0.1754,0.2196,23077.81
2019,12-36,14.0,0.0505,0.1754,0.2196,9796.18
2019,12-36,14.0,0.5142,0.1754,0.2196,97243.06
2019,12-36,14.0,0.0503,0.1754,0.2196,12305.29
2019,12-36,14.0,0.0243,0.1754,0.2196,10189.43
2019,12-36,14.0,0.2039,0.1754,0.2196,12261.72
2019,12-36,14.0,0.2293,0.1754,0.2196,43519.37
2019,12-36,14.0,0.4288,0.1754,0.2196,34655.01
2019,12-36,14.0,0.0825,0.1754,0.2196,28327.3
2019,12-36,14.0,0.1638,0.1754,0.2196,3810.02
2019,12-36,14.0,0.2117,0.1754,0.2196,21900.95
2019,12-36,14.0,0.3882,0.1754,0.2196,1803.21
2019,12-36,14.0,0.294,0.1754,0.2196,13032.12
2019,12-36,14.0,0.0209,0.1754,0.2196,75247.91
2019,12-36,14.0,0.5348,0.1754,0.2196,11504.24
2019,12-36,14.0,0.2597,0.1754,0.2196,86539.14
2019,12-36,15.0,0.9264,0.1754,0.2196,14032.51
2019,12-36,15.0,0.0114,0.1754,0.2196,75792.63
2019,12-36,15.0,0.0807,0.1754,0.2196,12387.08
2019,12-36,15.0,0.0726,0.1754,0.2196,3098.08
2019,12-36,15.0,0.1727,0.1754,0.2196,42474.87
2019,12-36,15.0,0.6216,0.1754,0.2196,52515.93
2019,12-36,15.0,0.1136,0.1754,0.2196,26409.05
2019,12-36,15.0,0.5188,0.1754,0.2196,89436.91
2019,12-36,15.0,0.6165,0.1754,0.2196,6488.14
2019,12-36,15.0,0.0338,0.1754,0.2196,4543.38
2019,12-36,15.0,0.301,0.1754,0.2196,31558.05
2019,12-36,15.0,0.1564,0.1754,0.2196,57284.21
2019,12-36,15.0,0.0731,0.1754,0.2196,13681.48
2019,12-36,15.0,0.1495,0.1754,0.2196,48027.35
2019,12-36,15.0,0.2118,0.1754,0.2196,22658.66
2019,12-36,15.0,0.1621,0.1754,0.2196,4318.5
2019,12-36,16.0,0.2428,0.1754,0.2196,8236.86
2019,12-36,16.0,0.3426,0.1754,0.2196,29187.43
2019,12-36,16.0,0.056,0.1754,0.2196,19268.19
2019,12-36,16.0,0.0715,0.1754,0.2196,22520.85
2019,12-36,16.0,0.5972,0.1754,0.2196,10046.88
2019,12-36,16.0,0.0888,0.1754,0.2196,81952.78
2019,12-36,16.0,0.0424,0.1754,0.2196,21170.78
2019,12-36,16.0,0.2223,0.1754,0.2196,19087.0
2019,12-36,16.0,0.0964,0.1754,0.2196,25932.04
2019,12-36,16.0,0.1234,0.1754,0.2196,38976.56
2019,12-36,16.0,0.2979,0.1754,0.2196,117042.74
2019,12-36,17.0,0.0585,0.1754,0.2196,15101.86
2019,12-36,17.0,0.0457,0.1754,0.2196,9338.39
2019,12-36,17.0,0.0683,0.1754,0.2196,21059.93
2019,12-36,17.0,0.2113,0.1754,0.2196,14199.75
2019,12-36,17.0,0.1882,0.1754,0.2196,19634.35
2019,12-36,17.0,0.018,0.1754,0.2196,36183.94
2019,12-36,17.0,0.4171,0.1754,0.2196,103823.54
2019,12-36,17.0,0.2922,0.1754,0.2196,23959.12
2019,12-36,17.0,0.8963,0.1754,0.2196,2371.16
2019,12-36,17.0,0.4097,0.1754,0.2196,10984.07
2019,12-36,17.0,0.6082,0.1754,0.2196,1644.24
2019,12-36,17.0,0.3829,0.1754,0.2196,3763.19
2019,12-36,17.0,0.2856,0.1754,0.2196,57071.32
2019,12-36,17.0,0.0289,0.1754,0.2196,3746.8
2019,12-36,18.0,0.0,0.1754,0.2196,6058.11
2019,12-36,18.0,0.3658,0.1754,0.2196,16402.32
2019,12-36,18.0,0.6481,0.1754,0.2196,4937.59
2019,12-36,18.0,0.3234,0.1754,0.2196,36272.75
2019,12-36,18.0,0.1846,0.1754,0.2196,28873.67
2019,12-36,18.0,0.3354,0.1754,0.2196,5962.63
2019,12-36,18.0,0.0744,0.1754,0.2196,60237.71
2019,12-36,18.0,0.31,0.1754,0.2196,17241.98
2019,12-36,18.0,0.4781,0.1754,0.2196,55087.04
2019,12-36,18.0,0.3119,0.1754,0.2196,1835.57
2019,12-36,19.0,0.0227,0.1754,0.2196,9428.15
2019,12-36,19.0,0.0389,0.1754,0.2196,15405.78
2019,12-36,19.0,0.9983,0.1754,0.2196,2504.34
2019,12-36,19.0,0.2294,0.1754,0.2196,34877.47
2019,12-36,19.0,0.2585,0.1754,0.2196,5028.73
2019,12-36,19.0,0.8717,0.1754,0.2196,45885.29
2019,12-36,19.0,0.4134,0.1754,0.2196,51717.19
2019,12-36,19.0,0.093,0.1754,0.2196,11524.74
2019,12-36,19.0,0.0525,0.1754,0.2196,67163.14
2019,12-36,19.0,0.2121,0.1754,0.2196,18857.45
2019,12-36,19.0,0.3924,0.1754,0.2196,123966.48
2019,12-36,20.0,0.5897,0.1754,0.2196,2882.86
2019,12-36,20.0,0.1278,0.1754,0.2196,2476.58
2019,12-36,20.0,0.1264,0.1754,0.2196,35146.67
2019,12-36,20.0,0.5082,0.1754,0.2196,6690.76
2019,12-36,20.0,0.2447,0.1754,0.2196,10218.15
2019,12-36,20.0,0.9992,0.1754,0.2196,7627.65
2019,12-36,20.0,0.0155,0.1754,0.2196,28386.02
2019,12-36,20.0,0.881,0.1754,0.2196,10215.78
2019,12-36,20.0,0.1825,0.1754,0.2196,70700.78
2019,12-36,20.0,0.5696,0.1754,0.2196,34237.12
2019,12-36,20.0,0.1842,0.1754,0.2196,5428.27
2019,12-36,21.0,0.1279,0.1754,0.2196,9799.29
2019,12-36,21.0,0.5984,0.1754,0.2196,4177.87
2019,12-36,21.0,0.0818,0.1754,0.2196,14668.99
2019,12-36,21.0,0.675,0.1754,0.2196,64263.81
2019,12-36,21.0,0.0196,0.1754,0.2196,20089.19
2019,12-36,21.0,0.3492,0.1754,0.2196,26430.03
2019,12-36,21.0,0.5067,0.1754,0.2196,35515.5
2019,12-36,21.0,0.3668,0.1754,0.2196,4089.46
2019,12-36,21.0,0.1756,0.1754,0.2196,12101.21
2019,12-36,21.0,0.048,0.1754,0.2196,10412.24
2019,12-36,21.0,0.1929,0.1754,0.2196,27338.3
2019,12-36,21.0,0.3206,0.1754,0.2196,3118.89
2019,12-36,22.0,0.0074,0.1754,0.2196,161743.99
2019,12-36,22.0,0.1615,0.1754,0.2196,55733.84
2019,12-36,22.0,0.1094,0.1754,0.2196,98686.23
2019,12-36,22.0,0.8973,0.1754,0.2196,1114.46
2019,12-36,22.0,0.5758,0.1754,0.2196,34736.54
2019,12-36,22.0,0.4453,0.1754,0.2196,116774.13
2019,12-36,22.0,0.7493,0.1754,0.2196,8007.4
2019,12-36,22.0,0.825,0.1754,0.2196,12121.2
2019,12-36,22.0,0.1896,0.1754,0.2196,1626.87
2019,12-36,22.0,0.0291,0.1754,0.2196,10422.57
2019,12-36,22.0,0.0191,0.1754,0.2196,47150.88
2019,12-36,22.0,0.4955,0.1754,0.2196,2018.26
2019,12-36,22.0,0.7488,0.1754,0.2196,9947.28
2019,12-36,22.0,0.1937,0.1754,0.2196,21713.37
2019,12-36,22.0,0.2289,0.1754,0.2196,5645.36
2019,12-36,22.0,0.224,0.1754,0.2196,7483.45
2019,12-36,23.0,0.0,0.1754,0.2196,7690.4
2019,12-36,23.0,0.0835,0.1754,0.2196,4791.71
2019,12-36,23.0,0.0174,0.1754,0.2196,2880.47
2019,12-36,23.0,0.0482,0.1754,0.2196,7142.95
2019,12-36,23.0,0.9735,0.1754,0.2196,5136.28
2019,12-36,23.0,0.0154,0.1754,0.2196,69611.97
2019,12-36,23.0,0.2946,0.1754,0.2196,173342.27
2019,12-36,23.0,0.0297,0.1754,0.2196,35208.19
2019,12-36,23.0,0.0787,0.1754,0.2196,63542.43
2019,12-36,23.0,0.0596,0.1754,0.2196,1677.64
2019,12-36,23.0,0.2052,0.1754,0.2196,15835.23
2019,12-36,23.0,0.0258,0.1754,0.2196,11580.84
2019,12-36,23.0,0.3144,0.1754,0.2196,39759.76
2019,12-36,24.0,0.0,0.1754,0.2196,4852.74
2019,12-36,24.0,0.9421,0.1754,0.2196,3184.25
2019,12-36,24.0,0.5482,0.1754,0.2196,17328.69
2019,12-36,24.0,0.7334,0.1754,0.2196,13634.75
2019,12-36,24.0,0.0332,0.1754,0.2196,18390.65
2019,12-36,24.0,0.0081,0.1754,0.2196,184975.38
2019,12-36,24.0,0.0,0.1754,0.2196,24233.51
2019,12-36,24.0,0.2147,0.1754,0.2196,77573.84
2019,12-36,24.0,0.0844,0.1754,0.2196,79281.89
2019,12-36,24.0,0.9913,0.1754,0.2196,3026.24
2019,12-36,24.0,0.7195,0.1754,0.2196,116948.29
2019,12-36,24.0,0.249,0.1754,0.2196,4015.59
2019,12-36,24.0,0.4952,0.1754,0.2196,2604.95
2019,12-36,25.0,0.0065,0.1754,0.2196,159325.1
2019,12-36,25.0,0.1129,0.1754,0.2196,30993.7
2019,12-36,25.0,0.2674,0.1754,0.2196,19580.77
2019,12-36,25.0,0.0107,0.1754,0.2196,73882.38
2019,12-36,25.0,0.004,0.1754,0.2196,26446.43
2019,12-36,25.0,0.4602,0.1754,0.2196,10864.1
2019,12-36,25.0,0.7387,0.1754,0.2196,10829.38
2019,12-36,25.0,0.026,0.1754,0.2196,66630.97
2019,12-36,25.0,0.1077,0.1754,0.2196,16020.72
2019,12-36,26.0,0.102,0.1754,0.2196,14815.62
2019,12-36,26.0,0.1284,0.1754,0.2196,79710.38
2019,12-36,26.0,0.5384,0.1754,0.2196,3928.54
2019,12-36,26.0,0.229,0.1754,0.2196,10307.11
2019,12-36,26.0,0.1443,0.1754,0.2196,22426.52
2019,12-36,26.0,0.1507,0.1754,0.2196,19993.09
2019,12-36,26.0,0.1528,0.1754,0.2196,52818.96
2019,12-36,26.0,0.0214,0.1754,0.2196,32314.55
2019,12-36,26.0,0.0,0.1754,0.2196,4598.32
2019,12-36,26.0,0.0452,0.1754,0.2196,2435.68
2019,12-36,26.0,0.4167,0.1754,0.2196,9598.4
2019,12-36,26.0,0.3864,0.1754,0.2196,22611.19
2019,12-36,27.0,0.0682,0.1754,0.2196,172044.23
2019,12-36,27.0,0.0322,0.1754,0.2196,27819.57
2019,12-36,27.0,0.3243,0.1754,0.2196,9250.55
2019,12-36,27.0,0.0343,0.1754,0.2196,95993.71
2019,12-36,27.0,0.016,0.1754,0.2196,15461.49
2019,12-36,27.0,0.0158,0.1754,0.2196,70051.26
2019,12-36,27.0,0.5249,0.1754,0.2196,76645.54
2019,12-36,27.0,0.2252,0.1754,0.2196,4884.97
2019,12-36,28.0,0.0741,0.1754,0.2196,13503.28
2019,12-36,28.0,0.1164,0.1754,0.2196,7041.43
2019,12-36,28.0,0.0868,0.1754,0.2196,3455.79
2019,12-36,28.0,0.3019,0.1754,0.2196,1793.54
2019,12-36,28.0,0.0981,0.1754,0.2196,10198.28
2019,12-36,28.0,0.6852,0.1754,0.2196,29190.25
2019,12-36,28.0,0.9239,0.1754,0.2196,22350.63
2019,12-36,28.0,0.0191,0.1754,0.2196,36815.51
2019,12-36,28.0,0.5779,0.1754,0.2196,33924.72
2019,12-36,28.0,0.0879,0.1754,0.2196,36167.17
2019,12-36,28.0,0.2078,0.1754,0.2196,35817.58
2019,12-36,28.0,0.2375,0.1754,0.2196,4841.9
2019,12-36,28.0,0.0612,0.1754,0.2196,19168.43
2019,12-36,28.0,0.0774,0.1754,0.2196,22024.33
2019,12-36,28.0,0.0407,0.1754,0.2196,5762.24
2019,12-36,28.0,0.3657,0.1754,0.2196,4375.43
2019,12-36,29.0,0.1166,0.1754,0.2196,4287.29
2019,12-36,29.0,0.5024,0.1754,0.2196,9951.46
2019,12-36,29.0,0.0401,0.1754,0.2196,2808.08
2019,12-36,29.0,0.1275,0.1754,0.2196,1610.36
2019,12-36,29.0,0.6309,0.1754,0.2196,12916.63
2019,12-36,29.0,0.0548,0.1754,0.2196,18490.63
2019,12-36,29.0,0.2099,0.1754,0.2196,23822.96
2019,12-36,29.0,0.0954,0.1754,0.2196,10515.46
2019,12-36,29.0,0.3417,0.1754,0.2196,26367.53
2019,12-36,29.0,0.4615,0.1754,0.2196,23044.57
2019,12-36,29.0,0.2526,0.1754,0.2196,2098.12
2019,12-36,29.0,0.0,0.1754,0.2196,12625.59
2019,12-36,30.0,0.3335,0.1754,0.2196,56963.55
2019,12-36,30.0,0.5084,0.1754,0.2196,1475.15
2019,12-36,30.0,0.1624,0.1754,0.2196,61560.16
2019,12-36,30.0,0.05,0.1754,0.2196,77371.82
2019,12-36,30.0,0.0945,0.1754,0.2196,8034.46
2019,12-36,30.0,0.7106,0.1754,0.2196,12659.13
2019,12-36,30.0,0.5605,0.1754,0.2196,14807.02
2019,12-36,30.0,0.119,0.1754,0.2196,2101.04
2019,12-36,30.0,0.0358,0.1754,0.2196,54688.37
2019,12-36,30.0,0.2392,0.1754,0.2196,11473.26
2019,12-36,30.0,0.0321,0.1754,0.2196,4822.88
2019,12-36,31.0,0.1342,0.1754,0.2196,3880.65
2019,12-36,31.0,0.0498,0.1754,0.2196,5618.94
2019,12-36,31.0,0.1664,0.1754,0.2196,1490.79
2019,12-36,31.0,0.2424,0.1754,0.2196,2887.79
2019,12-36,31.0,0.0791,0.1754,0.2196,21726.7
2019,12-36,31.0,0.119,0.1754,0.2196,13954.95
2019,12-36,31.0,0.2458,0.1754,0.2196,1213.63
2019,12-36,31.0,0.1886,0.1754,0.2196,6361.88
2019,12-36,31.0,0.0396,0.1754,0.2196,5298.14
2019,12-36,31.0,0.2918,0.1754,0.2196,1248.9
2019,12-36,31.0,0.2568,0.1754,0.2196,21057.93
2019,12-36,31.0,0.2184,0.1754,0.2196,45792.18
2019,12-36,31.0,0.9309,0.1754,0.2196,7519.27
2019,12-36,31.0,0.0328,0.1754,0.2196,11785.71
2019,12-36,32.0,0.5966,0.1754,0.2196,3352.35
2019,12-36,32.0,0.9579,0.1754,0.2196,15659.58
2019,12-36,32.0,0.6154,0.1754,0.2196,14625.49
2019,12-36,32.0,0.4438,0.1754,0.2196,22970.0
2019,12-36,32.0,0.0454,0.1754,0.2196,14657.19
2019,12-36,32.0,0.0482,0.1754,0.2196,1707.43
2019,12-36,32.0,0.0221,0.1754,0.2196,20566.16
2019,12-36,32.0,0.7264,0.1754,0.2196,48455.01
2019,12-36,32.0,0.7403,0.1754,0.2196,2296.5
2019,12-36,33.0,0.1118,0.1754,0.2196,6446.43
2019,12-36,33.0,0.0835,0.1754,0.2196,4526.73
2019,12-36,33.0,0.5167,0.1754,0.2196,9522.15
2019,12-36,33.0,0.5195,0.1754,0.2196,9625.43
2019,12-36,33.0,0.0138,0.1754,0.2196,17086.06
2019,12-36,33.0,0.1394,0.1754,0.2196,20005.31
2019,12-36,33.0,0.1398,0.1754,0.2196,70831.57
2019,12-36,33.0,0.5996,0.1754,0.2196,20475.17
2019,12-36,33.0,0.1865,0.1754,0.2196,16089.42
2019,12-36,34.0,0.5563,0.1754,0.2196,6291.28
2019,12-36,34.0,0.5188,0.1754,0.2196,6525.36
2019,12-36,34.0,0.0477,0.1754,0.2196,4188.56
2019,12-36,34.0,0.1575,0.1754,0.2196,139699.03
2019,12-36,34.0,0.272,0.1754,0.2196,1991.86
2019,12-36,34.0,0.4379,0.1754,0.2196,107821.58
2019,12-36,35.0,0.6621,0.1754,0.2196,3776.09
2019,12-36,35.0,0.0142,0.1754,0.2196,70916.95
2019,12-36,35.0,0.0516,0.1754,0.2196,15673.7
2019,12-36,35.0,0.124,0.1754,0.2196,34013.71
2019,12-36,35.0,0.33,0.1754,0.2196,24131.98
2019,12-36,36.0,0.2157,0.1754,0.2196,1651.79
2019,12-36,36.0,0.7315,0.1754,0.2196,3309.05
2019,12-36,36.0,0.2573,0.1754,0.2196,36524.21
2019,12-36,36.0,0.1584,0.1754,0.2196,31572.11
2019,12-36,36.0,0.5704,0.1754,0.2196,18845.64
2019,12-36,36.0,0.9789,0.1754,0.2196,2043.1
2019,12-36,36.0,0.024,0.1754,0.2196,14572.07
2019,36-60,37.0,0.1057,0.1198,0.2196,2059.43
2019,36-60,37.0,0.4108,0.1198,0.2196,1217.08
2019,36-60,37.0,0.8544,0.1198,0.2196,2340.77
2019,36-60,37.0,0.095,0.1198,0.2196,6556.93
2019,36-60,37.0,0.361,0.1198,0.2196,22161.64
2019,36-60,37.0,0.0,0.1198,0.2196,1515.76
2019,36-60,37.0,0.0391,0.1198,0.2196,35258.96
2019,36-60,37.0,0.3858,0.1198,0.2196,8295.33
2019,36-60,37.0,0.107,0.1198,0.2196,1393.07
2019,36-60,37.0,0.2283,0.1198,0.2196,4626.19
2019,36-60,38.0,0.0668,0.1198,0.2196,2660.14
2019,36-60,38.0,0.0494,0.1198,0.2196,17150.6
2019,36-60,38.0,0.1406,0.1198,0.2196,6316.42
2019,36-60,38.0,0.7662,0.1198,0.2196,2610.22
2019,36-60,38.0,0.0659,0.1198,0.2196,8255.71
2019,36-60,38.0,0.5362,0.1198,0.2196,3357.09
2019,36-60,38.0,0.3851,0.1198,0.2196,1038.63
2019,36-60,38.0,0.0785,0.1198,0.2196,27388.38
2019,36-60,39.0,0.0184,0.1198,0.2196,36575.25
2019,36-60,39.0,0.0143,0.1198,0.2196,22889.59
2019,36-60,39.0,0.3416,0.1198,0.2196,2927.56
2019,36-60,39.0,0.0553,0.1198,0.2196,7048.23
2019,36-60,39.0,0.0209,0.1198,0.2196,68683.13
2019,36-60,39.0,0.1798,0.1198,0.2196,2780.61
2019,36-60,39.0,0.063,0.1198,0.2196,24048.51
2019,36-60,39.0,0.0367,0.1198,0.2196,5452.43
2019,36-60,39.0,0.4319,0.1198,0.2196,8206.41
2019,36-60,39.0,0.6665,0.1198,0.2196,8007.58
2019,36-60,39.0,0.0,0.1198,0.2196,3226.29
2019,36-60,40.0,0.0777,0.1198,0.2196,17902.47
2019,36-60,40.0,0.0,0.1198,0.2196,65115.67
2019,36-60,40.0,0.3441,0.1198,0.2196,1453.01
2019,36-60,40.0,0.1062,0.1198,0.2196,6925.37
2019,36-60,40.0,0.2816,0.1198,0.2196,60362.44
2019,36-60,40.0,0.6474,0.1198,0.2196,1065.86
2019,36-60,40.0,0.0,0.1198,0.2196,14764.89
2019,36-60,41.0,0.9689,0.1198,0.2196,7224.75
2019,36-60,41.0,0.143,0.1198,0.2196,2832.61
2019,36-60,41.0,0.033,0.1198,0.2196,10106.2
2019,36-60,41.0,0.3217,0.1198,0.2196,20873.53
2019,36-60,41.0,0.0955,0.1198,0.2196,4189.53
2019,36-60,41.0,0.0343,0.1198,0.2196,57343.37
2019,36-60,41.0,0.0956,0.1198,0.2196,20918.65
2019,36-60,41.0,0.7912,0.1198,0.2196,1263.87
2019,36-60,41.0,0.0099,0.1198,0.2196,60622.36
2019,36-60,41.0,0.3545,0.1198,0.2196,2256.39
2019,36-60,42.0,0.042,0.1198,0.2196,3480.51
2019,36-60,42.0,0.1821,0.1198,0.2196,19216.65
2019,36-60,42.0,0.0741,0.1198,0.2196,54011.02
2019,36-60,42.0,0.069,0.1198,0.2196,3000.4
2019,36-60,42.0,0.9116,0.1198,0.2196,3400.64
2019,36-60,42.0,0.7338,0.1198,0.2196,20442.41
2019,36-60,42.0,0.5273,0.1198,0.2196,28447.48
2019,36-60,42.0,0.2009,0.1198,0.2196,1632.11
2019,36-60,43.0,0.1567,0.1198,0.2196,7617.86
2019,36-60,43.0,0.5385,0.1198,0.2196,11142.58
2019,36-60,43.0,0.1157,0.1198,0.2196,6026.3
2019,36-60,43.0,0.1031,0.1198,0.2196,2910.45
2019,36-60,43.0,0.1432,0.1198,0.2196,6510.87
2019,36-60,44.0,0.1305,0.1198,0.2196,38302.65
2019,36-60,44.0,0.0312,0.1198,0.2196,42343.86
2019,36-60,44.0,0.8565,0.1198,0.2196,11616.44
2019,36-60,44.0,0.3173,0.1198,0.2196,3151.13
2019,36-60,44.0,0.308,0.1198,0.2196,25970.22
2019,36-60,44.0,0.3157,0.1198,0.2196,19007.63
2019,36-60,44.0,0.265,0.1198,0.2196,1886.99
2019,36-60,44.0,0.2318,0.1198,0.2196,9145.34
2019,36-60,44.0,0.3254,0.1198,0.2196,35008.83
2019,36-60,44.0,0.051,0.1198,0.2196,3039.86
2019,36-60,45.0,0.4567,0.1198,0.2196,2977.97
2019,36-60,45.0,0.086,0.1198,0.2196,1774.99
2019,36-60,45.0,0.0,0.1198,0.2196,1358.9
2019,36-60,45.0,0.1967,0.1198,0.2196,2033.89
2019,36-60,45.0,0.0794,0.1198,0.2196,80221.29
2019,36-60,46.0,0.026,0.1198,0.2196,98377.93
2019,36-60,46.0,0.3029,0.1198,0.2196,1815.89
2019,36-60,46.0,0.0,0.1198,0.2196,51628.03
2019,36-60,46.0,0.6947,0.1198,0.2196,2159.31
2019,36-60,47.0,0.0462,0.1198,0.2196,4326.35
2019,36-60,47.0,0.051,0.1198,0.2196,4901.15
2019,36-60,47.0,0.0314,0.1198,0.2196,14506.9
2019,36-60,47.0,0.7127,0.1198,0.2196,3507.99
2019,36-60,47.0,0.1689,0.1198,0.2196,3671.42
2019,36-60,47.0,0.1544,0.1198,0.2196,66144.93
2019,36-60,47.0,0.0588,0.1198,0.2196,2634.29
2019,36-60,48.0,0.0,0.1198,0.2196,24985.46
2019,36-60,48.0,0.3343,0.1198,0.2196,2991.47
2019,36-60,48.0,0.0208,0.1198,0.2196,36429.88
2019,36-60,48.0,0.0652,0.1198,0.2196,12530.12
2019,36-60,49.0,0.3742,0.1198,0.2196,40086.24
2019,36-60,49.0,0.0525,0.1198,0.2196,2664.2
2019,36-60,49.0,0.2166,0.1198,0.2196,1650.72
2019,36-60,49.0,0.1097,0.1198,0.2196,43258.0
2019,36-60,50.0,0.2057,0.1198,0.2196,24309.73
2019,36-60,50.0,0.0528,0.1198,0.2196,4342.03
2019,36-60,50.0,0.0137,0.1198,0.2196,60823.71
2019,36-60,50.0,0.2353,0.1198,0.2196,5949.1
2019,36-60,50.0,0.0,0.1198,0.2196,4911.17
2019,36-60,50.0,0.0,0.1198,0.2196,9551.91
2019,36-60,51.0,0.5992,0.1198,0.2196,4172.18
2019,36-60,51.0,0.0611,0.1198,0.2196,132172.48
2019,36-60,51.0,0.2206,0.1198,0.2196,5926.14
2019,36-60,51.0,0.24,0.1198,0.2196,4696.76
2019,36-60,52.0,0.268,0.1198,0.2196,2895.16
2019,36-60,52.0,0.7485,0.1198,0.2196,2671.95
2019,36-60,52.0,0.2437,0.1198,0.2196,21563.55
2019,36-60,52.0,0.0777,0.1198,0.2196,38617.39
2019,36-60,52.0,0.1287,0.1198,0.2196,1632.38
2019,36-60,52.0,0.2676,0.1198,0.2196,3737.42
2019,36-60,53.0,0.7487,0.1198,0.2196,10684.99
2019,36-60,53.0,0.339,0.1198,0.2196,3775.99
2019,36-60,53.0,0.3998,0.1198,0.2196,21258.56
2019,36-60,54.0,0.0,0.1198,0.2196,58228.76
2019,36-60,54.0,0.5556,0.1198,0.2196,16198.57
2019,36-60,54.0,0.0252,0.1198,0.2196,25297.13
2019,36-60,56.0,0.0242,0.1198,0.2196,44887.99
2019,36-60,56.0,0.076,0.1198,0.2196,2435.79
2019,36-60,56.0,0.0648,0.1198,0.2196,7710.8
2019,36-60,57.0,0.0529,0.1198,0.2196,49812.26
2019,36-60,58.0,0.2304,0.1198,0.2196,24740.57
2020,0-12,1.0,0.1845,0.215,0.2096,1344.25
2020,0-12,1.0,0.2996,0.215,0.2096,4797.95
2020,0-12,1.0,0.1674,0.215,0.2096,1188.67
2020,0-12,1.0,0.0792,0.215,0.2096,42581.88
2020,0-12,1.0,0.0053,0.215,0.2096,28544.94
2020,0-12,1.0,0.0337,0.215,0.2096,53994.74
2020,0-12,2.0,0.834,0.215,0.2096,11990.44
2020,0-12,2.0,0.6259,0.215,0.2096,15179.09
2020,0-12,2.0,0.6689,0.215,0.2096,5979.56
2020,0-12,2.0,0.0958,0.215,0.2096,21191.16
2020,0-12,2.0,0.3548,0.215,0.2096,22550.39
2020,0-12,2.0,0.2624,0.215,0.2096,18833.41
2020,0-12,2.0,0.1877,0.215,0.2096,20363.95
2020,0-12,2.0,0.2655,0.215,0.2096,2260.07
2020,0-12,2.0,0.0613,0.215,0.2096,11407.11
2020,0-12,2.0,0.1729,0.215,0.2096,2891.16
2020,0-12,2.0,0.0219,0.215,0.2096,14186.08
2020,0-12,2.0,0.19,0.215,0.2096,85370.43
2020,0-12,2.0,0.1458,0.215,0.2096,6857.08
2020,0-12,2.0,0.1104,0.215,0.2096,3513.67
2020,0-12,3.0,0.0492,0.215,0.2096,9124.23
2020,0-12,3.0,0.2146,0.215,0.2096,4658.97
2020,0-12,3.0,0.0223,0.215,0.2096,18710.78
2020,0-12,3.0,0.0465,0.215,0.2096,167552.26
2020,0-12,3.0,0.3348,0.215,0.2096,30421.2
2020,0-12,3.0,0.9947,0.215,0.2096,3015.87
2020,0-12,3.0,0.3937,0.215,0.2096,2885.96
2020,0-12,3.0,0.223,0.215,0.2096,5828.53
2020,0-12,3.0,0.3346,0.215,0.2096,29377.63
2020,0-12,3.0,0.5928,0.215,0.2096,11123.47
2020,0-12,3.0,0.3372,0.215,0.2096,48894.26
2020,0-12,3.0,0.0736,0.215,0.2096,93699.03
2020,0-12,3.0,0.1588,0.215,0.2096,132062.67
2020,0-12,4.0,0.9933,0.215,0.2096,2516.88
2020,0-12,4.0,0.363,0.215,0.2096,5371.36
2020,0-12,4.0,0.0637,0.215,0.2096,3005.69
2020,0-12,4.0,0.0,0.215,0.2096,14149.43
2020,0-12,4.0,0.9961,0.215,0.2096,3011.79
2020,0-12,4.0,0.1347,0.215,0.2096,19571.46
2020,0-12,4.0,0.3419,0.215,0.2096,60720.79
2020,0-12,4.0,0.0839,0.215,0.2096,2353.74
2020,0-12,4.0,0.0504,0.215,0.2096,24024.67
2020,0-12,4.0,0.2452,0.215,0.2096,69969.61
2020,0-12,4.0,0.1255,0.215,0.2096,11363.86
2020,0-12,4.0,0.5189,0.215,0.2096,9635.31
2020,0-12,4.0,0.5861,0.215,0.2096,81648.54
2020,0-12,4.0,0.0384,0.215,0.2096,10850.95
2020,0-12,4.0,0.0289,0.215,0.2096,56432.42
2020,0-12,5.0,0.0181,0.215,0.2096,31378.07
2020,0-12,5.0,0.0427,0.215,0.2096,25023.85
2020,0-12,5.0,0.0479,0.215,0.2096,20886.72
2020,0-12,5.0,0.0818,0.215,0.2096,317664.98
2020,0-12,5.0,0.1032,0.215,0.2096,18131.91
2020,0-12,5.0,0.112,0.215,0.2096,26292.74
2020,0-12,5.0,0.0831,0.215,0.2096,7320.55
2020,0-12,5.0,0.3778,0.215,0.2096,9263.71
2020,0-12,5.0,0.3133,0.215,0.2096,36559.57
2020,0-12,5.0,0.1584,0.215,0.2096,62114.74
2020,0-12,5.0,0.6618,0.215,0.2096,4532.93
2020,0-12,5.0,0.1138,0.215,0.2096,82385.96
2020,0-12,5.0,0.022,0.215,0.2096,9366.7
2020,0-12,5.0,0.0991,0.215,0.2096,23481.99
2020,0-12,6.0,0.1108,0.215,0.2096,42886.0
2020,0-12,6.0,0.1491,0.215,0.2096,8045.75
2020,0-12,6.0,0.2508,0.215,0.2096,19935.08
2020,0-12,6.0,0.3957,0.215,0.2096,8471.43
2020,0-12,6.0,0.112,0.215,0.2096,177051.63
2020,0-12,6.0,0.5116,0.215,0.2096,16208.35
2020,0-12,6.0,0.1068,0.215,0.2096,69053.7
2020,0-12,6.0,0.0869,0.215,0.2096,11513.43
2020,0-12,6.0,0.1463,0.215,0.2096,110555.84
2020,0-12,6.0,0.0583,0.215,0.2096,32095.22
2020,0-12,6.0,0.1438,0.215,0.2096,6952.22
2020,0-12,6.0,0.4035,0.215,0.2096,67630.36
2020,0-12,7.0,0.1719,0.215,0.2096,38386.42
2020,0-12,7.0,0.1489,0.215,0.2096,17455.75
2020,0-12,7.0,0.4975,0.215,0.2096,10051.1
2020,0-12,7.0,0.0318,0.215,0.2096,3408.22
2020,0-12,7.0,0.3397,0.215,0.2096,26790.81
2020,0-12,7.0,0.5273,0.215,0.2096,51558.26
2020,0-12,7.0,0.275,0.215,0.2096,75569.08
2020,0-12,7.0,0.1033,0.215,0.2096,24822.72
2020,0-12,7.0,0.1567,0.215,0.2096,49305.52
2020,0-12,7.0,0.268,0.215,0.2096,39685.36
2020,0-12,7.0,0.2915,0.215,0.2096,40539.33
2020,0-12,7.0,0.1582,0.215,0.2096,107810.15
2020,0-12,7.0,0.0976,0.215,0.2096,24077.73
2020,0-12,7.0,0.3036,0.215,0.2096,31295.99
2020,0-12,7.0,0.3741,0.215,0.2096,158547.65
2020,0-12,8.0,0.0886,0.215,0.2096,22580.41
2020,0-12,8.0,0.0975,0.215,0.2096,11584.24
2020,0-12,8.0,0.4363,0.215,0.2096,20630.36
2020,0-12,8.0,0.0536,0.215,0.2096,11198.65
2020,0-12,8.0,0.5704,0.215,0.2096,26295.11
2020,0-12,8.0,0.0854,0.215,0.2096,35768.21
2020,0-12,8.0,0.3811,0.215,0.2096,24928.91
2020,0-12,8.0,0.8056,0.215,0.2096,33414.12
2020,0-12,8.0,0.4388,0.215,0.2096,41701.76
2020,0-12,8.0,0.5226,0.215,0.2096,6505.56
2020,0-12,8.0,0.0361,0.215,0.2096,22134.4
2020,0-12,8.0,0.0777,0.215,0.2096,64321.08
2020,0-12,8.0,0.5617,0.215,0.2096,26740.96
2020,0-12,8.0,0.2467,0.215,0.2096,90355.34
2020,0-12,8.0,0.2135,0.215,0.2096,90196.73
2020,0-12,8.0,0.1039,0.215,0.2096,24889.81
2020,0-12,8.0,0.3049,0.215,0.2096,276499.2
2020,0-12,9.0,0.1996,0.215,0.2096,30057.04
2020,0-12,9.0,0.0,0.215,0.2096,1361.7
2020,0-12,9.0,0.4167,0.215,0.2096,69319.22
2020,0-12,9.0,0.4457,0.215,0.2096,44873.57
2020,0-12,9.0,0.2813,0.215,0.2096,2746.77
2020,0-12,9.0,0.0878,0.215,0.2096,67134.49
2020,0-12,9.0,0.4643,0.215,0.2096,19385.38
2020,0-12,9.0,0.0853,0.215,0.2096,23058.9
2020,0-12,9.0,0.6452,0.215,0.2096,5898.84
2020,0-12,9.0,0.0316,0.215,0.2096,19292.95
2020,0-12,9.0,0.0599,0.215,0.2096,13211.26
2020,0-12,9.0,0.8533,0.215,0.2096,12949.82
2020,0-12,9.0,0.0961,0.215,0.2096,40063.56
2020,0-12,9.0,0.9133,0.215,0.2096,3284.81
2020,0-12,9.0,0.1849,0.215,0.2096,228081.55
2020,0-12,9.0,0.0583,0.215,0.2096,8629.95
2020,0-12,10.0,0.3096,0.215,0.2096,12920.12
2020,0-12,10.0,0.4012,0.215,0.2096,24922.21
2020,0-12,10.0,0.5167,0.215,0.2096,7166.75
2020,0-12,10.0,0.177,0.215,0.2096,53673.72
2020,0-12,10.0,0.7857,0.215,0.2096,1527.32
2020,0-12,10.0,0.3546,0.215,0.2096,3665.87
2020,0-12,10.0,0.8313,0.215,0.2096,18569.68
2020,0-12,10.0,0.2417,0.215,0.2096,61446.06
2020,0-12,10.0,0.6493,0.215,0.2096,29200.99
2020,0-12,10.0,0.0387,0.215,0.2096,5171.72
2020,0-12,10.0,0.2008,0.215,0.2096,35655.68
2020,0-12,11.0,0.0476,0.215,0.2096,23177.8
2020,0-12,11.0,0.3117,0.215,0.2096,44919.19
2020,0-12,11.0,0.2171,0.215,0.2096,6435.3
2020,0-12,11.0,0.2293,0.215,0.2096,25854.77
2020,0-12,11.0,0.2913,0.215,0.2096,29176.93
2020,0-12,11.0,0.048,0.215,0.2096,7829.9
2020,0-12,11.0,0.2051,0.215,0.2096,17548.58
2020,0-12,11.0,0.0649,0.215,0.2096,95618.47
2020,0-12,11.0,0.2928,0.215,0.2096,86281.13
2020,0-12,11.0,0.0337,0.215,0.2096,2264.52
2020,0-12,11.0,0.0,0.215,0.2096,9154.17
2020,0-12,12.0,0.0,0.215,0.2096,16687.0
2020,0-12,12.0,0.068,0.215,0.2096,1050.66
2020,0-12,12.0,0.1849,0.215,0.2096,59497.22
2020,0-12,12.0,0.6105,0.215,0.2096,1638.04
2020,0-12,12.0,0.037,0.215,0.2096,54971.63
2020,0-12,12.0,0.1426,0.215,0.2096,1753.3
2020,0-12,12.0,0.0654,0.215,0.2096,76406.31
2020,0-12,12.0,0.1313,0.215,0.2096,74469.16
2020,0-12,12.0,0.5347,0.215,0.2096,5765.05
2020,0-12,12.0,0.2118,0.215,0.2096,27853.69
2020,0-12,12.0,0.147,0.215,0.2096,14851.56
2020,0-12,12.0,0.1457,0.215,0.2096,79609.08
2020,0-12,12.0,0.4614,0.215,0.2096,45285.71
2020,0-12,12.0,0.6202,0.215,0.2096,15317.16
2020,0-12,12.0,0.3682,0.215,0.2096,24525.79
2020,0-12,12.0,0.0099,0.215,0.2096,28159.71
2020,0-12,12.0,0.0347,0.215,0.2096,2200.71
2020,12-36,13.0,0.2148,0.1754,0.2096,11174.37
2020,12-36,13.0,0.0377,0.1754,0.2096,26331.0
2020,12-36,13.0,0.2357,0.1754,0.2096,43167.32
2020,12-36,13.0,0.1468,0.1754,0.2096,19751.34
2020,12-36,13.0,0.1601,0.1754,0.2096,18110.33
2020,12-36,13.0,0.9095,0.1754,0.2096,4728.09
2020,12-36,13.0,0.1057,0.1754,0.2096,49905.31
2020,12-36,13.0,0.4959,0.1754,0.2096,35286.07
2020,12-36,13.0,0.1866,0.1754,0.2096,24118.17
2020,12-36,13.0,0.2954,0.1754,0.2096,187418.72
2020,12-36,14.0,0.0201,0.1754,0.2096,39420.03
2020,12-36,14.0,0.1503,0.1754,0.2096,3406.39
2020,12-36,14.0,0.8624,0.1754,0.2096,5797.9
2020,12-36,14.0,0.131,0.1754,0.2096,177162.46
2020,12-36,14.0,0.8049,0.1754,0.2096,37273.46
2020,12-36,14.0,0.0264,0.1754,0.2096,11710.46
2020,12-36,14.0,0.8536,0.1754,0.2096,2928.83
2020,12-36,14.0,0.0333,0.1754,0.2096,41256.83
2020,12-36,14.0,0.3667,0.1754,0.2096,19090.15
2020,12-36,14.0,0.0568,0.1754,0.2096,227944.24
2020,12-36,14.0,0.2342,0.1754,0.2096,176486.32
2020,12-36,15.0,0.5968,0.1754,0.2096,7372.2
2020,12-36,15.0,0.0469,0.1754,0.2096,63931.51
2020,12-36,15.0,0.3349,0.1754,0.2096,125566.83
2020,12-36,15.0,0.0573,0.1754,0.2096,7260.2
2020,12-36,15.0,0.2498,0.1754,0.2096,9165.42
2020,12-36,15.0,0.2805,0.1754,0.2096,5705.06
2020,12-36,15.0,0.1459,0.1754,0.2096,42110.08
2020,12-36,15.0,0.1995,0.1754,0.2096,14426.7
2020,12-36,15.0,0.5717,0.1754,0.2096,9077.75
2020,12-36,15.0,0.1594,0.1754,0.2096,25458.6
2020,12-36,15.0,0.3961,0.1754,0.2096,32835.32
2020,12-36,15.0,0.074,0.1754,0.2096,2837.24
2020,12-36,16.0,0.3663,0.1754,0.2096,5459.97
2020,12-36,16.0,0.048,0.1754,0.2096,11500.9
2020,12-36,16.0,0.8004,0.1754,0.2096,9497.96
2020,12-36,16.0,0.0561,0.1754,0.2096,2406.97
2020,12-36,16.0,0.0,0.1754,0.2096,14207.12
2020,12-36,16.0,0.0225,0.1754,0.2096,87761.46
2020,12-36,16.0,0.567,0.1754,0.2096,1883.45
2020,12-36,16.0,0.34,0.1754,0.2096,5882.23
2020,12-36,16.0,0.7456,0.1754,0.2096,1877.72
2020,12-36,16.0,0.5843,0.1754,0.2096,7701.13
2020,12-36,16.0,0.1635,0.1754,0.2096,9356.23
2020,12-36,16.0,0.1444,0.1754,0.2096,8866.42
2020,12-36,16.0,0.1138,0.1754,0.2096,7009.11
2020,12-36,16.0,0.3813,0.1754,0.2096,38032.64
2020,12-36,16.0,0.0286,0.1754,0.2096,6637.0
2020,12-36,17.0,0.0516,0.1754,0.2096,2323.66
2020,12-36,17.0,0.7732,0.1754,0.2096,9052.72
2020,12-36,17.0,0.0383,0.1754,0.2096,7832.4
2020,12-36,17.0,0.1583,0.1754,0.2096,16736.92
2020,12-36,17.0,0.2755,0.1754,0.2096,21480.34
2020,12-36,17.0,0.868,0.1754,0.2096,1382.56
2020,12-36,17.0,0.4812,0.1754,0.2096,37402.77
2020,12-36,17.0,0.1936,0.1754,0.2096,10330.36
2020,12-36,17.0,0.3655,0.1754,0.2096,1223.56
2020,12-36,17.0,0.9046,0.1754,0.2096,6632.67
2020,12-36,17.0,0.1183,0.1754,0.2096,5559.72
2020,12-36,17.0,0.4456,0.1754,0.2096,67770.07
2020,12-36,17.0,0.0413,0.1754,0.2096,19984.13
2020,12-36,18.0,0.1921,0.1754,0.2096,1842.92
2020,12-36,18.0,0.0201,0.1754,0.2096,57405.8
2020,12-36,18.0,0.5735,0.1754,0.2096,11071.83
2020,12-36,18.0,0.0067,0.1754,0.2096,15478.0
2020,12-36,18.0,0.9122,0.1754,0.2096,1205.91
2020,12-36,18.0,0.032,0.1754,0.2096,5718.74
2020,12-36,18.0,0.3678,0.1754,0.2096,54363.28
2020,12-36,18.0,0.0,0.1754,0.2096,5134.11
2020,12-36,18.0,0.2285,0.1754,0.2096,5577.23
2020,12-36,18.0,0.0304,0.1754,0.2096,104655.84
2020,12-36,18.0,0.6549,0.1754,0.2096,69075.78
2020,12-36,18.0,0.5185,0.1754,0.2096,4137.13
2020,12-36,19.0,0.0835,0.1754,0.2096,9218.56
2020,12-36,19.0,0.194,0.1754,0.2096,6700.22
2020,12-36,19.0,0.0,0.1754,0.2096,2800.94
2020,12-36,19.0,0.2289,0.1754,0.2096,72751.08
2020,12-36,19.0,0.2426,0.1754,0.2096,42272.45
2020,12-36,19.0,0.0305,0.1754,0.2096,12625.58
2020,12-36,19.0,0.0141,0.1754,0.2096,109576.96
2020,12-36,19.0,0.1286,0.1754,0.2096,3444.62
2020,12-36,19.0,0.2438,0.1754,0.2096,6151.7
2020,12-36,19.0,0.1145,0.1754,0.2096,69191.63
2020,12-36,19.0,0.2424,0.1754,0.2096,67116.51
2020,12-36,19.0,0.3835,0.1754,0.2096,39111.38
2020,12-36,20.0,0.6312,0.1754,0.2096,3960.74
2020,12-36,20.0,0.1328,0.1754,0.2096,1955.72
2020,12-36,20.0,0.8448,0.1754,0.2096,9765.3
2020,12-36,20.0,0.0,0.1754,0.2096,14031.25
2020,12-36,20.0,0.2036,0.1754,0.2096,7616.43
2020,12-36,20.0,0.1289,0.1754,0.2096,20209.29
2020,12-36,20.0,0.0838,0.1754,0.2096,5968.01
2020,12-36,20.0,0.1977,0.1754,0.2096,3178.72
2020,12-36,20.0,0.5513,0.1754,0.2096,121985.11
2020,12-36,20.0,0.2551,0.1754,0.2096,1960.25
2020,12-36,21.0,0.0,0.1754,0.2096,80583.14
2020,12-36,21.0,0.1186,0.1754,0.2096,31313.81
2020,12-36,21.0,0.0299,0.1754,0.2096,5886.28
2020,12-36,21.0,0.0627,0.1754,0.2096,19348.22
2020,12-36,21.0,0.1288,0.1754,0.2096,34180.47
2020,12-36,21.0,0.1048,0.1754,0.2096,27786.22
2020,12-36,21.0,0.218,0.1754,0.2096,1472.69
2020,12-36,21.0,0.0227,0.1754,0.2096,39958.88
2020,12-36,21.0,0.1878,0.1754,0.2096,5325.59
2020,12-36,22.0,0.0435,0.1754,0.2096,8654.87
2020,12-36,22.0,0.2556,0.1754,0.2096,3683.67
2020,12-36,22.0,0.4798,0.1754,0.2096,2084.01
2020,12-36,22.0,0.0839,0.1754,0.2096,69420.54
2020,12-36,22.0,0.1999,0.1754,0.2096,16243.65
2020,12-36,22.0,0.063,0.1754,0.2096,7939.04
2020,12-36,22.0,0.1783,0.1754,0.2096,19327.66
2020,12-36,22.0,0.0638,0.1754,0.2096,4170.75
2020,12-36,22.0,0.0509,0.1754,0.2096,27323.59
2020,12-36,22.0,0.9386,0.1754,0.2096,3302.95
2020,12-36,23.0,0.0488,0.1754,0.2096,6516.65
2020,12-36,23.0,0.7945,0.1754,0.2096,2517.19
2020,12-36,23.0,0.5201,0.1754,0.2096,9612.94
2020,12-36,23.0,0.0632,0.1754,0.2096,12073.65
2020,12-36,23.0,0.0456,0.1754,0.2096,6353.3
2020,12-36,23.0,0.3552,0.1754,0.2096,37019.76
2020,12-36,23.0,0.0754,0.1754,0.2096,3378.75
2020,12-36,23.0,0.0323,0.1754,0.2096,6605.68
2020,12-36,23.0,0.0734,0.1754,0.2096,31645.83
2020,12-36,23.0,0.3616,0.1754,0.2096,83020.63
2020,12-36,23.0,0.4158,0.1754,0.2096,3607.36
2020,12-36,24.0,0.0,0.1754,0.2096,3931.96
2020,12-36,24.0,0.0996,0.1754,0.2096,17173.45
2020,12-36,24.0,0.8713,0.1754,0.2096,3443.17
2020,12-36,24.0,0.4564,0.1754,0.2096,4382.38
2020,12-36,24.0,0.0508,0.1754,0.2096,25062.54
2020,12-36,24.0,0.2845,0.1754,0.2096,5835.34
2020,12-36,24.0,0.0139,0.1754,0.2096,124734.41
2020,12-36,24.0,0.4987,0.1754,0.2096,40593.39
2020,12-36,25.0,0.4439,0.1754,0.2096,11264.35
2020,12-36,25.0,0.0306,0.1754,0.2096,18990.28
2020,12-36,25.0,0.3711,0.1754,0.2096,26676.43
2020,12-36,25.0,0.0312,0.1754,0.2096,25641.3
2020,12-36,25.0,0.0688,0.1754,0.2096,3635.14
2020,12-36,25.0,0.0,0.1754,0.2096,5872.22
2020,12-36,25.0,0.0369,0.1754,0.2096,6344.51
2020,12-36,25.0,0.0,0.1754,0.2096,120288.43
2020,12-36,25.0,0.2466,0.1754,0.2096,4054.52
2020,12-36,26.0,0.3522,0.1754,0.2096,28395.42
2020,12-36,26.0,0.3542,0.1754,0.2096,2823.63
2020,12-36,26.0,0.5383,0.1754,0.2096,4644.24
2020,12-36,26.0,0.2451,0.1754,0.2096,40803.27
2020,12-36,26.0,0.1834,0.1754,0.2096,8397.74
2020,12-36,26.0,0.0329,0.1754,0.2096,8332.09
2020,12-36,26.0,0.2752,0.1754,0.2096,26242.01
2020,12-36,26.0,0.0,0.1754,0.2096,3848.54
2020,12-36,27.0,0.1412,0.1754,0.2096,8484.34
2020,12-36,27.0,0.592,0.1754,0.2096,33786.19
2020,12-36,27.0,0.2576,0.1754,0.2096,3368.56
2020,12-36,27.0,0.3154,0.1754,0.2096,1585.18
2020,12-36,27.0,0.2913,0.1754,0.2096,3432.82
2020,12-36,27.0,0.0722,0.1754,0.2096,1798.07
2020,12-36,27.0,0.3814,0.1754,0.2096,29754.98
2020,12-36,27.0,0.0925,0.1754,0.2096,22382.68
2020,12-36,27.0,0.3607,0.1754,0.2096,15006.96
2020,12-36,27.0,0.2484,0.1754,0.2096,8580.83
2020,12-36,28.0,0.1701,0.1754,0.2096,1764.13
2020,12-36,28.0,0.6172,0.1754,0.2096,1620.21
2020,12-36,28.0,0.0,0.1754,0.2096,44606.71
2020,12-36,28.0,0.6135,0.1754,0.2096,7898.6
2020,12-36,28.0,0.025,0.1754,0.2096,23396.59
2020,12-36,28.0,0.088,0.1754,0.2096,5681.44
2020,12-36,28.0,0.0349,0.1754,0.2096,7877.25
2020,12-36,28.0,0.1431,0.1754,0.2096,44660.86
2020,12-36,28.0,0.1733,0.1754,0.2096,119224.5
2020,12-36,29.0,0.03,0.1754,0.2096,49927.85
2020,12-36,29.0,0.6131,0.1754,0.2096,3026.68
2020,12-36,29.0,0.0124,0.1754,0.2096,79313.29
2020,12-36,29.0,0.0557,0.1754,0.2096,4066.36
2020,12-36,29.0,0.6566,0.1754,0.2096,4568.95
2020,12-36,29.0,0.1172,0.1754,0.2096,12410.27
2020,12-36,30.0,0.1451,0.1754,0.2096,9990.77
2020,12-36,30.0,0.2458,0.1754,0.2096,4067.73
2020,12-36,30.0,0.0477,0.1754,0.2096,1106.95
2020,12-36,30.0,0.2544,0.1754,0.2096,2358.44
2020,12-36,30.0,0.1205,0.1754,0.2096,8299.49
2020,12-36,30.0,0.0205,0.1754,0.2096,25577.65
2020,12-36,30.0,0.0776,0.1754,0.2096,2512.2
2020,12-36,31.0,0.0,0.1754,0.2096,16662.21
2020,12-36,31.0,0.1883,0.1754,0.2096,5311.34
2020,12-36,31.0,0.1748,0.1754,0.2096,2002.31
2020,12-36,31.0,0.0697,0.1754,0.2096,1417.63
2020,12-36,31.0,0.2885,0.1754,0.2096,4159.03
2020,12-36,31.0,0.0,0.1754,0.2096,2043.68
2020,12-36,31.0,0.4195,0.1754,0.2096,33252.36
2020,12-36,32.0,0.3279,0.1754,0.2096,30497.07
2020,12-36,32.0,0.3511,0.1754,0.2096,58385.58
2020,12-36,32.0,0.1124,0.1754,0.2096,152298.56
2020,12-36,32.0,0.0913,0.1754,0.2096,4929.58
2020,12-36,32.0,0.3293,0.1754,0.2096,4100.04
2020,12-36,32.0,0.6725,0.1754,0.2096,16830.36
2020,12-36,32.0,0.111,0.1754,0.2096,16284.63
2020,12-36,32.0,0.8241,0.1754,0.2096,1757.16
2020,12-36,33.0,0.0129,0.1754,0.2096,8496.06
2020,12-36,33.0,0.1672,0.1754,0.2096,1016.62
2020,12-36,33.0,0.3723,0.1754,0.2096,27803.34
2020,12-36,33.0,0.1581,0.1754,0.2096,6323.88
2020,12-36,33.0,0.088,0.1754,0.2096,6818.33
2020,12-36,33.0,0.314,0.1754,0.2096,4777.17
2020,12-36,33.0,0.0693,0.1754,0.2096,3572.78
2020,12-36,33.0,0.0681,0.1754,0.2096,3360.81
2020,12-36,33.0,0.0473,0.1754,0.2096,4708.79
2020,12-36,34.0,0.0993,0.1754,0.2096,3523.43
2020,12-36,34.0,0.0637,0.1754,0.2096,15688.69
2020,12-36,34.0,0.0452,0.1754,0.2096,6554.85
2020,12-36,34.0,0.5662,0.1754,0.2096,5298.64
2020,12-36,34.0,0.4281,0.1754,0.2096,2219.11
2020,12-36,34.0,0.0,0.1754,0.2096,10393.28
2020,12-36,34.0,0.1226,0.1754,0.2096,2855.59
2020,12-36,34.0,0.3677,0.1754,0.2096,43433.01
2020,12-36,35.0,0.127,0.1754,0.2096,15744.67
2020,12-36,35.0,0.1968,0.1754,0.2096,2510.75
2020,12-36,35.0,0.0155,0.1754,0.2096,19041.85
2020,12-36,35.0,0.5401,0.1754,0.2096,7405.37
2020,12-36,35.0,0.0743,0.1754,0.2096,55215.05
2020,12-36,35.0,0.0985,0.1754,0.2096,14377.51
2020,12-36,36.0,0.4631,0.1754,0.2096,19435.65
2020,12-36,36.0,0.0603,0.1754,0.2096,14890.41
2020,12-36,36.0,0.0785,0.1754,0.2096,6367.66
2020,12-36,36.0,0.0998,0.1754,0.2096,10521.42
2020,12-36,36.0,0.4613,0.1754,0.2096,3685.22
2020,12-36,36.0,0.0511,0.1754,0.2096,67379.27
2020,36-60,37.0,0.0332,0.1198,0.2096,34631.91
2020,36-60,37.0,0.2918,0.1198,0.2096,34273.97
2020,36-60,37.0,0.0534,0.1198,0.2096,58001.46
2020,36-60,38.0,0.2061,0.1198,0.2096,2376.62
2020,36-60,38.0,0.0186,0.1198,0.2096,37771.37
2020,36-60,38.0,0.1769,0.1198,0.2096,5652.63
2020,36-60,38.0,0.0364,0.1198,0.2096,2391.32
2020,36-60,38.0,0.794,0.1198,0.2096,2518.88
2020,36-60,38.0,0.9885,0.1198,0.2096,6069.58
2020,36-60,38.0,0.5321,0.1198,0.2096,17668.94
2020,36-60,39.0,0.4789,0.1198,0.2096,11784.24
2020,36-60,40.0,0.1544,0.1198,0.2096,6475.24
2020,36-60,40.0,0.0349,0.1198,0.2096,11462.18
2020,36-60,40.0,0.036,0.1198,0.2096,7486.82
2020,36-60,40.0,0.0189,0.1198,0.2096,73994.01
2020,36-60,41.0,0.4786,0.1198,0.2096,4178.74
2020,36-60,41.0,0.4811,0.1198,0.2096,2078.71
2020,36-60,41.0,0.0147,0.1198,0.2096,39125.66
2020,36-60,41.0,0.0288,0.1198,0.2096,51951.47
2020,36-60,42.0,0.6759,0.1198,0.2096,7397.04
2020,36-60,42.0,0.13,0.1198,0.2096,23078.13
2020,36-60,42.0,0.9232,0.1198,0.2096,1624.86
2020,36-60,42.0,0.0747,0.1198,0.2096,2007.21
2020,36-60,43.0,0.9562,0.1198,0.2096,89112.87
2020,36-60,44.0,0.0,0.1198,0.2096,21153.18
2020,36-60,46.0,0.4003,0.1198,0.2096,2498.03
2021,0-12,1.0,0.0658,0.215,0.1929,2278.42
2021,0-12,1.0,0.0,0.215,0.1929,10330.7
2021,0-12,1.0,0.1804,0.215,0.1929,8312.61
2021,0-12,1.0,0.3097,0.215,0.1929,1385.37
2021,0-12,1.0,0.0195,0.215,0.1929,92329.42
2021,0-12,1.0,0.1234,0.215,0.1929,7750.74
2021,0-12,1.0,0.3478,0.215,0.1929,15811.51
2021,0-12,2.0,0.4397,0.215,0.1929,39698.95
2021,0-12,2.0,0.3484,0.215,0.1929,12188.11
2021,0-12,2.0,0.5106,0.215,0.1929,9791.64
2021,0-12,2.0,0.1049,0.215,0.1929,35480.75
2021,0-12,2.0,0.2356,0.215,0.1929,6366.31
2021,0-12,2.0,0.072,0.215,0.1929,30466.72
2021,0-12,2.0,0.154,0.215,0.1929,41686.11
2021,0-12,2.0,0.0192,0.215,0.1929,2737.73
2021,0-12,2.0,0.1244,0.215,0.1929,32142.41
2021,0-12,2.0,0.4285,0.215,0.1929,24505.93
2021,0-12,2.0,0.2301,0.215,0.1929,8690.26
2021,0-12,2.0,0.0898,0.215,0.1929,53701.21
2021,0-12,2.0,0.0494,0.215,0.1929,10744.58
2021,0-12,2.0,0.1363,0.215,0.1929,2466.61
2021,0-12,3.0,0.0208,0.215,0.1929,10873.78
2021,0-12,3.0,0.0221,0.215,0.1929,11422.45
2021,0-12,3.0,0.9357,0.215,0.1929,4274.92
2021,0-12,3.0,0.0568,0.215,0.1929,5775.46
2021,0-12,3.0,0.1124,0.215,0.1929,138687.22
2021,0-12,3.0,0.1005,0.215,0.1929,22134.56
2021,0-12,3.0,0.0591,0.215,0.1929,6766.35
2021,0-12,3.0,0.1631,0.215,0.1929,28357.78
2021,0-12,3.0,0.3257,0.215,0.1929,15847.62
2021,0-12,3.0,0.3046,0.215,0.1929,51228.92
2021,0-12,3.0,0.0031,0.215,0.1929,86589.16
2021,0-12,3.0,0.0156,0.215,0.1929,77548.62
2021,0-12,3.0,0.1217,0.215,0.1929,10304.3
2021,0-12,3.0,0.3679,0.215,0.1929,39198.65
2021,0-12,4.0,0.5405,0.215,0.1929,9250.72
2021,0-12,4.0,0.8073,0.215,0.1929,4955.04
2021,0-12,4.0,0.1584,0.215,0.1929,35720.69
2021,0-12,4.0,0.177,0.215,0.1929,5084.54
2021,0-12,4.0,0.0206,0.215,0.1929,38828.9
2021,0-12,4.0,0.0213,0.215,0.1929,6035.73
2021,0-12,4.0,0.4628,0.215,0.1929,6482.82
2021,0-12,4.0,0.4394,0.215,0.1929,12745.44
2021,0-12,4.0,0.7975,0.215,0.1929,25830.31
2021,0-12,4.0,0.0816,0.215,0.1929,31213.61
2021,0-12,4.0,0.2306,0.215,0.1929,30676.37
2021,0-12,4.0,0.1088,0.215,0.1929,2716.73
2021,0-12,4.0,0.3114,0.215,0.1929,83839.55
2021,0-12,5.0,0.0,0.215,0.1929,4745.64
2021,0-12,5.0,0.374,0.215,0.1929,2673.5
2021,0-12,5.0,0.5906,0.215,0.1929,19134.23
2021,0-12,5.0,0.1929,0.215,0.1929,21718.4
2021,0-12,5.0,0.1765,0.215,0.1929,2206.39
2021,0-12,5.0,0.1924,0.215,0.1929,17599.4
2021,0-12,5.0,0.0752,0.215,0.1929,16741.82
2021,0-12,5.0,0.071,0.215,0.1929,46731.66
2021,0-12,5.0,0.4649,0.215,0.1929,4301.54
2021,0-12,5.0,0.0266,0.215,0.1929,9261.24
2021,0-12,6.0,0.1563,0.215,0.1929,82055.03
2021,0-12,6.0,0.7466,0.215,0.1929,4018.36
2021,0-12,6.0,0.3053,0.215,0.1929,16999.87
2021,0-12,6.0,0.0227,0.215,0.1929,6645.51
2021,0-12,6.0,0.2298,0.215,0.1929,40365.38
2021,0-12,6.0,0.1674,0.215,0.1929,140054.41
2021,0-12,6.0,0.1531,0.215,0.1929,9404.04
2021,0-12,6.0,0.1014,0.215,0.1929,5211.63
2021,0-12,6.0,0.017,0.215,0.1929,67274.21
2021,0-12,6.0,0.8529,0.215,0.1929,2931.23
2021,0-12,6.0,0.2033,0.215,0.1929,24591.38
2021,0-12,6.0,0.7947,0.215,0.1929,5033.65
2021,0-12,6.0,0.201,0.215,0.1929,68783.76
2021,0-12,6.0,0.145,0.215,0.1929,89846.73
2021,0-12,6.0,0.318,0.215,0.1929,43356.73
2021,0-12,7.0,0.0741,0.215,0.1929,20241.16
2021,0-12,7.0,0.5789,0.215,0.1929,2986.46
2021,0-12,7.0,0.0242,0.215,0.1929,7986.45
2021,0-12,7.0,0.2732,0.215,0.1929,27169.77
2021,0-12,7.0,0.9886,0.215,0.1929,3034.55
2021,0-12,7.0,0.0882,0.215,0.1929,14551.23
2021,0-12,7.0,0.039,0.215,0.1929,35165.74
2021,0-12,7.0,0.4562,0.215,0.1929,36032.67
2021,0-12,7.0,0.1489,0.215,0.1929,19391.82
2021,0-12,7.0,0.1904,0.215,0.1929,133610.88
2021,0-12,7.0,0.2266,0.215,0.1929,17963.48
2021,0-12,7.0,0.6646,0.215,0.1929,17366.53
2021,0-12,7.0,0.106,0.215,0.1929,26604.14
2021,0-12,7.0,0.1472,0.215,0.1929,62382.29
2021,0-12,7.0,0.3139,0.215,0.1929,55216.65
2021,0-12,7.0,0.2627,0.215,0.1929,26642.19
2021,0-12,7.0,0.3108,0.215,0.1929,246385.49
2021,0-12,8.0,0.3176,0.215,0.1929,10660.41
2021,0-12,8.0,0.4651,0.215,0.1929,66654.31
2021,0-12,8.0,0.5846,0.215,0.1929,17103.64
2021,0-12,8.0,0.1296,0.215,0.1929,4013.52
2021,0-12,8.0,0.0863,0.215,0.1929,15710.54
2021,0-12,8.0,0.2132,0.215,0.1929,1284.61
2021,0-12,8.0,0.515,0.215,0.1929,2330.16
2021,0-12,8.0,0.978,0.215,0.1929,10122.51
2021,0-12,8.0,0.1587,0.215,0.1929,25205.15
2021,0-12,8.0,0.2352,0.215,0.1929,25508.54
2021,0-12,8.0,0.1675,0.215,0.1929,59708.66
2021,0-12,8.0,0.1229,0.215,0.1929,24732.45
2021,0-12,8.0,0.2701,0.215,0.1929,7403.44
2021,0-12,8.0,0.1105,0.215,0.1929,23556.27
2021,0-12,8.0,0.3532,0.215,0.1929,63466.23
2021,0-12,8.0,0.0646,0.215,0.1929,4361.72
2021,0-12,8.0,0.2086,0.215,0.1929,254263.16
2021,0-12,9.0,0.5344,0.215,0.1929,1310.0
2021,0-12,9.0,0.1351,0.215,0.1929,2308.73
2021,0-12,9.0,0.2329,0.215,0.1929,11504.38
2021,0-12,9.0,0.0518,0.215,0.1929,49155.04
2021,0-12,9.0,0.6733,0.215,0.1929,14836.85
2021,0-12,9.0,0.8626,0.215,0.1929,32460.83
2021,0-12,9.0,0.1215,0.215,0.1929,267891.16
2021,0-12,9.0,0.3902,0.215,0.1929,24270.06
2021,0-12,9.0,0.1047,0.215,0.1929,115738.07
2021,0-12,9.0,0.6137,0.215,0.1929,13034.76
2021,0-12,9.0,0.112,0.215,0.1929,36412.8
2021,0-12,9.0,0.0749,0.215,0.1929,138809.85
2021,0-12,9.0,0.8695,0.215,0.1929,10351.2
2021,0-12,9.0,0.381,0.215,0.1929,84085.33
2021,0-12,10.0,0.9499,0.215,0.1929,4305.57
2021,0-12,10.0,0.3767,0.215,0.1929,3981.9
2021,0-12,10.0,0.1209,0.215,0.1929,46774.86
2021,0-12,10.0,0.0152,0.215,0.1929,132995.01
2021,0-12,10.0,0.3217,0.215,0.1929,66524.68
2021,0-12,10.0,0.1755,0.215,0.1929,2486.76
2021,0-12,10.0,0.2036,0.215,0.1929,44292.85
2021,0-12,10.0,0.4343,0.215,0.1929,92921.6
2021,0-12,10.0,0.084,0.215,0.1929,22988.1
2021,0-12,10.0,0.1208,0.215,0.1929,43223.94
2021,0-12,10.0,0.3457,0.215,0.1929,18803.7
2021,0-12,10.0,0.1556,0.215,0.1929,131859.89
2021,0-12,10.0,0.1775,0.215,0.1929,3731.33
2021,0-12,11.0,0.0582,0.215,0.1929,7025.83
2021,0-12,11.0,0.1155,0.215,0.1929,20784.28
2021,0-12,11.0,0.1908,0.215,0.1929,41715.39
2021,0-12,11.0,0.4638,0.215,0.1929,9737.55
2021,0-12,11.0,0.0698,0.215,0.1929,20157.07
2021,0-12,11.0,0.063,0.215,0.1929,203323.31
2021,0-12,11.0,0.1441,0.215,0.1929,42335.58
2021,0-12,11.0,0.8291,0.215,0.1929,36183.59
2021,0-12,11.0,0.583,0.215,0.1929,3430.52
2021,0-12,11.0,0.3129,0.215,0.1929,22939.03
2021,0-12,11.0,0.4494,0.215,0.1929,36392.36
2021,0-12,11.0,0.1518,0.215,0.1929,128275.36
2021,0-12,11.0,0.0282,0.215,0.1929,35427.85
2021,0-12,12.0,0.24,0.215,0.1929,41658.89
2021,0-12,12.0,0.0,0.215,0.1929,3008.92
2021,0-12,12.0,0.1968,0.215,0.1929,9275.57
2021,0-12,12.0,0.0214,0.215,0.1929,11519.8
2021,0-12,12.0,0.5185,0.215,0.1929,31576.21
2021,0-12,12.0,0.0544,0.215,0.1929,4224.99
2021,0-12,12.0,0.1318,0.215,0.1929,37810.05
2021,0-12,12.0,0.1332,0.215,0.1929,3753.17
2021,0-12,12.0,0.0671,0.215,0.1929,2381.04
2021,0-12,12.0,0.9404,0.215,0.1929,3190.12
2021,0-12,12.0,0.0709,0.215,0.1929,3962.23
2021,0-12,12.0,0.1392,0.215,0.1929,111433.58
2021,12-36,13.0,0.1393,0.1754,0.1929,53827.22
2021,12-36,13.0,0.0675,0.1754,0.1929,9830.55
2021,12-36,13.0,0.3439,0.1754,0.1929,1744.63
2021,12-36,13.0,0.1694,0.1754,0.1929,9488.11
2021,12-36,13.0,0.0448,0.1754,0.1929,21108.12
2021,12-36,13.0,0.1188,0.1754,0.1929,2526.16
2021,12-36,13.0,0.0092,0.1754,0.1929,163454.45
2021,12-36,13.0,0.4202,0.1754,0.1929,11898.23
2021,12-36,13.0,0.0485,0.1754,0.1929,9313.37
2021,12-36,13.0,0.0658,0.1754,0.1929,10391.16
2021,12-36,13.0,0.2579,0.1754,0.1929,39119.62
2021,12-36,13.0,0.0389,0.1754,0.1929,12585.73
2021,12-36,14.0,0.0553,0.1754,0.1929,2229.64
2021,12-36,14.0,0.128,0.1754,0.1929,12800.69
2021,12-36,14.0,0.0217,0.1754,0.1929,8247.43
2021,12-36,14.0,0.3556,0.1754,0.1929,11809.73
2021,12-36,14.0,0.0736,0.1754,0.1929,14090.81
2021,12-36,14.0,0.2216,0.1754,0.1929,36555.69
2021,12-36,14.0,0.0319,0.1754,0.1929,83202.98
2021,12-36,14.0,0.1258,0.1754,0.1929,40685.01
2021,12-36,14.0,0.4446,0.1754,0.1929,9151.7
2021,12-36,14.0,0.0689,0.1754,0.1929,2189.22
2021,12-36,15.0,0.0918,0.1754,0.1929,5445.67
2021,12-36,15.0,0.9482,0.1754,0.1929,1202.27
2021,12-36,15.0,0.1099,0.1754,0.1929,14829.65
2021,12-36,15.0,0.153,0.1754,0.1929,5880.95
2021,12-36,15.0,0.1975,0.1754,0.1929,24674.81
2021,12-36,15.0,0.031,0.1754,0.1929,9686.84
2021,12-36,15.0,0.0294,0.1754,0.1929,36487.96
2021,12-36,15.0,0.1082,0.1754,0.1929,50833.88
2021,12-36,15.0,0.2887,0.1754,0.1929,80710.92
2021,12-36,16.0,0.886,0.1754,0.1929,2257.41
2021,12-36,16.0,0.119,0.1754,0.1929,6091.92
2021,12-36,16.0,0.0226,0.1754,0.1929,44158.39
2021,12-36,16.0,0.1084,0.1754,0.1929,20233.39
2021,12-36,16.0,0.137,0.1754,0.1929,13276.09
2021,12-36,16.0,0.0313,0.1754,0.1929,27488.89
2021,12-36,16.0,0.2706,0.1754,0.1929,37047.95
2021,12-36,17.0,0.1375,0.1754,0.1929,7273.27
2021,12-36,17.0,0.4745,0.1754,0.1929,4214.58
2021,12-36,17.0,0.559,0.1754,0.1929,6261.32
2021,12-36,17.0,0.2532,0.1754,0.1929,23303.78
2021,12-36,17.0,0.157,0.1754,0.1929,15921.44
2021,12-36,17.0,0.421,0.1754,0.1929,1386.8
2021,12-36,17.0,0.0509,0.1754,0.1929,20369.86
2021,12-36,17.0,0.033,0.1754,0.1929,25474.08
2021,12-36,17.0,0.1792,0.1754,0.1929,10100.72
2021,12-36,17.0,0.8269,0.1754,0.1929,6046.56
2021,12-36,17.0,0.2207,0.1754,0.1929,23089.89
2021,12-36,17.0,0.2733,0.1754,0.1929,2926.96
2021,12-36,17.0,0.4828,0.1754,0.1929,3182.12
2021,12-36,18.0,0.4064,0.1754,0.1929,4109.5
2021,12-36,18.0,0.4499,0.1754,0.1929,44451.63
2021,12-36,18.0,0.5738,0.1754,0.1929,3485.72
2021,12-36,18.0,0.1897,0.1754,0.1929,2636.25
2021,12-36,18.0,0.2506,0.1754,0.1929,7980.77
2021,12-36,18.0,0.1251,0.1754,0.1929,14620.87
2021,12-36,18.0,0.2567,0.1754,0.1929,38954.43
2021,12-36,18.0,0.2561,0.1754,0.1929,21765.7
2021,12-36,18.0,0.1537,0.1754,0.1929,4775.56
2021,12-36,18.0,0.5358,0.1754,0.1929,2612.73
2021,12-36,18.0,0.0321,0.1754,0.1929,3967.22
2021,12-36,18.0,0.5649,0.1754,0.1929,9806.99
2021,12-36,18.0,0.5213,0.1754,0.1929,43435.35
2021,12-36,19.0,0.0205,0.1754,0.1929,16023.18
2021,12-36,19.0,0.7982,0.1754,0.1929,3131.9
2021,12-36,19.0,0.0271,0.1754,0.1929,30635.87
2021,12-36,19.0,0.2639,0.1754,0.1929,20161.17
2021,12-36,19.0,0.3271,0.1754,0.1929,40218.37
2021,12-36,19.0,0.0682,0.1754,0.1929,22475.64
2021,12-36,19.0,0.0813,0.1754,0.1929,5179.6
2021,12-36,19.0,0.0784,0.1754,0.1929,121712.31
2021,12-36,19.0,0.723,0.1754,0.1929,2766.24
2021,12-36,19.0,0.3203,0.1754,0.1929,36977.62
2021,12-36,20.0,0.0,0.1754,0.1929,66105.86
2021,12-36,20.0,0.0516,0.1754,0.1929,7745.65
2021,12-36,20.0,0.4743,0.1754,0.1929,49302.89
2021,12-36,20.0,0.1132,0.1754,0.1929,40642.68
2021,12-36,20.0,0.0,0.1754,0.1929,4691.98
2021,12-36,20.0,0.1191,0.1754,0.1929,6719.55
2021,12-36,20.0,0.5454,0.1754,0.1929,16931.45
2021,12-36,20.0,0.1482,0.1754,0.1929,18641.27
2021,12-36,20.0,0.3954,0.1754,0.1929,31486.04
2021,12-36,20.0,0.0207,0.1754,0.1929,19769.08
2021,12-36,20.0,0.3889,0.1754,0.1929,6274.53
2021,12-36,21.0,0.7873,0.1754,0.1929,15242.28
2021,12-36,21.0,0.0654,0.1754,0.1929,11078.28
2021,12-36,21.0,0.0602,0.1754,0.1929,19357.85
2021,12-36,21.0,0.1783,0.1754,0.1929,34211.67
2021,12-36,21.0,0.4074,0.1754,0.1929,5157.31
2021,12-36,21.0,0.578,0.1754,0.1929,7872.01
2021,12-36,21.0,0.2281,0.1754,0.1929,133014.44
2021,12-36,22.0,0.0477,0.1754,0.1929,11037.03
2021,12-36,22.0,0.35,0.1754,0.1929,1164.02
2021,12-36,22.0,0.0249,0.1754,0.1929,7176.49
2021,12-36,22.0,0.2772,0.1754,0.1929,5050.37
2021,12-36,22.0,0.1466,0.1754,0.1929,43302.14
2021,12-36,22.0,0.4417,0.1754,0.1929,30815.75
2021,12-36,22.0,0.078,0.1754,0.1929,10512.77
2021,12-36,22.0,0.7632,0.1754,0.1929,4323.67
2021,12-36,22.0,0.1719,0.1754,0.1929,27338.68
2021,12-36,22.0,0.0329,0.1754,0.1929,36454.37
2021,12-36,23.0,0.7743,0.1754,0.1929,12914.01
2021,12-36,23.0,0.0258,0.1754,0.1929,14468.22
2021,12-36,23.0,0.0289,0.1754,0.1929,53385.22
2021,12-36,23.0,0.0657,0.1754,0.1929,16742.39
2021,12-36,23.0,0.2742,0.1754,0.1929,75472.07
2021,12-36,23.0,0.0174,0.1754,0.1929,47942.37
2021,12-36,23.0,0.0675,0.1754,0.1929,3253.91
2021,12-36,23.0,0.0304,0.1754,0.1929,8867.85
2021,12-36,23.0,0.3784,0.1754,0.1929,32729.19
2021,12-36,23.0,0.0363,0.1754,0.1929,5964.4
2021,12-36,24.0,0.662,0.1754,0.1929,6042.66
2021,12-36,24.0,0.0489,0.1754,0.1929,3130.05
2021,12-36,24.0,0.4492,0.1754,0.1929,5678.69
2021,12-36,24.0,0.1039,0.1754,0.1929,23360.16
2021,12-36,24.0,0.0484,0.1754,0.1929,17776.48
2021,12-36,24.0,0.0287,0.1754,0.1929,8529.8
2021,12-36,24.0,0.2019,0.1754,0.1929,79937.21
2021,12-36,25.0,0.1332,0.1754,0.1929,3753.1
2021,12-36,25.0,0.5561,0.1754,0.1929,8991.62
2021,12-36,25.0,0.0219,0.1754,0.1929,13523.36
2021,12-36,25.0,0.6929,0.1754,0.1929,7937.25
2021,12-36,25.0,0.0361,0.1754,0.1929,3491.82
2021,12-36,25.0,0.0311,0.1754,0.1929,11909.81
2021,12-36,25.0,0.0106,0.1754,0.1929,19664.83
2021,12-36,25.0,0.3382,0.1754,0.1929,20036.63
2021,12-36,25.0,0.1065,0.1754,0.1929,1016.17
2021,12-36,26.0,0.2143,0.1754,0.1929,2332.88
2021,12-36,26.0,0.6242,0.1754,0.1929,7529.31
2021,12-36,26.0,0.7139,0.1754,0.1929,2101.22
2021,12-36,26.0,0.0382,0.1754,0.1929,4499.04
2021,12-36,26.0,0.2668,0.1754,0.1929,8482.13
2021,12-36,26.0,0.1109,0.1754,0.1929,12728.61
2021,12-36,26.0,0.2918,0.1754,0.1929,9388.1
2021,12-36,27.0,0.024,0.1754,0.1929,28937.86
2021,12-36,27.0,0.2667,0.1754,0.1929,3750.09
2021,12-36,27.0,0.5677,0.1754,0.1929,37871.94
2021,12-36,27.0,0.2483,0.1754,0.1929,2818.73
2021,12-36,27.0,0.1103,0.1754,0.1929,4268.66
2021,12-36,27.0,0.1817,0.1754,0.1929,11007.69
2021,12-36,27.0,0.038,0.1754,0.1929,8417.31
2021,12-36,27.0,0.0,0.1754,0.1929,1758.39
2021,12-36,28.0,0.6003,0.1754,0.1929,6917.17
2021,12-36,28.0,0.0112,0.1754,0.1929,88175.97
2021,12-36,28.0,0.0,0.1754,0.1929,1471.39
2021,12-36,28.0,0.4937,0.1754,0.1929,1417.87
2021,12-36,28.0,0.03,0.1754,0.1929,10014.52
2021,12-36,28.0,0.0549,0.1754,0.1929,9843.54
2021,12-36,29.0,0.693,0.1754,0.1929,1010.12
2021,12-36,29.0,0.0422,0.1754,0.1929,42695.89
2021,12-36,29.0,0.3538,0.1754,0.1929,1978.29
2021,12-36,29.0,0.2273,0.1754,0.1929,5720.93
2021,12-36,29.0,0.5045,0.1754,0.1929,2973.14
2021,12-36,29.0,0.0276,0.1754,0.1929,27188.17
2021,12-36,29.0,0.302,0.1754,0.1929,4635.43
2021,12-36,30.0,0.1825,0.1754,0.1929,2953.86
2021,12-36,30.0,0.9275,0.1754,0.1929,7546.93
2021,12-36,30.0,0.0533,0.1754,0.1929,14636.33
2021,12-36,30.0,0.3936,0.1754,0.1929,25806.43
2021,12-36,31.0,0.7127,0.1754,0.1929,1964.47
2021,12-36,31.0,0.0761,0.1754,0.1929,32865.62
2021,12-36,31.0,0.0405,0.1754,0.1929,3228.22
2021,12-36,31.0,0.0849,0.1754,0.1929,14139.17
2021,12-36,32.0,0.1054,0.1754,0.1929,1651.69
2021,12-36,32.0,0.0276,0.1754,0.1929,16294.25
2021,12-36,32.0,0.5766,0.1754,0.1929,8671.44
2021,12-36,33.0,0.0122,0.1754,0.1929,78442.5
2021,12-36,33.0,0.0276,0.1754,0.1929,57652.7
2021,12-36,33.0,0.0682,0.1754,0.1929,4689.42
2021,12-36,33.0,0.1383,0.1754,0.1929,1807.35
2021,12-36,34.0,0.227,0.1754,0.1929,22026.0
2021,12-36,34.0,0.1002,0.1754,0.1929,4506.64
2022,0-12,1.0,0.689,0.215,0.2158,27287.23
2022,0-12,1.0,0.0214,0.215,0.2158,9686.67
2022,0-12,1.0,0.0894,0.215,0.2158,14790.31
2022,0-12,1.0,0.129,0.215,0.2158,1903.5
2022,0-12,1.0,0.0195,0.215,0.2158,13834.67
2022,0-12,1.0,0.0893,0.215,0.2158,75803.5
2022,0-12,2.0,0.2556,0.215,0.2158,11738.24
2022,0-12,2.0,0.0246,0.215,0.2158,12181.03
2022,0-12,2.0,0.0332,0.215,0.2158,34377.03
2022,0-12,2.0,0.5006,0.215,0.2158,19774.57
2022,0-12,2.0,0.0261,0.215,0.2158,26779.6
2022,0-12,2.0,0.0436,0.215,0.2158,196700.28
2022,0-12,2.0,0.0592,0.215,0.2158,3878.72
2022,0-12,2.0,0.0889,0.215,0.2158,7648.02
2022,0-12,2.0,0.1267,0.215,0.2158,3118.81
2022,0-12,2.0,0.1758,0.215,0.2158,2753.52
2022,0-12,2.0,0.3608,0.215,0.2158,14923.31
2022,0-12,2.0,0.1793,0.215,0.2158,50575.28
2022,0-12,2.0,0.5459,0.215,0.2158,1129.31
2022,0-12,3.0,0.0,0.215,0.2158,127119.27
2022,0-12,3.0,0.3434,0.215,0.2158,8736.37
2022,0-12,3.0,0.1152,0.215,0.2158,19100.42
2022,0-12,3.0,0.0,0.215,0.2158,1206.62
2022,0-12,3.0,0.0379,0.215,0.2158,11572.26
2022,0-12,3.0,0.0215,0.215,0.2158,34729.44
2022,0-12,3.0,0.1002,0.215,0.2158,13968.15
2022,0-12,3.0,0.6513,0.215,0.2158,13037.56
2022,0-12,3.0,0.0628,0.215,0.2158,4492.2
2022,0-12,3.0,0.3178,0.215,0.2158,113793.65
2022,0-12,3.0,0.0553,0.215,0.2158,11730.3
2022,0-12,4.0,0.2519,0.215,0.2158,1135.71
2022,0-12,4.0,0.1225,0.215,0.2158,38369.75
2022,0-12,4.0,0.8676,0.215,0.2158,5762.92
2022,0-12,4.0,0.1461,0.215,0.2158,42416.57
2022,0-12,4.0,0.6902,0.215,0.2158,36836.1
2022,0-12,4.0,0.1195,0.215,0.2158,8369.22
2022,0-12,4.0,0.3229,0.215,0.2158,58007.59
2022,0-12,4.0,0.0464,0.215,0.2158,43511.93
2022,0-12,4.0,0.4498,0.215,0.2158,11115.59
2022,0-12,4.0,0.2356,0.215,0.2158,2776.76
2022,0-12,4.0,0.0488,0.215,0.2158,17258.9
2022,0-12,4.0,0.0775,0.215,0.2158,3688.45
2022,0-12,4.0,0.37,0.215,0.2158,2914.35
2022,0-12,4.0,0.4139,0.215,0.2158,26093.54
2022,0-12,4.0,0.0355,0.215,0.2158,16666.56
2022,0-12,4.0,0.2238,0.215,0.2158,94535.6
2022,0-12,4.0,0.1097,0.215,0.2158,9198.65
2022,0-12,4.0,0.099,0.215,0.2158,23029.16
2022,0-12,5.0,0.048,0.215,0.2158,31243.55
2022,0-12,5.0,0.1471,0.215,0.2158,15771.78
2022,0-12,5.0,0.0615,0.215,0.2158,1124.68
2022,0-12,5.0,0.7462,0.215,0.2158,11898.01
2022,0-12,5.0,0.1378,0.215,0.2158,5805.95
2022,0-12,5.0,0.1768,0.215,0.2158,84395.31
2022,0-12,5.0,0.0474,0.215,0.2158,27211.89
2022,0-12,5.0,0.055,0.215,0.2158,18249.38
2022,0-12,5.0,0.0467,0.215,0.2158,47534.14
2022,0-12,5.0,0.3624,0.215,0.2158,27590.93
2022,0-12,5.0,0.3522,0.215,0.2158,8800.57
2022,0-12,5.0,0.5415,0.215,0.2158,7387.26
2022,0-12,5.0,0.2357,0.215,0.2158,62964.63
2022,0-12,5.0,0.0136,0.215,0.2158,38616.21
2022,0-12,5.0,0.2728,0.215,0.2158,18594.73
2022,0-12,5.0,0.2356,0.215,0.2158,43725.65
2022,0-12,5.0,0.1819,0.215,0.2158,5498.42
2022,0-12,6.0,0.0454,0.215,0.2158,13863.11
2022,0-12,6.0,0.0397,0.215,0.2158,11732.78
2022,0-12,6.0,0.0243,0.215,0.2158,6154.05
2022,0-12,6.0,0.0216,0.215,0.2158,74287.65
2022,0-12,6.0,0.0419,0.215,0.2158,25063.67
2022,0-12,6.0,0.1824,0.215,0.2158,46480.05
2022,0-12,6.0,0.0561,0.215,0.2158,17474.51
2022,0-12,6.0,0.632,0.215,0.2158,12594.34
2022,0-12,6.0,0.2553,0.215,0.2158,22039.91
2022,0-12,6.0,0.1549,0.215,0.2158,18077.05
2022,0-12,6.0,0.3417,0.215,0.2158,29900.35
2022,0-12,6.0,0.4984,0.215,0.2158,139775.16
2022,0-12,6.0,0.0282,0.215,0.2158,5584.6
2022,0-12,7.0,0.0482,0.215,0.2158,23451.11
2022,0-12,7.0,0.6258,0.215,0.2158,16715.1
2022,0-12,7.0,0.048,0.215,0.2158,6456.23
2022,0-12,7.0,0.6603,0.215,0.2158,1514.42
2022,0-12,7.0,0.1059,0.215,0.2158,62254.58
2022,0-12,7.0,0.3315,0.215,0.2158,38006.88
2022,0-12,7.0,0.1791,0.215,0.2158,43129.72
2022,0-12,7.0,0.1789,0.215,0.2158,44374.66
2022,0-12,7.0,0.1248,0.215,0.2158,28861.64
2022,0-12,7.0,0.3684,0.215,0.2158,37064.52
2022,0-12,7.0,0.343,0.215,0.2158,1749.13
2022,0-12,7.0,0.2429,0.215,0.2158,85207.22
2022,0-12,7.0,0.1948,0.215,0.2158,101877.89
2022,0-12,7.0,0.6003,0.215,0.2158,26318.22
2022,0-12,7.0,0.3256,0.215,0.2158,153016.66
2022,0-12,8.0,0.0182,0.215,0.2158,9235.2
2022,0-12,8.0,0.0158,0.215,0.2158,68167.91
2022,0-12,8.0,0.0409,0.215,0.2158,13676.8
2022,0-12,8.0,0.579,0.215,0.2158,21455.72
2022,0-12,8.0,0.2768,0.215,0.2158,26730.14
2022,0-12,8.0,0.0322,0.215,0.2158,10880.77
2022,0-12,8.0,0.1089,0.215,0.2158,34538.62
2022,0-12,8.0,0.0211,0.215,0.2158,10620.11
2022,0-12,8.0,0.2296,0.215,0.2158,13064.48
2022,0-12,8.0,0.1913,0.215,0.2158,155859.87
2022,0-12,8.0,0.5738,0.215,0.2158,12866.5
2022,0-12,8.0,0.8045,0.215,0.2158,7457.82
2022,0-12,8.0,0.3082,0.215,0.2158,210570.58
2022,0-12,8.0,0.3434,0.215,0.2158,18994.88
2022,0-12,9.0,0.1619,0.215,0.2158,21612.58
2022,0-12,9.0,0.4163,0.215,0.2158,6005.59
2022,0-12,9.0,0.0216,0.215,0.2158,10669.75
2022,0-12,9.0,0.7022,0.215,0.2158,9257.25
2022,0-12,9.0,0.4151,0.215,0.2158,8724.26
2022,0-12,9.0,0.8202,0.215,0.2158,17069.36
2022,0-12,9.0,0.0628,0.215,0.2158,48138.0
2022,0-12,9.0,0.2582,0.215,0.2158,16475.46
2022,0-12,9.0,0.8546,0.215,0.2158,2340.18
2022,0-12,9.0,0.1104,0.215,0.2158,107754.7
2022,0-12,9.0,0.0404,0.215,0.2158,2419.59
2022,0-12,9.0,0.1019,0.215,0.2158,10448.23
2022,0-12,9.0,0.1056,0.215,0.2158,53401.7
2022,0-12,9.0,0.4245,0.215,0.2158,59947.01
2022,0-12,9.0,0.0,0.215,0.2158,45892.46
2022,0-12,9.0,0.0328,0.215,0.2158,7935.93
2022,0-12,9.0,0.3022,0.215,0.2158,224917.3
2022,0-12,9.0,0.2877,0.215,0.2158,17380.48
2022,0-12,10.0,0.1042,0.215,0.2158,1720.24
2022,0-12,10.0,0.222,0.215,0.2158,5386.64
2022,0-12,10.0,0.543,0.215,0.2158,14080.16
2022,0-12,10.0,0.1627,0.215,0.2158,61445.6
2022,0-12,10.0,0.1831,0.215,0.2158,5461.9
2022,0-12,10.0,0.1846,0.215,0.2158,13540.61
2022,0-12,10.0,0.1137,0.215,0.2158,58205.64
2022,0-12,10.0,0.1224,0.215,0.2158,18665.07
2022,0-12,10.0,0.2441,0.215,0.2158,21298.14
2022,0-12,10.0,0.0693,0.215,0.2158,46833.07
2022,0-12,10.0,0.2463,0.215,0.2158,22779.78
2022,0-12,10.0,0.2903,0.215,0.2158,10333.16
2022,0-12,10.0,0.312,0.215,0.2158,70188.88
2022,0-12,10.0,0.647,0.215,0.2158,6181.92
2022,0-12,10.0,0.3047,0.215,0.2158,3282.13
2022,0-12,11.0,0.0616,0.215,0.2158,5032.28
2022,0-12,11.0,0.2997,0.215,0.2158,33369.54
2022,0-12,11.0,0.9655,0.215,0.2158,4350.24
2022,0-12,11.0,0.1449,0.215,0.2158,42663.56
2022,0-12,11.0,0.3603,0.215,0.2158,14153.29
2022,0-12,11.0,0.7264,0.215,0.2158,3710.0
2022,0-12,11.0,0.1921,0.215,0.2158,20877.83
2022,0-12,11.0,0.3598,0.215,0.2158,57898.74
2022,0-12,11.0,0.0159,0.215,0.2158,3432.2
2022,0-12,11.0,0.4114,0.215,0.2158,109393.85
2022,0-12,12.0,0.0655,0.215,0.2158,4904.06
2022,0-12,12.0,0.0365,0.215,0.2158,9704.78
2022,0-12,12.0,0.247,0.215,0.2158,116562.19
2022,0-12,12.0,0.6092,0.215,0.2158,45140.46
2022,0-12,12.0,0.3573,0.215,0.2158,29948.19
2022,0-12,12.0,0.9086,0.215,0.2158,7483.86
2022,0-12,12.0,0.0597,0.215,0.2158,1735.94
2022,0-12,12.0,0.2898,0.215,0.2158,59350.13
2022,0-12,12.0,0.0863,0.215,0.2158,106287.3
2022,0-12,12.0,0.431,0.215,0.2158,1392.11
2022,0-12,12.0,0.4182,0.215,0.2158,157514.77
2022,12-36,13.0,0.4828,0.1754,0.2158,20711.9
2022,12-36,13.0,0.0353,0.1754,0.2158,15876.19
2022,12-36,13.0,0.027,0.1754,0.2158,4798.72
2022,12-36,13.0,0.182,0.1754,0.2158,5493.59
2022,12-36,13.0,0.1999,0.1754,0.2158,54409.99
2022,12-36,13.0,0.1161,0.1754,0.2158,3304.57
2022,12-36,13.0,0.2151,0.1754,0.2158,18593.46
2022,12-36,13.0,0.4626,0.1754,0.2158,8645.87
2022,12-36,13.0,0.1208,0.1754,0.2158,28648.07
2022,12-36,13.0,0.1812,0.1754,0.2158,163222.66
2022,12-36,14.0,0.9619,0.1754,0.2158,3118.93
2022,12-36,14.0,0.0458,0.1754,0.2158,10335.0
2022,12-36,14.0,0.4609,0.1754,0.2158,23864.38
2022,12-36,14.0,0.153,0.1754,0.2158,10319.8
2022,12-36,14.0,0.0416,0.1754,0.2158,5257.96
2022,12-36,14.0,0.2717,0.1754,0.2158,14720.16
2022,12-36,14.0,0.4967,0.1754,0.2158,5033.44
2022,12-36,14.0,0.1847,0.1754,0.2158,50551.98
2022,12-36,14.0,0.7038,0.1754,0.2158,14066.48
2022,12-36,14.0,0.282,0.1754,0.2158,42622.97
2022,12-36,14.0,0.0346,0.1754,0.2158,11174.2
2022,12-36,15.0,0.0294,0.1754,0.2158,80023.64
2022,12-36,15.0,0.9664,0.1754,0.2158,1034.74
2022,12-36,15.0,0.4462,0.1754,0.2158,15686.46
2022,12-36,15.0,0.0252,0.1754,0.2158,13225.27
2022,12-36,15.0,0.0788,0.1754,0.2158,27554.25
2022,12-36,15.0,0.2227,0.1754,0.2158,74198.65
2022,12-36,15.0,0.5901,0.1754,0.2158,15251.9
2022,12-36,15.0,0.3097,0.1754,0.2158,60392.0
2022,12-36,16.0,0.0507,0.1754,0.2158,18167.36
2022,12-36,16.0,0.0,0.1754,0.2158,60256.06
2022,12-36,16.0,0.0267,0.1754,0.2158,6749.65
2022,12-36,16.0,0.1651,0.1754,0.2158,15431.9
2022,12-36,16.0,0.4619,0.1754,0.2158,12989.59
2022,12-36,16.0,0.0244,0.1754,0.2158,57493.14
2022,12-36,16.0,0.011,0.1754,0.2158,15392.31
2022,12-36,16.0,0.1036,0.1754,0.2158,9649.06
2022,12-36,16.0,0.406,0.1754,0.2158,4926.02
2022,12-36,16.0,0.134,0.1754,0.2158,105577.54
2022,12-36,17.0,0.2346,0.1754,0.2158,29832.19
2022,12-36,17.0,0.6506,0.1754,0.2158,7685.61
2022,12-36,17.0,0.1582,0.1754,0.2158,2071.77
2022,12-36,17.0,0.1393,0.1754,0.2158,1076.79
2022,12-36,17.0,0.8686,0.1754,0.2158,10570.48
2022,12-36,17.0,0.0315,0.1754,0.2158,5396.99
2022,12-36,17.0,0.2368,0.1754,0.2158,21112.61
2022,12-36,17.0,0.3427,0.1754,0.2158,39564.36
2022,12-36,18.0,0.02,0.1754,0.2158,26970.9
2022,12-36,18.0,0.0876,0.1754,0.2158,5710.21
2022,12-36,18.0,0.0153,0.1754,0.2158,45311.38
2022,12-36,18.0,0.8904,0.1754,0.2158,2021.51
2022,12-36,18.0,0.0274,0.1754,0.2158,18713.36
2022,12-36,18.0,0.0,0.1754,0.2158,36204.88
2022,12-36,19.0,0.9085,0.1754,0.2158,9796.54
2022,12-36,19.0,0.0398,0.1754,0.2158,9648.72
2022,12-36,19.0,0.1452,0.1754,0.2158,4000.61
2022,12-36,19.0,0.2106,0.1754,0.2158,1965.36
2022,12-36,19.0,0.1162,0.1754,0.2158,25302.49
2022,12-36,19.0,0.8322,0.1754,0.2158,11054.54
2022,12-36,20.0,0.008,0.1754,0.2158,101329.35
2022,12-36,20.0,0.0331,0.1754,0.2158,6049.74
2022,12-36,20.0,0.5238,0.1754,0.2158,35319.63
2022,12-36,20.0,0.0929,0.1754,0.2158,4165.25
2022,12-36,20.0,0.019,0.1754,0.2158,28477.37
2022,12-36,20.0,0.0509,0.1754,0.2158,8460.53
2022,12-36,21.0,0.0201,0.1754,0.2158,14132.0
2022,12-36,21.0,0.0112,0.1754,0.2158,38962.3
2022,12-36,21.0,0.0132,0.1754,0.2158,18983.04
2022,12-36,21.0,0.0103,0.1754,0.2158,27833.29
2022,12-36,21.0,0.0,0.1754,0.2158,15455.48
2022,12-36,22.0,0.2047,0.1754,0.2158,7815.08
2022,12-36,22.0,0.1347,0.1754,0.2158,2968.74
2022,12-36,22.0,0.0801,0.1754,0.2158,3746.87
2022,12-36,22.0,0.4499,0.1754,0.2158,4445.74
2022,12-36,22.0,0.7206,0.1754,0.2158,2081.62
2023,0-12,1.0,0.6853,0.215,0.2221,14592.32
2023,0-12,1.0,0.3572,0.215,0.2221,28037.72
2023,0-12,2.0,0.5317,0.215,0.2221,1880.8
2023,0-12,2.0,0.0655,0.215,0.2221,22906.39
2023,0-12,2.0,0.888,0.215,0.2221,10799.98
2023,0-12,2.0,0.0327,0.215,0.2221,13358.21
2023,0-12,2.0,0.151,0.215,0.2221,11827.16
2023,0-12,2.0,0.0627,0.215,0.2221,1131.81
2023,0-12,2.0,0.9646,0.215,0.2221,1451.45
2023,0-12,2.0,0.0569,0.215,0.2221,2637.06
2023,0-12,2.0,0.0997,0.215,0.2221,185111.23
2023,0-12,2.0,0.3784,0.215,0.2221,15116.49
2023,0-12,3.0,0.03,0.215,0.2221,44966.4
2023,0-12,3.0,0.2751,0.215,0.2221,7270.38
2023,0-12,3.0,0.4675,0.215,0.2221,5850.29
2023,0-12,3.0,0.0163,0.215,0.2221,30423.88
2023,0-12,3.0,0.6415,0.215,0.2221,8262.0
2023,0-12,3.0,0.0227,0.215,0.2221,3850.7
2023,0-12,3.0,0.9327,0.215,0.2221,9739.47
2023,0-12,3.0,0.0428,0.215,0.2221,4668.12
2023,0-12,3.0,0.0111,0.215,0.2221,28266.93
2023,0-12,3.0,0.0,0.215,0.2221,125346.63
2023,0-12,3.0,0.6953,0.215,0.2221,17977.7
2023,0-12,3.0,0.7608,0.215,0.2221,1314.34
2023,0-12,4.0,0.024,0.215,0.2221,4116.89
2023,0-12,4.0,0.0945,0.215,0.2221,7405.33
2023,0-12,4.0,0.3949,0.215,0.2221,27858.52
2023,0-12,4.0,0.3572,0.215,0.2221,74680.57
2023,0-12,4.0,0.6087,0.215,0.2221,17247.8
2023,0-12,4.0,0.2441,0.215,0.2221,61872.56
2023,0-12,5.0,0.0519,0.215,0.2221,227576.13
2023,0-12,5.0,0.8383,0.215,0.2221,5964.75
2023,0-12,5.0,0.4669,0.215,0.2221,6424.87
2023,0-12,5.0,0.309,0.215,0.2221,3236.66
2023,0-12,5.0,0.1023,0.215,0.2221,1196.92
2023,0-12,5.0,0.0497,0.215,0.2221,10915.77
2023,0-12,5.0,0.0,0.215,0.2221,3306.49
2023,0-12,5.0,0.2158,0.215,0.2221,27798.55
2023,0-12,6.0,0.3969,0.215,0.2221,50395.97
2023,0-12,6.0,0.2041,0.215,0.2221,2107.29
2023,0-12,6.0,0.6403,0.215,0.2221,3123.42
2023,0-12,6.0,0.3615,0.215,0.2221,13832.42
2023,0-12,6.0,0.534,0.215,0.2221,18725.53
2023,0-12,6.0,0.6218,0.215,0.2221,3216.3
2023,0-12,6.0,0.7374,0.215,0.2221,2712.14
2023,0-12,6.0,0.4312,0.215,0.2221,4638.09
2023,0-12,6.0,0.3166,0.215,0.2221,146195.68
2023,0-12,7.0,0.3012,0.215,0.2221,39845.12
2023,0-12,7.0,0.1769,0.215,0.2221,19782.9
2023,0-12,7.0,0.3042,0.215,0.2221,16437.68
2023,0-12,7.0,0.041,0.215,0.2221,9449.41
2023,0-12,7.0,0.1313,0.215,0.2221,13706.15
2023,0-12,7.0,0.2631,0.215,0.2221,12924.21
2023,0-12,7.0,0.0297,0.215,0.2221,35223.95
2023,0-12,7.0,0.3682,0.215,0.2221,13581.3
2023,0-12,7.0,0.3408,0.215,0.2221,94974.94
2023,0-12,8.0,0.0222,0.215,0.2221,13601.26
2023,0-12,8.0,0.0976,0.215,0.2221,8934.63
2023,0-12,8.0,0.1454,0.215,0.2221,17196.54
2023,0-12,8.0,0.1507,0.215,0.2221,44941.5
2023,0-12,9.0,0.1172,0.215,0.2221,6824.42
2023,0-12,9.0,0.19,0.215,0.2221,10523.79
2023,0-12,9.0,0.2017,0.215,0.2221,19832.74
2023,0-12,9.0,0.0,0.215,0.2221,11888.48
2023,0-12,9.0,0.2072,0.215,0.2221,20747.91
2023,0-12,10.0,0.8514,0.215,0.2221,17618.39
2023,0-12,10.0,0.4732,0.215,0.2221,44066.19
