ER_obs,P_FLAG,ER_int,ER_final
1.0,0.9199217199904433,0.9987927881841289,0.9188111796203943
0.07354764404471631,0.7937364630255808,0.5322016234887367,0.4224278342444217
0.8600822879598876,0.5313228998759955,0.7470451449391156,0.3969221927473342
1.0,0.9373661210509038,0.9997913011371025,0.9371704938073218
0.8466403651484518,0.6985965977249498,0.5409212065038136,0.37788571450083913
1.0,0.9233271665849688,0.999738247017592,0.9230854829453768
0.08589809539771119,0.7357237273912873,0.7973711434584017,0.5866448697794682
0.2137551615093949,0.5001842090133375,0.45597387698014563,0.228070932988059
0.2681219606843195,0.5718125252914872,0.6511647858828681,0.3723441805965733
1.0,0.9005269402959454,0.9905131774310187,0.8919838009947701
1.0,0.9334613775549685,0.8403742401125821,0.7844568958372008
1.0,0.8436152883339733,0.9975213143936921,0.8415242312615185
0.02952393132639151,0.48855033605108406,0.18282642536945673,0.08931991155326653
1.0,0.6919553237899284,0.8006019836017407,0.5539808047900014
1.0,0.8625566661657922,0.9990146570666087,0.8617067520501362
1.0,0.9303511653652956,0.9993018071889272,0.9297016008698644
0.0,0.2009165977548595,0.19094192700167814,0.038363402341933917
1.0,0.8937553333527758,0.9989564442271752,0.8928226498151626
0.3483943542801449,0.40518086569373507,0.4809820389600528,0.19488471892897202
0.47183108131893936,0.5582094761907423,0.5425093517720501,0.30283386108125526
0.0,0.4421906767898093,0.7405009561610103,0.32744261896833804
0.027726036803271976,0.5239302137252047,0.2584088448013621,0.13538820128526088
1.0,0.9102240715698788,0.9991439081835274,0.9094448361910514
1.0,0.9466753980051494,0.9997989473095718,0.9464850663694183
0.32268846151564057,0.3697178452311065,0.1563627767742578,0.0578101089033311
1.0,0.8403990628878268,0.9981187827894001,0.8388180897069503
1.0,0.8282149256588918,0.9989389206233957,0.8273361238818793
1.0,0.8868731210280447,0.9990633883639313,0.8860424653431732
1.0,0.6691723095297398,0.8138004566174541,0.5445727310510586
0.023299257160393216,0.7003707304654221,0.203776675964986,0.14271921939741286
0.10253008716362234,0.5812489970788266,0.3885003336430451,0.22581542929480947
0.3522021896669561,0.4075797182147041,0.21414635272517074,0.08728171010043173
1.0,0.9474901242738878,0.9457169681688887,0.8960574876982648
1.0,0.8909063779689849,0.9990642677985888,0.8900727281826767
1.0,0.8981909197985642,0.999145943347856,0.8974238138686149
1.0,0.9360022770548992,0.9997895697903578,0.935805313899513
0.5751463188633904,0.668721699526523,0.41942190225999204,0.28047652729794914
1.0,0.679782117349346,0.9966941252525772,0.6775348428138512
1.0,0.8828672386603873,0.9844816504681018,0.8691665962605936
1.0,0.7022277832390862,0.6870154137817146,0.482441311071017
0.7329452989474537,0.6868596019099733,0.6831398762373462,0.46922118344121205
1.0,0.8631606667541231,0.9973500369725723,0.8608733229004948
1.0,0.8912504264323091,0.9987894143589471,0.8901714914634878
0.0,0.4210515031657838,0.9959479298626913,0.4193453729435368
0.1735862327628327,0.8076108950141843,0.6780570765859983,0.5476062824923194
0.6415723105232358,0.34305533957430384,0.2412354980573412,0.0827571257034375
0.01128599681927799,0.5345611867444687,0.05700180032934238,0.03047095003062451
1.0,0.9210651117964952,0.9997623563242868,0.9208462264977567
1.0,0.9512880234789278,0.9997284580890512,0.9510297089111697
0.8238960427298654,0.28101337027516304,0.33113343671228834,0.09305292306131756
0.33520846418143396,0.761881137572055,0.7884124811646991,0.6006765980257673
0.6848425616150089,0.6308778930090722,0.38900105033056015,0.24541216301085983
1.0,0.9593647899535048,0.9994962519562552,0.9588815118173282
1.0,0.8369253881144249,0.9956320038303207,0.8332697012248337
0.5813785576094075,0.6563035471221825,0.9208092440767045,0.6043303731104367
1.0,0.7896729946956579,0.9992263099768196,0.7890620325780868
1.0,0.9251251488926989,0.9998207809954905,0.9249593488844677
1.0,0.9377801107720838,0.9988938170842361,0.9367427544348045
1.0,0.8342367479874656,0.9956154978279197,0.8305790351538853
1.0,0.9147185759143948,0.9996357559569715,0.9143853951220704
0.6376427583591043,0.6196438340210713,0.4169142424647094,0.258338339658823
1.0,0.9033406121154753,0.9996949609797781,0.903065057980229
1.0,0.8923792824998047,0.9983955452503654,0.8909475003215224
1.0,0.9479115750887191,0.9997676703776801,0.9476913471504861
1.0,0.9260171072997291,0.9993570548896951,0.925421729128532
1.0,0.9420890679749396,0.9995624766846819,0.9416768820425943
1.0,0.805338629362109,0.9990311522910262,0.8045583788761035
1.0,0.9008715377830262,0.9997105874803421,0.9006108142813883
1.0,0.9169490372292496,0.9995455117594949,0.9165322946746864
0.933206191158395,0.7585820330908861,0.6161926255367951,0.4674326546553131
0.9256914941344347,0.4362385839805865,0.22920932649570006,0.09998995202562812
0.0,0.35957344392268814,0.2682446278227591,0.09645364463998922
0.2093641338704285,0.5837010824918646,0.3299103299443201,0.19256901671374788
1.0,0.7858598326742601,0.9982092026691771,0.784452516983506
0.6778907478022584,0.6489456598679574,0.49602309891543844,0.3218920372354283
0.0,0.5305817318256973,0.6604741149611322,0.35043549974212224
0.09897213202390989,0.6434002225355406,0.43041408252267277,0.2769285164775182
1.0,0.8936419630481871,0.9957063159168951,0.8898049467754524
1.0,0.8421189616954393,0.8315538967472924,0.7002673041226264
1.0,0.9206145473439444,0.9995401482089118,0.9201912010954465
1.0,0.9314608420007453,0.9993905856033579,0.9308931963537217
0.04819255925503954,0.5058342447205739,0.37951506902968046,0.1919717183027049
1.0,0.9018905426729951,0.9982299719248462,0.9002941710917481
1.0,0.7974241238013022,0.9957767346089474,0.7940563900972618
0.10192900859524724,0.6883138479781857,0.260853883280992,0.17954934016119214
1.0,0.8371114346594717,0.9990342434354591,0.836302988796197
1.0,0.8916915624220816,0.9924834259976966,0.8849890968059064
0.0,0.471993434754025,0.3505266871651302,0.16544629504801941
0.0,0.29769583959104273,0.14430249664046596,0.04295825289246714
1.0,0.8602206902582707,0.9992522689410802,0.8595774765306392
1.0,0.8641997736224754,0.9687527089461788,0.8371958717674475
0.5351850700022057,0.708904528405653,0.8906418923810463,0.631380070696704
1.0,0.9558657990363071,0.9997771539352717,0.9556527881045834
1.0,0.8138001275303048,0.9992709943207221,0.8132068626155382
1.0,0.8645040228131708,0.9950920401371678,0.8602610717679469
1.0,0.9194414279648933,0.9992943838862562,0.9187926552776776
1.0,0.7363904819686313,0.9388490939482048,0.6913595367883314
1.0,0.9369189522561748,0.9991694266738029,0.9361407723656223
1.0,0.8914808325909425,0.9997219261204647,0.8912329350572926
1.0,0.8924798853885122,0.9959423366381653,0.8888585024563969
1.0,0.7854300368994537,0.9988965152174534,0.7845633268059801
0.06480182223899,0.650930471633735,0.5300130295454879,0.34500163129406913
1.0,0.9113580230033089,0.997514458531909,0.9090928048448568
0.0794440081046087,0.6403920175970389,0.3778287482463225,0.24195851439562616
1.0,0.8580793364043515,0.9994918198697483,0.8576432775354113
1.0,0.8912284017062185,0.8505719246721697,0.7580538569617599
0.0504618548698057,0.7086361697086447,0.27681714806336255,0.19616264351329202
0.0,0.5033505380899856,0.5365196887212147,0.270057474013695
1.0,0.8960405284345105,0.9992964420782624,0.8954101120225325
0.49025312756763295,0.41315208550428556,0.23071574719159152,0.09532069211088555
0.8064095809981443,0.6659230696983913,0.7095339855322892,0.472495049700996
1.0,0.8501738331603284,0.9939391771277095,0.8450210801468874
1.0,0.9462953820030968,0.9998009084304804,0.9461069825702647
1.0,0.8814248531311041,0.9993293482591903,0.8808337240189588
1.0,0.9242114021827749,0.9866848994053319,0.9119054343919719
1.0,0.8917932986018761,0.9978728743378781,0.8898963421911117
1.0,0.8246105870816544,0.9982465643470837,0.8231646854784931
0.8339341899074277,0.7031899801634176,0.8089282099526267,0.5688302119102164
1.0,0.8891719739286471,0.9971283119365502,0.886618549384762
1.0,0.947991621921181,0.9996607488673319,0.9476700146896844
0.09604247365207837,0.3536622978486544,0.48443204304639687,0.17132534949530698
1.0,0.9011815280583044,0.9997852500943637,0.9009879994101927
1.0,0.9348228337415625,0.999786953705668,0.9346236732009768
1.0,0.83213132615684,0.9992564261347623,0.8315125750502642
0.08252345609815999,0.5600381528055101,0.19482123404647994,0.10910732404268057
1.0,0.9202383259475133,0.9981024739336274,0.9184921497367529
1.0,0.8160338022782286,0.9992404229687973,0.8154139617453331
1.0,0.9313367942257363,0.9997952625052149,0.9311461146636854
1.0,0.8992444559429168,0.9991880563550665,0.8985143201216722
1.0,0.5379832732256071,0.34998879369752717,0.1882881168256774
1.0,0.9049974565081119,0.6758451385570041,0.6116381313874613
0.050313707670304665,0.6035111309148357,0.3208692890604998,0.19364818751674154
0.014966990102115201,0.71797213892843,0.3688268121065182,0.26480737518227104
1.0,0.8392493389105476,0.999321974930566,0.8386803068192603
1.0,0.9205804483536002,0.9974360302306389,0.9182201079137566
1.0,0.930990173956487,0.9992192175713019,0.9302632731873712
1.0,0.922202705423408,0.999261455888474,0.9215216180456842
1.0,0.9346925845910653,0.9934567273686564,0.9285766361835908
1.0,0.9221940545377848,0.9993133730602041,0.9215608512562196
0.1835576320007359,0.7465727134101631,0.6510874638335321,0.4860841345415415
1.0,0.4044900502612718,0.5981700856678264,0.24195384801656836
0.07205556886418,0.6029809369929391,0.041540451442845266,0.025048100334116526
0.0,0.3097970513630631,0.18995897585868624,0.05884873060096829
1.0,0.9387155041959546,0.9989455703544641,0.9377256947396062
0.15546815027492378,0.9286242613626691,0.8880878853175075,0.8246999565281051
1.0,0.9633551963697684,0.9954409239082191,0.9589631867261061
0.1889074361623104,0.4394843192818056,0.29785815508760743,0.13090398853121163
1.0,0.6170033536934535,0.9845147845414141,0.6074489238228402
1.0,0.9634199787197666,0.9997105874803421,0.9631411529162366
1.0,0.9035829624176828,0.9991529151199008,0.9028175509523035
0.8176002421417286,0.903212869419895,0.9439210109541921,0.852561604809664
1.0,0.8952642070420872,0.9974514457191956,0.8929825776147792
1.0,0.896442178940478,0.9997728342392774,0.8962385379709551
0.20833396378485783,0.6976629986786123,0.2738954901203764,0.19108674896193
1.0,0.9499255309792126,0.9997639950556625,0.9497013438571491
0.5742551066553817,0.3074897587929965,0.5320880429884065,0.16361162399514267
1.0,0.8273100949621839,0.9987175545860818,0.8262491149250114
1.0,0.8842841973929855,0.99743462619902,0.8820156778803729
1.0,0.722203298066176,0.74730348379349,0.5397050406520015
0.9439157728922898,0.3916427403735462,0.5627027356892988,0.22037844142104826
1.0,0.7633986067870118,0.884093763997486,0.6749159477047659
1.0,0.9439718506190409,0.9998331968505768,0.9438143931413908
1.0,0.8503422764061207,0.999053749135681,0.8495376392921045
1.0,0.9243013231088193,0.9863187669222416,0.9116557412732871
0.02186941216119236,0.5991929278322905,0.08785348585550597,0.05264118741003334
1.0,0.5552916014556292,0.5902811874296912,0.3277781858769636
1.0,0.8755969999206239,0.9993267235389913,0.8750074810712475
1.0,0.7474924927407239,0.9975195745779989,0.7456383933589749
0.1301930772187239,0.5233303514994411,0.3264052269760674,0.1708177621646402
1.0,0.8074659176198974,0.9987925303973914,0.8064909270692289
0.040058648600353276,0.6127270247515859,0.841107059294987,0.5153690259393732
0.2908658951180652,0.6405189669266376,0.6924809041990155,0.4435471533739773
0.9319538151533081,0.8846733012322632,0.7201501459429118,0.6370976069942119
1.0,0.9184132233607949,0.9867037646314134,0.9062017849773675
1.0,0.9288953517533086,0.9995159717454166,0.9284457401575088
1.0,0.7332801441287273,0.8847803508191161,0.6487918631709074
1.0,0.6295151400286292,0.46441256368973316,0.292354740062197
1.0,0.9607897662979186,0.9997676146265866,0.9605664928093056
1.0,0.7666667526410577,0.9989689299381668,0.7658762655050065
1.0,0.9059648641807826,0.9986007855000374,0.9046972250063642
0.046150840705756986,0.5011290257347321,0.3172073776989184,0.15896182414212814
0.03298950538806869,0.4193490998796484,0.4643292058716909,0.19471603453012554
1.0,0.9510656725474668,0.999389595431682,0.9504851377161734
1.0,0.8983735550991789,0.9993125427377053,0.8977559616744725
1.0,0.9394891352486004,0.9995238878951136,0.9390418330988993
1.0,0.9117909818180333,0.999817392389099,0.9116244818452024
0.10065013363925722,0.5397266019502919,0.34139584216737084,0.18426041781295324
0.03808411213333669,0.617996118829507,0.7181090227190688,0.4437885889368348
1.0,0.9332767259172517,0.9998331968505768,0.9331210524200854
0.012105316437575323,0.5409132521179125,0.061681733447323646,0.03336446703526205
1.0,0.9517112019823181,0.9989940303093988,0.9507538093589183
0.20805396703861065,0.6252568026317351,0.20619507965719763,0.12892487622485532
1.0,0.8502829857617883,0.995430015679312,0.8463972058487091
1.0,0.893396301783547,0.9991247720507007,0.8926143763704254
1.0,0.8662243486888255,0.9994105483583796,0.8657137513244793
1.0,0.8911809985019882,0.9365416604131258,0.8346281320656794
1.0,0.9318785214202663,0.9998331968505768,0.9317230811480136
1.0,0.9690187561151166,0.9997880309206316,0.9688133541014922
1.0,0.959906464360191,0.9755094793384178,0.9363978552615915
1.0,0.8577448857820416,0.9992606837008399,0.8571107410074617
0.10284775738337341,0.30959067981913324,0.2098467194082319,0.06496658851940942
1.0,0.9319620368488206,0.9997397967291738,0.9317195372785467
0.21563553218667675,0.7422421088696683,0.28578437144217,0.21212119454122888
1.0,0.8862843178539122,0.9993207651057674,0.8856823226190146
1.0,0.8799266619661522,0.997531012217306,0.8777541337880911
1.0,0.6470376368970042,0.6348767590399799,0.4107891578900573
1.0,0.9519635641576508,0.9993050132911975,0.951301962133297
1.0,0.6341755986789109,0.688708876965767,0.4367623643652457
1.0,0.8886995154275139,0.9905878966169326,0.8803349837118283
0.04113532009187613,0.3673391740388997,0.23048890275843167,0.08466760316441456
1.0,0.891814385498668,0.9714072903097154,0.8663149956764851
1.0,0.9400564780348389,0.9997160422339649,0.9397895416973894
0.7623355315556429,0.791413189907149,0.8106559601953817,0.6415638193754698
1.0,0.9517887891596203,0.9997356644064026,0.9515371975050584
1.0,0.9117962604483617,0.9989905488856974,0.9108758466972352
0.09477092446843255,0.5744228928442909,0.1756896874337698,0.10092017849861533
1.0,0.8389845346662215,0.9789444498998587,0.8213192537633132
1.0,0.5265033414656892,0.6958665293197082,0.36637605290095837
1.0,0.4596593002625486,0.7486551370278802,0.34412629642419784
1.0,0.849347483453841,0.9991686059072026,0.8486413409733652
1.0,0.8252399170270821,0.9917037834141991,0.818393547940177
0.01919305076412725,0.45885887195879804,0.33977998506947826,0.15591106066315805
0.4496811842515645,0.531150975247639,0.4776043509128078,0.25368001676985347
1.0,0.8410962408978516,0.9993614873364249,0.840559190296753
1.0,0.7947355896440716,0.9515092320052864,0.7561982505494991
1.0,0.7942825317489607,0.9967800913078002,0.7917250145209197
1.0,0.8874416075653158,0.9993038297689146,0.8868237971363022
0.06603928387035936,0.5064480766456709,0.5833029255319793,0.2954126447374639
0.25175202419606363,0.7368069578105683,0.4071112411362193,0.29996239507206246
0.59535784844054,0.5959246688148044,0.5058654596202716,0.3014577064890592
1.0,0.928463198212748,0.9997632702830836,0.9282434033826679
1.0,0.9225560413955829,0.9997284580890512,0.9223055287651449
0.011975955912513124,0.7698418644388078,0.07750020298420834,0.059662900759749005
0.9266224503908617,0.24908787567420393,0.4642930721169318,0.11564977502385651
1.0,0.9049659997366993,0.9910554488521898,0.8968714850650252
1.0,0.9115316287481864,0.9987924582982592,0.9104309162940173
0.07503336895431066,0.49363687775170595,0.18675445532883908,0.09218888623474857
1.0,0.8906905288783329,0.9880786231256559,0.8800722714051654
1.0,0.6979456285236004,0.7192914216072284,0.5020263033452911
1.0,0.8913663537612706,0.9996205655886997,0.8910281386935783
0.0,0.3983383997468305,0.2811551653821429,0.11199489865887828
1.0,0.9216613891185357,0.9997831428480939,0.9214615202546697
0.07687920189809902,0.5432827566714732,0.36288659810236656,0.1971500313761867
0.22326949624355158,0.7419012033999196,0.6186360941135192,0.4589668626894458
1.0,0.7470378066973409,0.9992439151528356,0.7464729827314381
1.0,0.9235326553637034,0.9997427088846175,0.9232950386167127
1.0,0.776807655470735,0.9822158434027141,0.7629927864798729
1.0,0.7270075038608554,0.8475097782961949,0.6161459684167836
0.24194532128798013,0.5289785829892266,0.602199707516442,0.31855074795857424
0.08405019726880829,0.6242366318537197,0.3185438419695904,0.19884673500884067
0.4932858220871471,0.7648116451089656,0.27753696593656957,0.21226350349649872
0.32498521430957195,0.534436830209138,0.3496292766805746,0.18685476237747997
1.0,0.9315062599899396,0.9998244657998473,0.9313427487836551
0.8187982510438325,0.3490243229672245,0.46794095094279425,0.16332277359144798
1.0,0.8943248134401287,0.9995345600591427,0.8939085589518538
0.04657757480260714,0.5877566029327231,0.3189609311034778,0.18747139333363846
1.0,0.952860295106656,0.9982616906453763,0.9512039291420227
1.0,0.9392477692367192,0.9996233741547422,0.9388940242517239
0.22680229806280458,0.7401201429961833,0.2680133809461898,0.19836210183078457
1.0,0.8102279759289034,0.9990681753655279,0.8094729855413944
1.0,0.6943498701365182,0.915708032914035,0.6358217537368267
1.0,0.9515150027589807,0.9998331968505768,0.9513562870597971
1.0,0.9418719789823726,0.999662017080258,0.941553642340893
1.0,0.9427502773873652,0.9997461685636334,0.9425109777303209
1.0,0.8112346092375959,0.9987053726611778,0.8101843627342782
1.0,0.9230072233995981,0.99979555870318,0.922818522605872
1.0,0.7379340648218125,0.860320177366645,0.634859565532391
1.0,0.6849098029066484,0.8170033539862033,0.5595736061527612
1.0,0.940645628414269,0.9815515727694175,0.9232921959887028
1.0,0.912212422934406,0.999817392389099,0.9120458460032197
1.0,0.8913600396848571,0.9993189950103151,0.890753019050226
1.0,0.953434592662812,0.9997768793868773,0.9532218617519248
1.0,0.8712327458691351,0.9881866304958639,0.8609405515180799
1.0,0.6381825383167964,0.6032538943664748,0.38498610155628943
0.3319377371723964,0.5942173145333954,0.34096695656084086,0.20260846927220774
0.6032018414133679,0.7755698777840689,0.7299970337313255,0.566163710233737
1.0,0.9593920564069732,0.9997716213271504,0.9591729517223885
1.0,0.844898444650784,0.9849565512450724,0.832188258195562
1.0,0.6698487968482806,0.9965632603175001,0.6675467009068773
1.0,0.9250674390114242,0.9991824970083276,0.9243111936125337
1.0,0.8340414662933816,0.9989962653570953,0.8332043099800439
1.0,0.9570150259698942,0.9990343432153489,0.9560908779170533
1.0,0.9382958023943955,0.9985324505364375,0.9369188068929286
0.35308230967258925,0.4839318261522292,0.35102286929112475,0.16987113815724925
1.0,0.9007746448619542,0.9993949302969121,0.9002296134150385
1.0,0.9479732948691507,0.999602175154029,0.9475961675391348
1.0,0.8061671794745829,0.7809703739938257,0.6295926836558127
0.9987499997222309,0.8683717418346711,0.9972034730615698,0.8659433168660589
1.0,0.9444909018640189,0.9992585801480306,0.9437906375593724
1.0,0.5394105310708377,0.8900872544316375,0.48012243861235343
0.5322876316019134,0.7414188388057625,0.903432985248987,0.6698222348621276
1.0,0.8756507687670451,0.993304244446411,0.8697876252690686
0.05320174507837373,0.7915148298351876,0.3131945654870497,0.24789814320678769
1.0,0.7087031397428086,0.882804300195584,0.6256461793270633
1.0,0.9179439804913712,0.9994487560603964,0.9174379694352297
0.022630197997380325,0.20555818815619464,0.15454262996542528,0.03176750300858606
0.7330747212912104,0.5183520362881007,0.34561342629228725,0.1791494232871145
0.9696176515080288,0.738777317891977,0.7860576430346466,0.5807215572296253
1.0,0.8303046344180308,0.998956239681638,0.8294379953884733
0.45501785511344406,0.645000117538431,0.5654854847889902,0.3647382041551753
1.0,0.8856951597059117,0.9983509028921448,0.8842345623795993
1.0,0.9073513054933495,0.9996320711526149,0.907017464773346
1.0,0.8828187410816696,0.9665609655505294,0.8532981347860014
0.6003331277473847,0.7620120029225919,0.914467119487681,0.6968349213276609
0.009340829982305966,0.5730482461607547,0.2790568451286044,0.1599130356801001
1.0,0.9483210807408305,0.9997397967291738,0.9480743244938283
1.0,0.894122436606678,0.9690371721809536,0.8664378775528793
1.0,0.6119918130516213,0.8601212241510444,0.5263871474123777
1.0,0.7048336722613144,0.9303672803597511,0.6557541867677352
1.0,0.8397718270585776,0.9987320875107438,0.8387070698709245
1.0,0.9104461368475992,0.9949941009858921,0.9058885354287555
1.0,0.9273080057745198,0.9993715575877663,0.9267252460944873
0.19998168424152693,0.5283344690264791,0.6592437824896937,0.3483012137807
1.0,0.9186146208373025,0.9992746083923434,0.9179482655006764
0.0490944310427795,0.45078121371109353,0.3686464478571427,0.16617889319532614
0.19979974946886322,0.6010284846287056,0.2901986128392428,0.17441763251612255
1.0,0.7943823331789688,0.9989023309077821,0.7935103642444343
1.0,0.9085689781933876,0.9925916825403077,0.9018380107689027
0.0,0.3327451556243217,0.951607053821771,0.3166426372171275
1.0,0.925414206383031,0.9984214555118602,0.9239533988882987
0.1352952819837329,0.6303222878777971,0.23024275000846484,0.14512713695261123
0.6285285442542548,0.434054360953279,0.34857925910377374,0.15130234755185595
0.6135063443511752,0.7492942798862547,0.4407649427947996,0.33026265041053565
1.0,0.48215288540377244,0.44806740147260854,0.2160369904753887
0.10020142420921475,0.31068297270967643,0.5175147091509614,0.16078300826000427
1.0,0.9288334472281778,0.9986700192278765,0.9275981166028592
1.0,0.916458354418295,0.9971591778023807,0.9138548591818699
1.0,0.9051477272233551,0.989855695380665,0.8959656329529027
1.0,0.9168288038899505,0.9965989029612753,0.9137105801600228
0.1661473660674276,0.6237933860976819,0.28451201635042733,0.1774767140647121
1.0,0.8087278142038292,0.9984108544827685,0.8074426280232267
1.0,0.826181708058573,0.9989058522584271,0.825277743208572
1.0,0.936479992278212,0.9989253153782784,0.9354735716319607
1.0,0.8054024931978242,0.9987298547881422,0.8043795150774706
1.0,0.7591539131675895,0.8209679740381042,0.6232410500762948
1.0,0.880336479604414,0.9973500369725723,0.8780036204817664
1.0,0.8241282502128786,0.9985212275690403,0.8229095520768888
1.0,0.8832888614028837,0.9966220761048591,0.8803051788516391
0.2640120199745816,0.8714604893554707,0.9140773936817006,0.796582332806628
0.7112947536562753,0.5776663887436451,0.4097821533168324,0.23671737667812925
0.1105363877448552,0.761577719166015,0.43287500570788606,0.3296679595309876
0.0,0.12982335228607622,0.2460122295442643,0.031938132342808075
1.0,0.7161146644783467,0.9414607858900755,0.6741938748071921
0.23196389737258163,0.689043073255828,0.8705688582870349,0.599859441594916
0.14502118696934296,0.43500958322298994,0.13730317965225067,0.05972819895571688
1.0,0.9274417833276773,0.9991624469671023,0.9266650016492152
1.0,0.8859308624262132,0.9991858893057419,0.8852096166367388
1.0,0.9543802498914189,0.9774305245877349,0.9328403883075431
1.0,0.9518691143867549,0.9998164569710565,0.9516944054463425
0.5839473186141482,0.6739263839063179,0.37159692173000247,0.2504289697322196
1.0,0.8196543464727644,0.9661875239807075,0.7919398035385452
0.9640944604681185,0.5927075714586068,0.5999813316619327,0.355613478009845
1.0,0.8972336811331963,0.999190084545581,0.8965069977086213
1.0,0.8574822258187624,0.9988964027346521,0.8565359107792644
0.0,0.25473444790658806,0.8044953147344889,0.20493266984232683
0.30636597382589154,0.35329727012444645,0.24309435272146085,0.08588457119916142
0.47181910093925866,0.7128502075093873,0.3246867040260269,0.2314529843404923
1.0,0.9113807587180655,0.999086626946245,0.9105483280913416
1.0,0.9503686866528305,0.9998331968505768,0.9502101621627836
1.0,0.9313799691944173,0.9998244657998473,0.9312164801564865
0.9016268420223719,0.6884318057145151,0.7049650033958247,0.4853203302533269
0.0,0.1702330199551285,0.4499591939383787,0.07659791244070555
0.8170983162274589,0.6155640100712872,0.5926208884864321,0.3647960905687173
1.0,0.769074228948771,0.9943356961846576,0.7647179588594549
1.0,0.9382218492478214,0.9991439081835274,0.9374186452006446
1.0,0.9253078238447042,0.99979555870318,0.9251186527132398
1.0,0.5486646402275069,0.33566626444694564,0.18416821021929464
1.0,0.824743558125732,0.9981220435323489,0.8231947256265961
1.0,0.6683939604419004,0.7325586958245922,0.4896378079583526
1.0,0.909422767082638,0.9345631053518324,0.8499129652824063
0.011956067923235473,0.6703991194346073,0.03778289129962926,0.02532961705696494
1.0,0.8912467976266758,0.9958847596040572,0.8875791028023279
0.8350344450305356,0.3178603034409838,0.5033451848969173,0.15999345320689223
0.6634698687118672,0.5740227412181811,0.27550582614379626,0.15814660954464155
1.0,0.7746714780761255,0.6879669634197471,0.5329483844199192
1.0,0.9386919981952446,0.9995086678113416,0.9382307886012953
1.0,0.912675154975537,0.9991605850803024,0.9119090418336132
1.0,0.9391693107369847,0.9995351321733501,0.9387327211406461
1.0,0.9302970882201868,0.9996236999809736,0.9299470174081893
1.0,0.915836423689843,0.9997844862081711,0.9156390483094785
0.0,0.438512096860404,0.9278363264358928,0.4068674530486576
1.0,0.6943628052366597,0.6195914351207957,0.43022124699108355
1.0,0.9353265543363007,0.9991738811512592,0.9345538634400357
1.0,0.9555126617439604,0.9998023978771531,0.9553238504135927
1.0,0.8147078574987131,0.997001405738493,0.8122648791924129
0.6535205713086575,0.6397406632091591,0.43695747119464706,0.27953946241626054
1.0,0.946700834312453,0.9997142782388981,0.9464303412828367
0.036103719738916316,0.7281741023746635,0.7082104953405505,0.5157005417369211
0.5103399811004801,0.852188050914792,0.5133322683866907,0.4374556252681228
1.0,0.9353687762648235,0.9997831428480939,0.9351659348560208
1.0,0.914227071298325,0.9996899521619643,0.9139436171713953
0.4009766950560401,0.28937641434360073,0.38218124738619674,0.11059423899798224
1.0,0.9436704290420802,0.9995075905963781,0.9432057568489
0.8378485327515637,0.6219897443821771,0.7279916997044014,0.4528033712114873
1.0,0.9102704621941399,0.9972288114054934,0.9077479310713912
1.0,0.8682345482952737,0.9189316885512143,0.7978482395234767
1.0,0.8138572384765387,0.9987872089747735,0.8128701997218987
1.0,0.8869588529875666,0.9989247863674398,0.8860051827373143
1.0,0.6328514619258317,0.6711686254074953,0.4247500457878844
1.0,0.6482908227006265,0.9947330379115021,0.6448762995151412
1.0,0.9036507109621015,0.9961633669289656,0.9001837347597605
1.0,0.9435570888560288,0.9986740511703514,0.9423059804383536
0.23844079699985732,0.43181975134244255,0.23204240058783565,0.10020049172274263
1.0,0.47303372109304676,0.8641713912919218,0.4087822088849731
0.023507516663912216,0.464503157303076,0.22263624801284718,0.1034152401320782
1.0,0.625701077903869,0.7959579579630502,0.498031752263643
1.0,0.4168338133347418,0.42357622192596295,0.176560891823322
1.0,0.881863172970171,0.9970775508236668,0.8792859726666857
0.11600462277612865,0.6053306363166269,0.5004741005005588,0.30295230571599474
1.0,0.7735959542779531,0.9537227138655606,0.7377960329493877
1.0,0.781762166019995,0.9988837753398285,0.7808895438118945
0.5103585293535277,0.93940022209344,0.5105153972236652,0.47957827753403187
1.0,0.6444942833951489,0.9184399934442571,0.5919293254163017
1.0,0.8323253109557305,0.9991217165826523,0.8315942934372793
1.0,0.8193387384714067,0.9989240063609092,0.8184571352005507
1.0,0.9481449184404316,0.9997660411286436,0.947923091525431
1.0,0.855443129086999,0.9970559666640411,0.8529246759979499
1.0,0.8417531123288969,0.9986279451631869,0.8405981808997236
0.85116976278324,0.5758515029543003,0.3273341570604976,0.18849586631156656
0.5103624297162994,0.9116279370979236,0.5082860632520594,0.4633677752980996
1.0,0.8354579937866649,0.8117887938887276,0.6782154371207727
0.1121871736143063,0.741781897286661,0.13285071556434166,0.0985462558472079
1.0,0.8968241829861529,0.9983889457668934,0.8953793505898007
1.0,0.7504219323210686,0.9987824788333519,0.7495082777345508
1.0,0.9352091267641949,0.9993424275202117,0.934594158979588
1.0,0.30465651819818096,0.6515024674106917,0.1984844733188652
1.0,0.6619152165566081,0.6325875502870423,0.4187193253392618
1.0,0.6673580049289576,0.8980039795514111,0.5992901442116941
0.7938980685533131,0.7021080140556154,0.5344001572348765,0.37520663310718777
0.03782152988385236,0.576808945691494,0.2302436285905315,0.13280658465948839
1.0,0.6342816440405852,0.6561622923526889,0.4161916975509026
1.0,0.5165902810457073,0.5333261351863966,0.2755110980649615
1.0,0.7666183737465414,0.7553971678059053,0.5791013483161064
1.0,0.9506705516326801,0.9998207809954905,0.9505001734028
1.0,0.9074473152459757,0.9974939970178397,0.9051732495678159
1.0,0.9078793609153456,0.9868747105913358,0.8959631815551786
1.0,0.7452303017961576,0.9877439962329423,0.7360967564100183
0.22048494894934123,0.748342995592961,0.6652400441014353,0.49782772739126163
1.0,0.9172838741125701,0.9991706571057913,0.9165231312496026
1.0,0.41431206001649296,0.2944936324953732,0.12201226354089807
1.0,0.9529688154853834,0.9990381901342663,0.952052240676913
0.0,0.4827470071123624,0.5380661767566136,0.2597498364576466
1.0,0.951844647445014,0.9828032428784266,0.9354760062254324
1.0,0.9049459552078197,0.9997570297777998,0.9047260802880037
0.5233409996326063,0.43738307780309965,0.3392298866041591,0.1483734118857236
0.0,0.4538191191270311,0.8290026311797587,0.37621724383598915
1.0,0.7294001789373197,0.9939185988186853,0.7249644038274791
1.0,0.7662031164668089,0.9992253823935122,0.7656096020426479
1.0,0.9247083327402307,0.999452740815952,0.9242022776125729
0.01884357378468891,0.7380120324123902,0.13608858046565284,0.10043500985757356
0.362296589668933,0.7908331079714457,0.4606304866686646,0.36428183939857955
1.0,0.7007830675511275,0.9753400928813857,0.6835018221950191
1.0,0.9324250450193162,0.9992193059109467,0.9316971062981844
0.04511437525374473,0.7599740636117712,0.20127721166878568,0.15296546046437368
1.0,0.9004911213495806,0.9959020739729998,0.8968009753463196
1.0,0.6449374923417804,0.6934785929830832,0.4472503447512159
1.0,0.3096567218328462,0.40863816157250654,0.1265375535283433
1.0,0.9266562908211651,0.9995738153248045,0.9262613641108436
1.0,0.8252692011234113,0.7799141990794307,0.6436391680190869
1.0,0.8486544706538386,0.999321974930566,0.8480790616474481
0.19873187598200764,0.7632090198118928,0.5601769461593217,0.42753209799947534
1.0,0.9244005768063329,0.9993045951346065,0.9237577441476492
1.0,0.8175021770002106,0.9991693161310318,0.81682309112893
1.0,0.8138228879530287,0.996821795207723,0.8112363921504716
0.8675707361187915,0.546452131198393,0.25895405512854724,0.14150599530746077
1.0,0.8628738574026906,0.9949790094744714,0.8585413759399454
0.5153812353738789,0.3765764680203189,0.4354274170287543,0.16397171878389877
1.0,0.8296179324555217,0.9613415635793662,0.7975462003602722
0.20345667900204634,0.7169990576714247,0.48439900902822286,0.34731363301020773
1.0,0.7759261942928627,0.582393592704651,0.4518944439678673
1.0,0.9450054473424653,0.9991062175758708,0.9441608180829243
1.0,0.8358843463809538,0.8835933654697434,0.7385818627622237
1.0,0.9282643357900524,0.9998045275080785,0.9280828856471737
1.0,0.6423910623078879,0.4572647929049864,0.29374281607023056
0.025038771959533676,0.33711693127755077,0.309298305219371,0.10426969550490162
0.0,0.1027635356386675,0.15468877075034942,0.0158963650059052
1.0,0.6856968346786044,0.7419579421213682,0.5087582123772734
1.0,0.9305223641786866,0.9997931888679559,0.9303299217951584
1.0,0.8349782909930191,0.9988649515783438,0.8340305502017102
1.0,0.9474743430125488,0.999461820577102,0.9469644318174156
1.0,0.5193858617106408,0.6278841849584388,0.3261141684591221
1.0,0.9342567908254638,0.9997142782388981,0.9339898533298677
1.0,0.765590151821327,0.7798564359060951,0.5970504071641862
0.0182156238433001,0.31476401217392463,0.17423271621107989,0.054842188806560305
1.0,0.942812156442441,0.9989804218831361,0.941850885799419
1.0,0.8606630453681465,0.9997461028368747,0.8604445254625208
1.0,0.9385676541584945,0.9986300510241715,0.9372818643619343
0.4127300956561042,0.5261493834479489,0.327456824487817,0.17229120631008812
0.025157092538266295,0.6075691500352565,0.5393575627457023,0.3276970159624939
1.0,0.8499302593044468,0.9960461380833218,0.8465697524203505
1.0,0.8256538979445949,0.8897311206151367,0.7346099678585001
1.0,0.7814420413730765,0.9988356651484422,0.7805321811698334
0.5464076398402015,0.6297844657824981,0.703424168026029,0.4430056138787709
0.998749999722231,0.7968430179732071,0.9964127721701195,0.7939845605230876
1.0,0.8596065785323398,0.9993141043329119,0.859016978104724
1.0,0.7959221319163353,0.9989950045275466,0.7951222337773339
0.0,0.06710814244859904,0.2507107202333206,0.01682473072680854
1.0,0.9342992717030146,0.9997931888679559,0.9341060482129657
1.0,0.686085332561646,0.8137946870705313,0.5583325985156862
1.0,0.9382643092105474,0.9995354387659251,0.9378284279851721
1.0,0.4707635846460903,0.49258535214487476,0.23189124611987794
1.0,0.9431123274377547,0.9509124522035389,0.8968172559872223
1.0,0.8993828010937358,0.9993375065481991,0.8987869658773489
0.05342051767870081,0.39613459620702024,0.23059301132123,0.0913458694278963
0.9229616693658634,0.9225462083999433,0.9326691439925733,0.8604303824819692
1.0,0.9336093119108488,0.9992746083923434,0.9329320795511586
0.05535580199877453,0.21279341882027022,0.09883736952048887,0.0210319417674672
1.0,0.9282749049654144,0.9843585773750574,0.913755364864722
0.3141575357287293,0.7509220086498383,0.2779144639968031,0.20869208753732255
0.06300165327197596,0.4756908790614909,0.4789564268595118,0.22783520372495183
0.11811467900692169,0.5288371390901493,0.3556045527141029,0.18805689430475836
0.6525700507609709,0.5196313417339194,0.2587894948596203,0.13447513244054773
1.0,0.9160068323927014,0.999403520807581,0.9154604533770655
1.0,0.8661158559020825,0.9456623078118426,0.8190531191247926
0.7937064115014467,0.5410609996360354,0.35115526673470726,0.18999641964693936
1.0,0.9600468314510762,0.997611043580292,0.9577533214098608
1.0,0.8303944264699632,0.9989141030445043,0.8294927036903988
1.0,0.9473745340590182,0.9997160422339649,0.9471055197027283
1.0,0.8953756509694233,0.999341255431609,0.8947858271226776
1.0,0.92131563794698,0.9990946938973532,0.9204815652774827
1.0,0.748343665199641,0.9986600225606443,0.7473409015713888
1.0,0.8401064938520311,0.9997378321072656,0.8398862449028655
1.0,0.9319898932414283,0.9993290678920645,0.9313645912977814
1.0,0.7922955704028193,0.9710112206377023,0.7693278889226861
0.06227205106436916,0.5774082433583463,0.6028695826896456,0.3481018667150076
0.02817692661629559,0.7236334455328152,0.40552950248813063,0.2934547111506943
1.0,0.8858158079355976,0.9821881032356933,0.8700377482124577
0.9977460625309688,0.6211394790555359,0.4998766522317496,0.3104931233592542
0.11818894356517927,0.3336817176809751,0.2405842149317122,0.08027855408534262
0.769775693271432,0.7788700979749271,0.8328468598822714,0.6486795153546151
1.0,0.5054350164020482,0.9933178658455788,0.5020576318161076
0.027921701610426748,0.5970761436165538,0.2937718715536215,0.17540417617025392
1.0,0.7926797802709126,0.9988336395866146,0.7917552299547136
1.0,0.9160691035338516,0.9993663855198723,0.915488668885055
1.0,0.6702821806545303,0.9198661796064854,0.6165699087769868
1.0,0.9257676848510832,0.9993480085460125,0.9251640922321824
1.0,0.9387192529467281,0.9996259296492379,0.9383681059065112
0.8625497510732111,0.7340821930804521,0.7498907162763382,0.5504814215748054
0.6319087131520814,0.42823168331513395,0.38056913972296913,0.1629717633213595
0.10893062006345755,0.729732734109357,0.19060866241155316,0.13909338036651012
1.0,0.7467834635246905,0.8313132734435327,0.6208110056162094
0.13967021291514692,0.5386185778514918,0.24126577764426016,0.12995023003898565
0.24268859671390203,0.540152397974163,0.3323112495445535,0.17949871831528105
1.0,0.9176215867923699,0.970886992358886,0.8909068625244325
1.0,0.9114010586057478,0.9465673662897487,0.8627024996781316
1.0,0.9207280634788017,0.9997918738988233,0.9205364359367059
1.0,0.8930997589697667,0.9992643218547176,0.8924427249955357
0.9062627072887643,0.6819205355797735,0.24890546325875945,0.16973374681414488
1.0,0.9310450533722303,0.9986751508752555,0.9298115591481724
1.0,0.9515455120063951,0.9834260054065179,0.935774601834949
1.0,0.8603836475306725,0.9991885054240215,0.8596854508674407
1.0,0.9277139228659143,0.9994080950859611,0.9271648044361476
0.6263273481319058,0.40753676986067516,0.41656347539836047,0.16976493320578465
1.0,0.9412798776409227,0.9998057404202055,0.9410970250074232
0.046264782052091474,0.4768783264998053,0.36452830526141944,0.17383564817487587
1.0,0.8146514401869187,0.8773917681932154,0.71476846756675
1.0,0.8331212039525946,0.9685416790840796,0.8069126097567959
1.0,0.8024691296409884,0.9078406934264664,0.7285141311066079
1.0,0.9284753555019654,0.999693405239989,0.9281906898231691
0.04804539457413416,0.7543351042148682,0.35256250581072457,0.265950274562988
0.028954478419150796,0.730380195442076,0.33586313613991037,0.2453077830156563
0.018399072117037563,0.6543966708491069,0.04955713309906782,0.032430022916856066
0.020834408041109878,0.2768179740794367,0.2003780596155531,0.055468248512746
0.6995221767850762,0.709993358947234,0.8650824049506903,0.6142027624570919
1.0,0.8435146573781358,0.9992687929048621,0.8428978734758081
1.0,0.7683308973481082,0.9069387780363634,0.6968290851684757
0.04263531585811319,0.5118643304299693,0.3613044647343188,0.18493886792259054
1.0,0.7949823413853585,0.9993438040176515,0.7944606771669035
0.1468311368578113,0.48936068975998226,0.46091566848724086,0.2255540094520995
0.0559449045190085,0.46966133969206686,0.33414897763820633,0.15693685649429448
1.0,0.9252612415278451,0.9988621150590984,0.9242084006947106
1.0,0.7446873498073571,0.9977812527235308,0.743035076778151
1.0,0.9328261439409016,0.9998244657998473,0.9326624010498433
1.0,0.9284571429396131,0.9996102412531485,0.9280952686470756
1.0,0.9388219933080407,0.9447003670751251,0.8869054816963067
1.0,0.9499075070240697,0.999799973012438,0.9497174998869771
1.0,0.8847956315243399,0.9743805261789449,0.8621276330055182
1.0,0.889376889340045,0.9974245000312636,0.8870862991893548
1.0,0.9313746045674806,0.9998086613383694,0.9311963965971659
1.0,0.7136227712712511,0.8108530843673359,0.5786432251600598
1.0,0.7816080143682569,0.9975141926971304,0.7796650874581589
1.0,0.8945058973030292,0.999333033063547,0.8939092914450659
1.0,0.8549702332078849,0.9992574471003737,0.8543353725821222
1.0,0.5652854165168143,0.9350371013546827,0.5285628372979565
1.0,0.8692425601078555,0.9988210541739275,0.8682177702197718
0.03789843829405032,0.6432033452359319,0.2421101723895919,0.15572607279663367
1.0,0.5680460352568107,0.636536089545903,0.36158180196442447
1.0,0.921303168257099,0.9997057098672357,0.9210320378253964
1.0,0.9499891912258579,0.9996428325468766,0.949649886005933
1.0,0.9364746781726861,0.9860449633280614,0.9234061396964444
1.0,0.8702446452212784,0.999338296645066,0.8696688014199222
1.0,0.8683391477184793,0.9992987115955038,0.8677301915430142
1.0,0.816547324776473,0.9133071265160727,0.7457584908559869
1.0,0.8757419454044205,0.9987636846389139,0.8746592521849695
1.0,0.7667748634947901,0.9992606837008399,0.7662079743404221
0.7652407615885977,0.5976334309328198,0.24390074616514543,0.14576323973775066
0.0,0.47464460447828344,0.33886214533412967,0.16083908894478058
1.0,0.8556823604637984,0.9993417641142766,0.8551191196273606
0.6440910191152202,0.6214636605426171,0.12248223358180187,0.07611825723318245
1.0,0.8969765542013323,0.998404152047241,0.8955451160036372
0.09406444555963207,0.5675092804430084,0.26909704931462103,0.15271507282587732
1.0,0.7739949809946404,0.8245577641563336,0.6382035709971646
1.0,0.7779293077388608,0.9971036093696012,0.7756761205808134
1.0,0.8268993306358224,0.9992746083923434,0.8262995048010023
0.08459357241412986,0.7406083088913451,0.2587802716787474,0.19165481938243994
1.0,0.4952496012787123,0.6690704418350338,0.3313568695461724
1.0,0.6925304259594931,0.7978761232941193,0.5525534915277854
1.0,0.8804008281293485,0.9993417641142766,0.8798213167104532
1.0,0.9140121195627772,0.9952236979378997,0.9096465215913248
1.0,0.5344825550732357,0.22530862546316055,0.12042352981758875
1.0,0.8328841721062789,0.6937510964504813,0.5778143076149823
1.0,0.7624085557470182,0.9937173846088715,0.7576186360203538
0.0150961216041418,0.3288447089397926,0.3043616417654627,0.10008771549880101
1.0,0.8859586506222198,0.9991534707508158,0.8852086607109003
0.17368126058530448,0.5860514897866335,0.4213220705770657,0.2469164271416785
0.04859871720748408,0.65879949688583,0.3492645164031898,0.23009528768649412
0.3911266985002789,0.392598483676556,0.319248231226484,0.12533637149594015
0.34319513427684323,0.3262721074871277,0.5343286299661978,0.17433652818978096
0.04615944351784943,0.49800549337597905,0.23998803259999385,0.11951535857929048
1.0,0.9227947254349012,0.9990757173225129,0.9219418022553052
1.0,0.9296869047057231,0.9987785768952365,0.9285513636401195
1.0,0.9196397900023644,0.9995563930975483,0.9192318314437501
0.5816244870524866,0.6948952317135223,0.9744701359051671,0.6771546508877286
0.10536031189947243,0.37171535468423444,0.21910127105242524,0.08144330668101885
0.44953853950094486,0.5102185833397737,0.2053689668856862,0.10478306334636771
1.0,0.896524651121166,0.9990117149370223,0.8956386291998717
1.0,0.9195066626246325,0.9997792865118873,0.9193037151017818
1.0,0.7802587124645046,0.9991172266693884,0.7795699208821636
0.14438832954396366,0.762816386075131,0.6982909309686491,0.5326677643905438
1.0,0.7918234577727354,0.7361611650072559,0.5829096791540507
1.0,0.8787952434737306,0.9603638428514367,0.8439631771019959
1.0,0.9512599925400533,0.9992574471003737,0.9505536316742942
1.0,0.9368739508458083,0.999483487532775,0.9363900437699781
1.0,0.8870126384412564,0.9986466776716248,0.885812224432103
1.0,0.8785551867135811,0.9989855690524831,0.8776639531430774
1.0,0.919462654348289,0.9996250976981372,0.919117945682697
1.0,0.9183668945586559,0.9996592097700752,0.918053924093504
1.0,0.9441575155301556,0.9998049765340127,0.943973382659039
0.01466988740550457,0.5613261544972462,0.08333855761529252,0.04678011206753934
1.0,0.762785928941511,0.9940958775730385,0.7582823474314767
1.0,0.9429721544710918,0.999520019240482,0.9425195459801844
1.0,0.5445971491099293,0.7450732947975327,0.4057647922246782
1.0,0.8593746137214968,0.9990831651159907,0.8585867090972049
0.13355291231229474,0.756132941902576,0.2907967798475901,0.21988102464195403
1.0,0.6058400756046609,0.6262236640741007,0.3793913919880809
1.0,0.9508830203104627,0.9996776812994141,0.950576532930947
1.0,0.6921883004768327,0.5651609532179142,0.3911977997037747
1.0,0.9358855892491771,0.999451978557211,0.9353727038782713
1.0,0.8796888141250803,0.9986268780998476,0.878480894149086
1.0,0.6992662763022165,0.9704860746833872,0.6786281836470069
1.0,0.7846350603786396,0.9975528770529918,0.7827149619173599
0.866190574719454,0.5806452367332096,0.2908959748220912,0.1689073621653109
1.0,0.8095397404529604,0.9928503457244261,0.803751811186384
1.0,0.5403580684409581,0.42607446174916935,0.23023277316280205
0.07659129813469435,0.48937210163054906,0.2531576442026578,0.12388828838729343
1.0,0.8013812992150701,0.99903770551721,0.8006101344122244
1.0,0.812444319596124,0.9999351638261311,0.8123916438149599
1.0,0.9543956409007606,0.9997544511209397,0.9541612901209574
0.0647414127712009,0.2042667608786903,0.10370323187354621,0.02118312326746104
0.7524984977782969,0.5922182480178073,0.7362259108195032,0.43600641905084064
1.0,0.7847211147981582,0.9980727037507967,0.783208724736937
1.0,0.9524067140949832,0.9997737942614134,0.9521912742307865
0.5560106025556099,0.6496958303519981,0.5689142208931453,0.36962119714223207
1.0,0.9432919433627437,0.9997664633798263,0.9430716501504537
1.0,0.8994261642878257,0.9993375065481991,0.8988303003436067
1.0,0.9284722317605594,0.9982070318013097,0.9268075105756456
1.0,0.7927440605243219,0.9925908418374375,0.7868704943974651
1.0,0.9373608057077607,0.998370427706339,0.9358333085096155
1.0,0.9465613885403679,0.995203214002307,0.9420209361258606
1.0,0.8148285364285645,0.9986887576231074,0.813760098721698
0.3227507043243453,0.8378074887134129,0.9726281091182304,0.8148751135524199
1.0,0.9409193466795379,0.9949060214329017,0.9361263236941842
1.0,0.8997586257563752,0.9998207809954905,0.8995973719111684
0.6686195614165842,0.5548399031693085,0.5982816144317783,0.33195051301930545
0.09368815312532801,0.7681731081004655,0.5190781833894316,0.39874190148140304
1.0,0.5887809087909635,0.7572379260317915,0.44584723425998257
1.0,0.930374972979051,0.9985224554262588,0.9290003024861813
1.0,0.9503906305742987,0.9997676146265866,0.9501697736927242
0.23200298355971988,0.5833391794442265,0.32236270137970346,0.18804679370626046
1.0,0.6962367087548479,0.6637681422637766,0.46213974674605146
1.0,0.8783098635913009,0.9869647309117476,0.866860858176522
1.0,0.8974398949674245,0.9986300510241715,0.8962104481024462
0.0,0.39292779675182177,0.2862639262479383,0.1124810538301284
1.0,0.947868248608811,0.9996073203349843,0.9474960400224683
1.0,0.9549484691554937,0.9993212787191494,0.9543003253073622
1.0,0.8559420314079914,0.9221897108187257,0.7893409344217283
1.0,0.9440705033802955,0.990140150439052,0.9347621102420374
1.0,0.9057373579768171,0.9990577638275515,0.9048839394753934
0.8136708162688406,0.533811471320513,0.597435311958513,0.3189178228954035
0.06763361618480446,0.5254401521284621,0.3009287736569996,0.1581200606101654
0.04068170584174711,0.3226098241165556,0.20761410524562668,0.06697834997740769
1.0,0.9408781717344986,0.9997020250628789,0.9405978136204374
0.40716662037320867,0.5512848196826324,0.6077482940388044,0.3350424086916097
0.09557068739579463,0.7428490646878703,0.5783469022816757,0.42962445542506994
1.0,0.9347257183173889,0.9996336912797994,0.9343833201357735
1.0,0.9240380461305945,0.9993034479864157,0.9233944055689337
0.1966295573042792,0.7000027474990089,0.6618719723360101,0.46331219912779514
0.7019851804006255,0.6491057068501516,0.7930749610980012,0.5147894832086746
1.0,0.8355003114127888,0.999276562222369,0.8348958789242904
1.0,0.880684320776829,0.9962226593925511,0.8773576761296151
0.5497949121063447,0.5531035595403063,0.31130201707812566,0.17218225373798854
1.0,0.8222807747102433,0.9989234446278323,0.8213955439247989
0.7322001063848693,0.7297386087908165,0.21907379948213002,0.15986660965660787
1.0,0.908037569577493,0.999661339113513,0.9077300527692164
1.0,0.8588871559692953,0.9958346919702518,0.8553096264018888
1.0,0.8678365099010225,0.9513530190338014,0.8256188837220952
1.0,0.8016391237970645,0.9990300887464248,0.8008616049895876
1.0,0.9260978041515635,0.9998322614325343,0.925942461832562
1.0,0.891187377433025,0.9991769043932779,0.8904538450178937
1.0,0.8299427444146801,0.9979359019026135,0.828229661174994
1.0,0.9128438569864694,0.9985516758861777,0.9115217632162413
0.6278681186935406,0.6149465895321028,0.8914576593702853,0.548198847342028
1.0,0.9235897552789827,0.9997921116529922,0.9233977517314444
1.0,0.8428514991319941,0.8270116319321257,0.6970479937735891
0.24436628703722652,0.6635133395883773,0.375775613384572,0.2493321321726683
1.0,0.7812706004260379,0.9628766542106898,0.7522672217714002
0.058571292399518936,0.4179282798286923,0.2331269489496005,0.09743034475621791
1.0,0.9390223013238537,0.9998331968505768,0.9388656694466142
1.0,0.8621509722234467,0.926101391044196,0.79843921466624
0.0,0.4905681685202342,0.2093178947142354,0.10268469624847368
1.0,0.9159964581908884,0.9995421713095687,0.9155770887319952
1.0,0.9587012493897413,0.9997284580890512,0.958440921820453
0.3111521398465154,0.6133856928142564,0.2855576215335479,0.17515695952274649
0.7552295429782022,0.8969321763651888,0.9307877518866862,0.8348534840337868
1.0,0.9146264093339699,0.9997918738988233,0.9144360517053619
1.0,0.8008473471656912,0.9990380522660341,0.8000769738748326
1.0,0.9084874841280782,0.9993268842032283,0.9078759668513423
1.0,0.9138490146451248,0.9989830323250781,0.9129196597374715
1.0,0.8732482960415493,0.9993599892981461,0.872689407786707
1.0,0.9299376409731508,0.9997728342392774,0.9297263909815145
0.0189176911312777,0.20588654184288735,0.18689293823054898,0.03847874074714408
0.630130666397342,0.6124709381660616,0.30579054310260484,0.1872878208163619
1.0,0.6602549926532675,0.5343364648314956,0.35279831866169203
1.0,0.85244037087831,0.9969840129353532,0.8498694217463584
1.0,0.923211828626429,0.99979555870318,0.9230230860029451
0.0,0.3846354417865956,0.39184479210127854,0.15071739472165196
0.05546988689028817,0.269825022556222,0.3335226894262026,0.08999276719743694
0.5103344690479583,0.937430337811458,0.5106206050763962,0.47867124631025715
1.0,0.9073158318619916,0.9860385301970465,0.8946483692737087
1.0,0.7758340766019453,0.9982873431662859,0.7745053390688247
0.17031831094701075,0.6892805876156011,0.3421607561268255,0.23584476704209667
1.0,0.9576688088503932,0.9997880309206316,0.9574658126746414
1.0,0.7701794639339482,0.9977321491043999,0.7684328117468928
1.0,0.9127565390130472,0.9927623406965925,0.9061503181567134
1.0,0.8303649794797506,0.9945027405164493,0.8258002477214972
0.03570356155162664,0.3477577134240514,0.20483494041428738,0.0712329305078244
0.022110864485921835,0.3866688602152968,0.20349557955237244,0.0786854038043671
1.0,0.9232671749041954,0.9983576495199905,0.9217508466163145
0.7260684023052912,0.6588578768103655,0.3781029621392468,0.24911611485077415
1.0,0.8438974902811577,0.9991437693571086,0.8431749193905198
1.0,0.5589722799941138,0.6760871606954388,0.37791398168867624
0.09995317691677133,0.677217025007043,0.5546301611634218,0.3756049877222693
1.0,0.5379582702440548,0.5560834290064566,0.29914967957969607
1.0,0.8999243471569638,0.9926722994667166,0.8933299710383871
0.0,0.5798547104451952,0.9937769133456552,0.5762462243351647
0.9729698156593797,0.47106016969498254,0.6035255482663868,0.28429684718162157
0.7166507277264331,0.6642077966052596,0.7897812906015439,0.5245788908305097
1.0,0.6092977828835839,0.6938922305712371,0.42278699764719935
1.0,0.8907061377573856,0.9997952625052149,0.8905237768141514
1.0,0.8616348320197147,0.9762678533951017,0.8411863878663359
1.0,0.9180144937387844,0.9996984737774204,0.917737688296214
1.0,0.8944804727611274,0.999167777033775,0.8937360655688558
0.9279757567934368,0.6138822224240085,0.6032332773008893,0.37031418490958806
1.0,0.6449391126929797,0.8043466025572009,0.518754584150854
1.0,0.850712229188936,0.9680741649412551,0.8235525308773928
1.0,0.8285009165045483,0.9921450047152522,0.8219930457119958
0.0,0.7467032479767475,0.5392739225778308,0.4026775895380273
0.027052564787276103,0.3922760862024308,0.27470763405316917,0.10776123553630682
0.0,0.13922664832340742,0.3688125280500789,0.051348532140095174
1.0,0.9482337948575048,0.9997989473095718,0.9480431499018938
1.0,0.9278834142646069,0.9991642029395662,0.9271078920345392
1.0,0.889692655835722,0.9351181973942739,0.8319677925600245
1.0,0.8811192548851704,0.998978776268792,0.8802194349920573
0.041176910545713624,0.5259004322439702,0.3294783457104622,0.17327280442416032
0.13877078742497775,0.6789900740280941,0.3430884001214419,0.2329536181966382
0.08726339905158888,0.5168988069361522,0.4239991108390202,0.2191646345346789
1.0,0.5858180024722093,0.7259628388016246,0.4252821000958222
1.0,0.939311829684367,0.9993199304283575,0.9386730322907149
1.0,0.904402085713416,0.9871730826466524,0.8928013949057748
1.0,0.884183038889888,0.9994219812465859,0.883671964511959
1.0,0.8913250135886586,0.998750875025914,0.8902116372541574
0.716945320940007,0.6618745221323132,0.8176786512590177,0.5412006665598568
1.0,0.9334002134243053,0.9991569141692055,0.9326132769299067
1.0,0.9023280443104053,0.9985779291521635,0.901044869903406
1.0,0.9101222285707901,0.9985244464966964,0.9087792945279879
1.0,0.5355286852302653,0.24378069312058323,0.13055155407138871
1.0,0.877290703539839,0.9994944879611886,0.8768472225276622
0.4347024145728115,0.4329657099986489,0.23355099234352966,0.10111957122090534
0.5013625543101752,0.8689174685346152,0.8794833789024733,0.7641984712142068
1.0,0.9237687575411926,0.9988710768312788,0.9227258935882636
1.0,0.931520380583588,0.9996869844875939,0.9312288002543428
1.0,0.9437438640201151,0.9994722247004026,0.9432457793195388
1.0,0.8113196230418974,0.9991598000789135,0.8106379523586417
1.0,0.9452399374381579,0.9998331968505768,0.9450822684396326
1.0,0.9489667857969131,0.9997728342392774,0.9487512130351171
1.0,0.8962237610346846,0.9998057404202055,0.8960496609834642
1.0,0.9298682099608461,0.998645151173386,0.928608379107675
0.05858006091512661,0.44688141801644465,0.2752366360316876,0.1229981381999166
1.0,0.9389025230076338,0.9997142782388981,0.938634258125257
1.0,0.6187539863047662,0.959591758749985,0.5937512259517548
0.6955979703411915,0.7441514751538442,0.8501288358691308,0.632624627282834
1.0,0.8757966462043639,0.998956239681638,0.8748825244181013
1.0,0.817165993805171,0.9971657424146685,0.8148499348887537
1.0,0.7658175596618162,0.9987318856524413,0.7648464154267967
1.0,0.9390440265655342,0.9995962355372819,0.9386648739586794
1.0,0.9380526789942215,0.9949752819819437,0.9333392287961934
1.0,0.9402974675537099,0.9997807730128696,0.9400913289728917
1.0,0.874043309372288,0.967045350127173,0.8452395181382373
0.3461242017844125,0.43480828087534573,0.6388165202999063,0.2777627129863727
0.8301425258399598,0.5404894851844759,0.20475486092794365,0.11066784937196322
1.0,0.8061797238696407,0.9982700492055397,0.8047850726158546
1.0,0.7870524838952858,0.9968847025560928,0.784600581303986
1.0,0.7952038062837141,0.8347198442012131,0.6637723972893536
1.0,0.5951103525022146,0.997127994699748,0.5934011924155934
0.0,0.4734722400143409,0.9976147378125698,0.4723428845834368
1.0,0.9200947332746843,0.9989247863674398,0.9191054348742205
1.0,0.885429015302315,0.9987291864103257,0.8843038000769768
0.0,0.25758528208301007,0.477591234573578,0.12302047287800812
0.4359974223031185,0.40551823859815345,0.4592422474937238,0.1862311072935121
1.0,0.9090135606080981,0.9989971584541594,0.9081019640437878
1.0,0.8678526295074908,0.9989646883111969,0.8669541315360031
0.6608572680556758,0.4569638334783434,0.2511209211976642,0.11475317881709762
1.0,0.9016315796681278,0.9992700972008148,0.9009734762542942
1.0,0.9420672513750256,0.9993075145732714,0.9414148835324501
0.031535324859978384,0.7935921333987607,0.1478764017787293,0.11735354916691407
1.0,0.8407836232999777,0.996936996942921,0.8382083004914679
0.03141530590450203,0.31622975486874255,0.10892324217418363,0.03444477017225077
1.0,0.9481905911721311,0.999744590966781,0.9479484147299325
1.0,0.7293566300149024,0.8625496804878261,0.6291063281810316
0.6781831237688835,0.6235615035133244,0.33476745429601334,0.20874809712815018
0.09850294206968499,0.565400676114794,0.6036625660647515,0.34131122299820205
0.1295133210569331,0.34488982136303165,0.20535666120218918,0.07082542219773164
1.0,0.924889518469121,0.9988437319407609,0.9238200982605902
0.56871736072269,0.5276237707109054,0.5650895923084636,0.29815470148327977
1.0,0.8863287682649905,0.9926120372795801,0.8797806043670131
1.0,0.9096359355207696,0.9988249288150175,0.9085670485441145
1.0,0.8782403167584762,0.9964735773541582,0.8751432702169679
1.0,0.8601689254451379,0.994740580257087,0.8556449360164115
0.2766936644831578,0.5526073301773357,0.6074669879954687,0.33569071040704357
0.0347468780445474,0.5580126102588434,0.3585683311239908,0.20008565040665538
1.0,0.9467834132378826,0.9997018623838119,0.9465011414880135
1.0,0.8875832125542716,0.9995501199491001,0.8871839065734298
1.0,0.8770235053872816,0.9992709943207221,0.876384150270994
1.0,0.9543721203762046,0.9997931888679559,0.9541747455975982
1.0,0.7584326072180886,0.6253860904459263,0.47431320309483127
0.9153078898954334,0.49741369242334893,0.4098098206964908,0.20384501610399205
0.019811421936038073,0.3890041899064037,0.19810828035218922,0.07706495111215407
1.0,0.9345528254136244,0.9988530554930454,0.9334809451840573
1.0,0.8052235854446387,0.9931376797292282,0.7996978833117384
0.019076651245738464,0.6862266276588379,0.4257083292273224,0.2921323911319437
0.0,0.5150911655101994,0.548868065867746,0.28271709175914617
0.3451538437493118,0.712530727388939,0.2838707811323905,0.2022666541647285
1.0,0.9249131408905398,0.9990796888376225,0.9240619330027486
1.0,0.784410742314269,0.889275754499195,0.6975574547087953
0.30871408474919004,0.6974195660870681,0.9348071737280657,0.651952813476506
0.17185292175936417,0.6121936928012968,0.32382708951442374,0.19824490175893114
1.0,0.9338098867044212,0.9943573317355241,0.9285407072916604
1.0,0.8743568036066178,0.9989095541935897,0.8734033648968187
1.0,0.895864112316823,0.999159343488557,0.8951109983174357
1.0,0.7795928813410147,0.9987984116056365,0.7786561315824669
1.0,0.9302346245243055,0.9998045275080785,0.930052789244178
1.0,0.8491781114171266,0.9977017159942321,0.8472264589456084
0.5103759636471238,0.941224962789064,0.5092221803629926,0.4792926277635237
1.0,0.6090082743003815,0.7588870581162587,0.462168497652276
0.5013625543101752,0.9154272799767618,0.8795165563902434,0.8051334489108487
0.9243906144768719,0.7111199996675974,0.5223804188290082,0.37147516326404373
0.0502481738531373,0.5506616051627271,0.27650885889353044,0.15226281208002548
1.0,0.7696644678436628,0.9983421003149988,0.7683884413648682
0.5080855237707912,0.4581944063176866,0.3122535134746892,0.143072813227147
0.07740335259751834,0.7780423250805784,0.3916222735856053,0.30469870429388674
1.0,0.8243923325336783,0.9944012810907245,0.8197767915928602
0.08716847964421477,0.514528296940646,0.2792627052964372,0.14368856415521333
1.0,0.9369584004020013,0.9923825130681082,0.9298211320312129
0.01900169050687737,0.08803712371569615,0.11834181571784144,0.010418473071091722
1.0,0.7495666706215769,0.5447531113624564,0.4083287759947016
0.36550907985361064,0.610075653755939,0.5185691037727989,0.3163663850018216
1.0,0.9335494213465497,0.9998045275080785,0.9333669381148272
0.04825521069307359,0.7524173206744826,0.40084941676014163,0.30160604415259484
1.0,0.9198164192184884,0.9998368816549335,0.9196663802864204
1.0,0.9170976584279343,0.9988240078068749,0.9160191587412897
1.0,0.9458897047157214,0.9996549522039976,0.9455633275578479
0.0,0.534872523399931,0.9728637454536099,0.5203580864550804
1.0,0.9280345781744751,0.9973500638076348,0.9255753457580042
1.0,0.7759974684421057,0.9989807056399123,0.7752064985990803
1.0,0.8131633750151611,0.9174161436586838,0.7460092076708893
1.0,0.9296149954266335,0.9921650508410813,0.9223315092000974
0.7087757392882019,0.556709790252435,0.3836564379675557,0.2135852951099143
1.0,0.9133881318040517,0.9992471364804913,0.9127004752004643
0.057956772204055346,0.43555938453396875,0.28065211522431943,0.12224066257526105
1.0,0.9089507933188681,0.999711501636559,0.9086885625025471
0.034436464755371377,0.6672574208987702,0.5652412152231281,0.3771613954554711
0.014786667975954536,0.5429607617286338,0.10109182123142121,0.05488889226034734
1.0,0.9300581226505642,0.9987230902219818,0.9288705223396264
1.0,0.9260242432540216,0.999403520807581,0.925471889061245
1.0,0.8536519276945461,0.9997378321072656,0.8534281275675338
1.0,0.8984205617374091,0.9984553030003225,0.8970327741912447
1.0,0.8542840457731561,0.9988356034769326,0.8532893204005458
1.0,0.9525717535708048,0.9963070038698925,0.9490539097712181
0.5803148576357796,0.4209883139522394,0.2455950419016317,0.10339264260519751
1.0,0.8770475581030351,0.9973775970948371,0.8747475860386997
0.2838779455239972,0.6237428639232665,0.8294654043104059,0.5173731268098427
0.9606486957466472,0.9366005901577185,0.8337447292105757,0.7808858054195124
0.02614892001894722,0.8904459211769131,0.044487508059483066,0.039613720094891745
1.0,0.9537062328042463,0.9981717265275816,0.9519625969983302
1.0,0.792053552096337,0.5503247781967454,0.43588669537736097
1.0,0.6453666399696119,0.9710529127532983,0.6266851555363008
1.0,0.8507246052340576,0.9814414628961604,0.834936401082672
1.0,0.9244138978047239,0.9993449111838397,0.9238083245987689
1.0,0.8939888156247824,0.9989253153782784,0.8930280595926393
1.0,0.9311382403293764,0.999199686213327,0.9303930375583424
1.0,0.943556939990632,0.9997756150655454,0.943345220028498
1.0,0.9132210112989473,0.9994159366626673,0.9126876323873656
1.0,0.8835476756292914,0.9902825759217384,0.8749618681718392
1.0,0.9143152667055107,0.9962284914575953,0.9108669188666798
1.0,0.9279496335728212,0.9995460487474125,0.9275283896743227
0.041766029766613304,0.6793889749824394,0.04967435125005722,0.03374820657869403
1.0,0.8504962746520874,0.9752010318044875,0.8294048445865885
0.25348970737071275,0.6655484112804865,0.3303898388893729,0.21989043237603803
1.0,0.9360135729244192,0.9996161488396601,0.9356542830283583
0.047585700359910596,0.7051597164828961,0.7672262832771192,0.5410170683939195
0.0,0.4885655364693283,0.2691718543103529,0.13150809140358144
1.0,0.9093158223911321,0.9993199304283575,0.9086974243693108
1.0,0.9459485255902432,0.9988608019755391,0.9448709028986491
1.0,0.7275026660436703,0.990287852166828,0.7204370526020274
0.012315060358249997,0.4355746722358361,0.23654837546639726,0.10303448111169548
0.36563316177214755,0.5233912349369002,0.5976665106446556,0.3128134130867343
0.05390299548473091,0.12741866274442096,0.39623382325231665,0.050487583892919435
1.0,0.9445109178198318,0.9847500618475111,0.9301071847387288
1.0,0.9263249714093996,0.9998168196273781,0.9261552868559679
1.0,0.7054874752008213,0.9934508557063626,0.7008671359283772
0.10952361724382742,0.4447468075441528,0.13749945051566656,0.06115244165591792
0.9987499997222308,0.8357362798298432,0.9990381901342663,0.8349324604307513
1.0,0.5779168582322225,0.5522336293642965,0.3191451240923919
0.10074432119554962,0.5573674471893012,0.29698755678831995,0.16553119637409353
1.0,0.9264481497061258,0.9998331968505768,0.9262936152369775
1.0,0.8951409604006726,0.9996162666911371,0.8947974649980394
1.0,0.8281521620260837,0.9985748545577678,0.8269719247468975
1.0,0.8054916961524421,0.9960546019884424,0.8023137108161161
1.0,0.9199987924014672,0.9994733226405991,0.9195142498668332
1.0,0.808723535643676,0.9990262850691519,0.8079360694620915
1.0,0.8963039089885472,0.9991453233947658,0.8955378590063547
1.0,0.3339041769670827,0.34534273534384896,0.11531138181654894
1.0,0.8288862829578632,0.993775950963833,0.8237272540873272
1.0,0.8951740279943947,0.9966681415951227,0.8921914348853938
0.05484574709802832,0.7654798796444128,0.4475156971941109,0.34256426202713347
0.14981356085815023,0.5740272939983302,0.5686718915281992,0.32643318706684415
1.0,0.9123972679179724,0.9992420299222782,0.9117056980898954
0.07884651560030739,0.6395113041477756,0.49848537647675956,0.3187870332092474
1.0,0.917568056531562,0.9991358079939208,0.9167751015520738
0.012644897186938174,0.608437306245749,0.24171687041924667,0.1470695615120392
1.0,0.9348038840196657,0.9998181562752917,0.9346338957995238
1.0,0.8645390281164625,0.9993122197842581,0.8639444152771873
1.0,0.9166706352836731,0.9993199304283575,0.9160472354773985
0.03614230707925724,0.6305626192266708,0.3030929193923212,0.19111906512108026
1.0,0.7956586441747805,0.987859187886401,0.7859987020692936
1.0,0.8830076665871858,0.9992444730897299,0.8823405305331044
0.21196307526692235,0.7163770489026624,0.4461988860940589,0.3196466412437171
0.0,0.19180602320262757,0.3272814959973775,0.06277456221506365
0.48130010405785906,0.5068017247997059,0.38743708554237904,0.19635378320424887
1.0,0.5997708523271242,0.892917460564702,0.5355458663806627
1.0,0.9016474857268004,0.9989354158977597,0.9006876061476707
0.3338026810357777,0.313142266608716,0.35603350188053395,0.11148913776750896
1.0,0.9378850619398088,0.9996850689900666,0.9375896928500507
1.0,0.7200079754118441,0.9851312556038145,0.7093023608622304
1.0,0.7292621914153612,0.9992279296622497,0.7286991497089266
1.0,0.926623542841009,0.999543308772604,0.9262003619978949
1.0,0.8337311784996367,0.999038231549833,0.8329293221562352
0.02413514694925675,0.5862959148386391,0.16625560509000564,0.09747498208329636
1.0,0.9364333752770903,0.9997397967291738,0.9361897122499323
1.0,0.8455608809962558,0.9988652343978573,0.8446013675939839
1.0,0.9325411268164436,0.9993824758019574,0.9319652601049645
0.08978389095763228,0.24949278987798335,0.06114693248834299,0.01525571877899739
1.0,0.9525319861913576,0.9997230033354283,0.9522681380082847
0.04138753909253533,0.5297118256190119,0.5287461913342076,0.28008311030074245
1.0,0.8341651022366708,0.9322211451012437,0.7776263468105653
1.0,0.8300628145714639,0.9913547852120678,0.822886743252018
1.0,0.9221458807713038,0.9996609507078074,0.9218332278631299
1.0,0.8391808179848768,0.9990354717065516,0.8383714043426111
1.0,0.9398096440936056,0.9963454295549043,0.9363750435442852
1.0,0.9333243244962,0.999389595431682,0.9327546190648052
0.8232233914785704,0.5969328100574782,0.24854771982933016,0.14836628883110087
0.08769609410773241,0.8497295215371434,0.6313011711705205,0.5364352421245647
1.0,0.7198329404554603,0.8904333265234707,0.640963239710927
1.0,0.5940312900649605,0.33755743977519287,0.20051968142068302
0.05258086621868322,0.7509113443630245,0.05235236143010558,0.03931198210205954
0.14744039915227852,0.5152570924306917,0.4508220352299871,0.23228925107629003
1.0,0.9017640320021826,0.9993904181723917,0.9012143330354833
0.07481098868480632,0.5032583687583755,0.17833996022360107,0.08975107746656305
1.0,0.875316703421847,0.9993539371242857,0.8747511937952734
1.0,0.9554724090325678,0.9998034207942236,0.9552845830252589
1.0,0.9330142805906907,0.9987201082543781,0.9318201233144153
1.0,0.9397440055384814,0.9812363361095632,0.9221109648755045
0.07674797563084197,0.39137922969613526,0.2871825562934185,0.11239728766428513
1.0,0.912130574005761,0.9981946474249406,0.9104838567251893
1.0,0.7667016042494943,0.8128725951857114,0.6232307227793347
1.0,0.7117825745407047,0.9893614661639151,0.7042102515375178
1.0,0.9160148450580685,0.9970722672692471,0.9133329984143365
0.010140058514166371,0.7189300287889583,0.6152181528960944,0.4422988043730789
0.017401226841370358,0.45074566773015967,0.11357181964745207,0.05119200568232005
1.0,0.6275185365122344,0.9012564790593426,0.5655551467614879
0.9132939249646419,0.76433457133505,0.9508480903421321,0.7267660675364045
0.020086621060222035,0.7472269983132176,0.5724135820301031,0.42772288269407066
0.0,0.24774232054885187,0.3114755244056911,0.07716566921043645
1.0,0.9111232999465996,0.9660066133438909,0.8801511333201247
1.0,0.9311396894036013,0.9995013182959211,0.930675347076554
1.0,0.7318397185591234,0.9630451316369458,0.7047946780969164
1.0,0.8119558746578032,0.9984778250691514,0.8107199357804438
1.0,0.9521768141917702,0.9996357559569715,0.9518299894592911
1.0,0.9109478648122709,0.9970329818136869,0.9082450659305898
1.0,0.8876976139318713,0.9996229220038727,0.8873628826944429
1.0,0.947510972364464,0.9995970733531644,0.9471291949455293
1.0,0.9289645135260121,0.9998244657998473,0.92880144848316
0.23674417683450424,0.5951062926347829,0.3611880558262087,0.21494528484670006
1.0,0.9042452739041239,0.9989816144543124,0.9033244035874236
1.0,0.8140482674232055,0.9814447330444814,0.7989433845064905
0.0,0.4713506764358351,0.9988328421595516,0.4708005357982324
1.0,0.9437952156944518,0.9776853735927576,0.9227347780512873
1.0,0.8460668658435211,0.9980595874039361,0.844425147039926
1.0,0.9148939751877648,0.9987735474830375,0.913771901169142
0.37796037146235945,0.5678865905952233,0.5299347804489202,0.30094285570696544
1.0,0.9159184761913041,0.9991917348592021,0.9151781712151859
1.0,0.9105434124586845,0.9959423910969483,0.9068487834016771
1.0,0.7954081283608594,0.9792495667742961,0.7789030651061253
1.0,0.8434373349909151,0.9989234446278323,0.8425293279968439
1.0,0.9391799118289776,0.999786953705668,0.9389798230290514
0.15299628577554422,0.8322537495632958,0.23917863259425962,0.19905731379199448
1.0,0.8841921700934822,0.9105154049762753,0.8050705918295186
1.0,0.7864405532176868,0.9992797988228351,0.7858741578054892
0.36982946093978947,0.5437798710418538,0.7483783156345187,0.40695306396625835
1.0,0.921505384848914,0.9952505992482803,0.9171287864813988
0.5357826258944354,0.5454976638439895,0.5738635247863073,0.313041212136208
1.0,0.9273163243851934,0.9997790090178027,0.9271113958398599
1.0,0.9297782706945109,0.9997273808740875,0.9295247953550617
1.0,0.8753828257468002,0.8646301030942558,0.7568823428723968
1.0,0.9027650330217817,0.9146515548349509,0.8257154411039984
1.0,0.9187848560769624,0.999333033063547,0.9181720569562454
1.0,0.9411530906917643,0.9991564953305351,0.9403592236650845
1.0,0.9026435141917025,0.9988564884610897,0.9016113309177017
1.0,0.9350435196865722,0.9997105874803421,0.9347729063855499
1.0,0.8724047467367292,0.9983330067902786,0.8709504539477904
0.0,0.1787919149360928,0.10295315662868283,0.018407192022357702
1.0,0.9235730369567945,0.9971657424146685,0.920955393071192
1.0,0.9371723359812936,0.9988864810115388,0.9361287767897178
1.0,0.687435811774575,0.7371335786439949,0.5067320200214321
0.009528447256614059,0.1729796177381489,0.13728125733525945,0.02374685941646563
1.0,0.9112672918876947,0.9991806593080618,0.9105206535142187
1.0,0.9246814122073915,0.9945247461499324,0.919618546745117
0.013596527832066161,0.2698312552808718,0.1059016374484662,0.02857557176901942
1.0,0.9339167804332876,0.9989253153782784,0.9329131144313882
1.0,0.9343079057743588,0.9979560286124515,0.9323982071477956
0.02606578656382614,0.31338444858796527,0.1461083535133324,0.045788085799871175
1.0,0.8762898172230141,0.9783139822225967,0.8572865806685583
0.041923862915358476,0.7659529814231173,0.1311427533551593,0.10044918292442077
0.579518859912767,0.803087543745533,0.8539238541389796,0.685775610566192
1.0,0.7432694900248172,0.9984901640868883,0.7421472750556576
1.0,0.8704292849620344,0.9988721699514841,0.869447588659346
1.0,0.7205496907529232,0.9619267540369413,0.6931160251482813
0.5100104146683518,0.9267905215504996,0.6639906480226281,0.6153802389855456
1.0,0.9238237980657129,0.7515247226084135,0.6942764235803859
0.6084007353018748,0.5751986801343296,0.27167503015395256,0.1562671187700077
1.0,0.7514902835507395,0.9988536851269416,0.7506288390617465
1.0,0.9252836290136974,0.9989284883026024,0.9242921767817988
1.0,0.9073828969855078,0.998245042123504,0.9057904782234453
0.033792561119240616,0.6623327361855387,0.4575997194503541,0.3030832742612879
1.0,0.6910662663054571,0.9987323593346495,0.6901902426038364
1.0,0.9221329374223833,0.999340768338002,0.9215250381934633
1.0,0.9468112777783927,0.9995359185572467,0.9463718802345862
0.02681001233122596,0.7978977421629405,0.41356279876761215,0.32998082337926427
1.0,0.8872130232796717,0.9993199304283575,0.8866096566989743
0.4915182353495752,0.42211291304627174,0.2572441351346586,0.10858607124575953
1.0,0.9472038189378391,0.9997844853815042,0.9469996826681629
1.0,0.8598883598425188,0.9700746160603845,0.8341558705290251
1.0,0.9207441429078055,0.9995839969202458,0.9203611105086902
1.0,0.8899373378894992,0.9782992687522009,0.8706250468925774
0.5104022080599413,0.8961022476218998,0.5166548599228691,0.4629755812216608
1.0,0.7870877408159592,0.9857916859790705,0.7759045510324222
0.05756561791396209,0.5211041615176505,0.6300515671667832,0.3283224936213282
1.0,0.9394341317321007,0.999632497987236,0.9390888877978298
1.0,0.952498915939492,0.9997728342392774,0.9522825407986651
0.0674056860043798,0.5868614061298122,0.5954009661359817,0.3494178481976109
1.0,0.6311273869653131,0.9987348439294048,0.630328912320375
1.0,0.7196305104322223,0.9428651452176118,0.6785145257217013
1.0,0.941851999619822,0.9995130490646518,0.9413933639076475
1.0,0.9396961710534929,0.9988524051875529,0.9386177806023155
1.0,0.9407800207103036,0.9990509687521292,0.939887191073277
0.02525339723076825,0.4122672779004473,0.10119070032171516,0.041717614570473426
1.0,0.9297987993690795,0.9992530229001113,0.9291042609584468
0.7144784716212753,0.2916873234552696,0.4308524312804026,0.1256741924843761
1.0,0.9393119081333622,0.9990499650220755,0.9384195289654546
0.09440204705948374,0.6459860868862325,0.7831326462051124,0.5058927936349009
1.0,0.8319585221552118,0.9989494593494875,0.8310845159081475
0.9136018807741746,0.5807076239663995,0.5751215534299303,0.3339774707841595
0.09176619261503484,0.7474059586513349,0.5159219447628417,0.3856031357147327
1.0,0.9400098980374507,0.9996779164403462,0.939707136303381
0.25607897811407476,0.47728472985321807,0.13995526298908403,0.06679850988728106
0.09517666036356229,0.5533527181265944,0.3103941001815356,0.17175741902591118
1.0,0.8803650606062788,0.9983329157466878,0.8788974178765758
1.0,0.9095772470271222,0.9992545027308828,0.9088991596734123
1.0,0.8048178700287315,0.9998961034697433,0.804734252244547
0.04433066197376955,0.5211596270479748,0.41013058902056243,0.21374350481492255
1.0,0.8747236912118099,0.9988088080833648,0.8736817274215491
1.0,0.9223600266676525,0.998659148453299,0.9211232787992799
0.8816553044012372,0.874670355393434,0.8067873846000354,0.7056730084150521
1.0,0.936471822611282,0.9994827899097158,0.9359874699353606
1.0,0.8595566860136123,0.9958176027351796,0.855961678481071
1.0,0.9200127934195644,0.9988033840070483,0.9189118913972384
1.0,0.7533988896817809,0.4079324736912696,0.3073358727441448
1.0,0.8361141038584178,0.9972261206764321,0.8337948242335814
1.0,0.9239983128139923,0.99979555870318,0.9238094094006611
1.0,0.8959581594679148,0.9804472819128114,0.8784397421579223
1.0,0.9312457890347445,0.9864943074662412,0.9186686697346836
0.45574304435654994,0.6209241274492511,0.2522608814753279,0.1566348677196469
1.0,0.9452247639954023,0.9993118310957594,0.9445742897053025
0.023150097275514172,0.3935314386697023,0.12029580446525896,0.04734018099714256
1.0,0.906144937688407,0.999341255431609,0.9055480196325297
0.07190293251559658,0.41615614317352106,0.3432716030475107,0.14285458638524395
1.0,0.8845272444690425,0.9984108544827685,0.8831216019636253
0.11221238486638549,0.6775139633157032,0.29689539470768866,0.2011507755585862
1.0,0.8636358743637212,0.9995504193883104,0.8632476004190477
1.0,0.9103593923909439,0.9998131348230214,0.9101892779219706
1.0,0.8135031343949939,0.956320070809652,0.7779693750884944
0.4429008016949862,0.516494484960808,0.27456096753451614,0.14180922551708103
1.0,0.8602648742402327,0.998827223557235,0.8592559758611855
1.0,0.949579890507284,0.9983619255438008,0.9480244079445235
0.9987499997222308,0.97704562536325,0.9990381901342663,0.9761058932415037
1.0,0.7964666709391508,0.9685657992248418,0.7714303776941276
0.01409358517291952,0.48484066787901775,0.1532199784206071,0.07428727666985584
1.0,0.8724985154871473,0.9990379446742031,0.871659123643573
1.0,0.9358575857602932,0.9731249077853675,0.9107063268432221
1.0,0.8582543066847802,0.9971059146488794,0.8557704454682676
1.0,0.9512867694344095,0.9989033005317143,0.9502434937401836
1.0,0.8849474872291174,0.9671868291253586,0.8559095541155839
0.03061185299699696,0.6166800289822977,0.32284400766806143,0.19909145200550127
0.0,0.19344322503970526,0.6879235935307988,0.13307415851350105
0.411942090560148,0.4862239147492868,0.20533661224001395,0.09983957144469591
1.0,0.9211641226593943,0.9983427890557037,0.9196375593938301
1.0,0.8211708483136425,0.9945868827330477,0.8167257542155181
1.0,0.6093625849890577,0.5041008224071194,0.3071801802371122
1.0,0.8499206956287978,0.9487333029400016,0.8063480688009731
1.0,0.9217870229028471,0.9993771795765959,0.9212129151189543
1.0,0.6326184497403929,0.7872016696054577,0.49799829985885363
1.0,0.9446602853364919,0.9997230033354283,0.9443986175883003
1.0,0.9501100080947904,0.9868466257702599,0.9376128555988983
0.026663090777808315,0.7141331270163092,0.16697744631056935,0.11924412587496476
1.0,0.9558168776167265,0.9998207809954905,0.9556455770674267
1.0,0.733534527031063,0.8716981825165643,0.6394207140261252
1.0,0.961910995828895,0.9997271379252642,0.961648526798862
1.0,0.7978181645707795,0.9978683618477379,0.7961175049326127
0.01793612907099591,0.5547064704126548,0.10900008107245443,0.06046305024639441
1.0,0.7374463759127302,0.999256998896483,0.7368984524416424
1.0,0.9098486464926048,0.9991625970854018,0.9090867365841886
0.45639068506704566,0.5249988794914437,0.1877228154283025,0.09855426775483792
1.0,0.895593734279513,0.998599354646181,0.894339325076685
1.0,0.694736589178838,0.8174879653287487,0.567938800727243
1.0,0.9411617379497365,0.99961987031099,0.9408039744309815
1.0,0.8927476679391334,0.9992523259685546,0.8920801836911819
0.139831132444939,0.7296321778360827,0.3172620230466445,0.2314845808202047
0.9625782742914935,0.5817949463337765,0.6297112757264464,0.36636283786704177
1.0,0.7891558765040582,0.9172952296678437,0.7238889209815186
1.0,0.8917433399138229,0.9992391757001745,0.891064879911609
0.01670109110144657,0.20765475410140968,0.10692068242106213,0.022202588016500574
1.0,0.9085035563652442,0.9928422858413959,0.9020007475967065
0.5099916530225955,0.9471770284118024,0.511492988651471,0.48447440904437206
1.0,0.7341461989197968,0.8302867508574843,0.6095518621554904
1.0,0.8216798437507766,0.9985311486448795,0.8204729181988081
0.24796275182165917,0.7316802407975183,0.27507648661643297,0.20126802996524698
0.6192676334856757,0.6665397112473832,0.19440470116739475,0.12957845338124913
0.01450541119712847,0.722479454420525,0.21567218217382447,0.15581872051062878
1.0,0.819991964596442,0.9863465713375554,0.8087962628040467
1.0,0.9267870552747854,0.9951283107611899,0.9222720367509347
1.0,0.8378785123553076,0.8637555902350441,0.7237222489847195
1.0,0.90182107009405,0.9989798397459182,0.9009010680820465
0.0,0.6497880308792844,0.9998289392844992,0.6496768776737983
0.0,0.8677386071164155,0.46654726648234957,0.40484107517136514
0.1606810237208946,0.6101724635629074,0.2978767409116647,0.18175618484016037
1.0,0.9232389738273157,0.9993904181723917,0.9226761841263308
1.0,0.8590592861702233,0.9987118858520667,0.857952719749794
1.0,0.816350011946321,0.9969022295298247,0.8138211469859864
1.0,0.40787497180990845,0.6972082858906106,0.2843738099532674
1.0,0.9477832867928021,0.9997784569837299,0.9475733120246757
0.7880199135980452,0.6098514330964331,0.5812836128833843,0.35449664435240413
1.0,0.9131644931721061,0.9935738196931299,0.9072963334891505
1.0,0.893665156638465,0.996717067048096,0.8907313138477682
0.06867229617582304,0.2975930153998567,0.3736320551265204,0.11119028993514671
1.0,0.7487201417818341,0.7644249017164908,0.5723403207947356
0.15889978668279778,0.5417087168753355,0.2765365453898492,0.14980225717227316
1.0,0.867682218159071,0.9988892651286635,0.866718453262123
1.0,0.8254170319985781,0.9950614537773754,0.8213406718331115
0.03798096786662348,0.6241187713086045,0.24279760787069563,0.15153454470092692
1.0,0.7768171448959258,0.9975141926971304,0.7748861271641492
1.0,0.8179080190981601,0.9918339341937918,0.8112289283907792
1.0,0.9079773563263208,0.9895122194882666,0.8984546891035464
1.0,0.9486259845494364,0.9930556770976686,0.9420384193991831
1.0,0.9315111372897179,0.9997151068159225,0.9312457561158117
1.0,0.9092925348929519,0.9989242307365249,0.9083143459324068
1.0,0.9107995945911718,0.9990796286240308,0.9099613207150656
1.0,0.9162558803945217,0.9987825116794071,0.9151403495614668
0.49319140178667426,0.4705393725569768,0.3200250289801756,0.15058437633886015
0.4818932232268351,0.4746480501712877,0.38092554308134474,0.18080556628399913
1.0,0.8143420296712179,0.9781864088143205,0.7965783055506536
1.0,0.9202589773087783,0.9996575980151092,0.9199438788083342
1.0,0.8544456414061858,0.9676544211450137,0.8268081025347827
1.0,0.7150120277895239,0.960217917355116,0.686567360207915
0.078601051066605,0.4917789945804965,0.22184790110620334,0.1091001377558021
1.0,0.9343683352368511,0.9996510822107882,0.9340423175030108
1.0,0.9414784272279958,0.999298760704572,0.9408182255590258
1.0,0.5252718116242105,0.674846597171609,0.3544778946647649
1.0,0.8172744713772788,0.9992419583211979,0.8166549432649539
0.4278386512227293,0.6021519591136629,0.4308956116591378,0.2594646367340299
1.0,0.8767902167089536,0.9989247863674398,0.8758474799150527
1.0,0.5786806514982268,0.5157927617103778,0.2984792913846311
1.0,0.937372821013262,0.9988647447394661,0.9363086635871252
1.0,0.9427041415048898,0.9997880309206316,0.9425043173758982
0.026132598526178306,0.6680136085459306,0.8504163760154448,0.5680897121086304
0.053750645189058546,0.357631767322686,0.16139959564013107,0.05772162263394696
1.0,0.9166174708711203,0.999468324095895,0.9161301274485765
0.28303724006341574,0.6649770208926533,0.30335538278735036,0.2017243587176827
0.05308454401949491,0.6144977382069711,0.400725154659119,0.2462447011806673
1.0,0.8669836164697498,0.9860331630651186,0.854874597673303
1.0,0.8967689987770449,0.9992364345277315,0.8960842569329779
1.0,0.7916314043533444,0.9472849323091259,0.7499005012866362
1.0,0.9496346131560693,0.9996269215775093,0.9492803249726506
0.5058438051735861,0.8414288163865131,0.6101442066167009,0.5133929175985787
1.0,0.9095437805450156,0.9663374316409058,0.87892620085683
1.0,0.9554273423439793,0.9996700334178477,0.9551120832493312
1.0,0.8859474520220729,0.9969976466575444,0.8832875247282544
0.5116795041068294,0.3283452058853731,0.2493004256685252,0.08185659959344306
1.0,0.81736716041154,0.997256194057795,0.8151244635398396
0.007066184837728164,0.30253089834237,0.12877577722480832,0.03895865156855818
1.0,0.9262744126411009,0.9975921006296563,0.9240440370661369
0.037229267218739086,0.6430556258227297,0.2875378688674301,0.18490284421227923
0.9251868083837342,0.5914597384170468,0.7159149186195435,0.42343485049557655
1.0,0.9162607114288801,0.9983750496762801,0.914771833289232
0.402668645032286,0.5360686626971737,0.4675137483364707,0.2506194698632748
0.11585009728616667,0.4946937981672933,0.42960987804448764,0.21252534230001527
1.0,0.8911218725705369,0.9995915158735066,0.8907578634308208
0.5214025273701285,0.6547494841672371,0.7155207898144156,0.4684868680419227
0.5725689548767272,0.5385335272014585,0.42121253563143746,0.22683707251506804
0.8457162269178138,0.717987383616408,0.8886106110545036,0.6380112076848006
0.33438624411891255,0.784496932837321,0.7248226683792643,0.5686211601944956
1.0,0.9197440244983714,0.9984212692894306,0.9182919963610332
0.12075338726634226,0.4895023946066207,0.2443777051275432,0.11962347184840305
1.0,0.9355375562879114,0.9995489545895256,0.9351155863668212
0.012077506074371453,0.21428028814733754,0.1043641644965411,0.02236318324057496
1.0,0.755303145307087,0.9996994529698039,0.7550761411898671
0.6780072585476219,0.6041271047518806,0.44300134395859686,0.26762911932689915
1.0,0.9361706253414076,0.9996223609102693,0.9358170907186211
1.0,0.8363009124700533,0.9690665236835094,0.8104312180007015
1.0,0.9264355744786872,0.9992859947863572,0.9257740946484052
0.9164636996200742,0.7305015321404669,0.7265298333479885,0.5307311564064636
1.0,0.8779826688081309,0.9343661517337692,0.8203572875431977
0.051986440369482065,0.4851455734150173,0.4359410783392018,0.21149488442603304
0.10174545408164071,0.6695476051545617,0.5799828939274343,0.38832615765972583
1.0,0.6400883206175696,0.6885833830682822,0.4407541812733413
1.0,0.89774238404019,0.9936198649626933,0.8920146664012999
0.485200358809548,0.6263647182445348,0.3128767545675575,0.1959749602199726
1.0,0.9196139225658303,0.9923992204978357,0.9126241399132871
0.7851043897593629,0.44729808682436784,0.3538483675136242,0.15827569781476988
0.33273445833074256,0.6757692872765688,0.24889918805981265,0.16819842691889625
1.0,0.8137976934543204,0.9981688972171474,0.8123075462331572
1.0,0.8291263571560589,0.9987323593346495,0.828075322869014
1.0,0.7674750084188356,0.9572833993842949,0.7346910850016733
0.02332513304897806,0.6495724813672541,0.2465590351536858,0.1601579642682957
0.020333715893749136,0.5589778654506187,0.2952152407605546,0.16501878512882528
0.7597410958861708,0.26834728910535266,0.2005797380385743,0.0538250289521132
1.0,0.812212470268742,0.9770805425319722,0.7935970011014157
1.0,0.8815084585334116,0.9993575119914638,0.8809420999193808
0.5643970205016093,0.9296657096668776,0.9981976668509799,0.9279901423408377
1.0,0.8708469783871017,0.9078973737546935,0.7906396846198599
1.0,0.8942864982138413,0.8753121292174657,0.7827798188819888
0.025342150420201708,0.7396622353118886,0.18248324588875595,0.1349759655610462
0.027622155759521302,0.7096926723014713,0.1658260758059279,0.11768555087597532
1.0,0.9263516145812397,0.9997160422339649,0.9260885698462002
0.050101537360709575,0.7729047796315385,0.39701648340976897,0.30685593761991586
1.0,0.9096884004393488,0.998510312847216,0.9083332493161778
0.19765390484767761,0.47681262916545186,0.3370681678416754,0.16071835931657108
1.0,0.919427210623073,0.9996709760102912,0.9191246970139869
1.0,0.7375628731723306,0.8848822842366808,0.6526563199809012
1.0,0.8808483718713036,0.6919216963585784,0.6094780996998842
1.0,0.9128775996815668,0.9993780023173054,0.9123097919299811
1.0,0.930670043804068,0.999370119765919,0.9300838331390247
1.0,0.8514869670357686,0.9995702494352378,0.8511210400307974
0.8655255457215136,0.7153426223741748,0.8001898174701235,0.5724098824261904
0.2965775837200261,0.7899717717803544,0.36364351369148457,0.28726811080729564
1.0,0.9209497688085492,0.9798385275354312,0.9023820654034647
0.16270264753296249,0.7675103887321149,0.33488461774264666,0.2570274231440644
0.05788246186119053,0.6350949945251605,0.3590608345507424,0.2280377387532033
0.018070168365657658,0.7150351677123962,0.766195450284745,0.5478566922948276
1.0,0.7281433289174715,0.9447377917661247,0.687904520650727
0.8856405201774397,0.7743986651337164,0.36541139988524735,0.2829741002957782
0.13400981677998897,0.8913372682742743,0.604665402841904,0.5389608083890662
0.03571628015942409,0.47480579062669903,0.3573366258098228,0.1696654991375098
1.0,0.9445050958975229,0.9995911121273328,0.944118899218138
1.0,0.8869102037430829,0.9995748523581309,0.8865331359614119
1.0,0.8853212645361533,0.9983909787137607,0.8838967637763544
1.0,0.9355443975697346,0.999832624088856,0.9353878099737757
0.4307868369438284,0.7321926454377361,0.7164306002719226,0.5245652164856442
1.0,0.9198683660311912,0.9992741699903763,0.9192006979662222
1.0,0.7419289462979859,0.7925044748481932,0.5879820099605586
1.0,0.9177695671261326,0.9983118426331575,0.9162202276703247
1.0,0.9197277698047044,0.9997602826870278,0.9195072951350609
1.0,0.9396644001760843,0.9996155827098562,0.939303176933724
1.0,0.8985790774113862,0.9995003876209663,0.8981301361807708
1.0,0.8984323489055684,0.9992057058466871,0.8977187293436856
0.18108553627845805,0.5443247276973632,0.30381534990500514,0.16537420760732102
1.0,0.9639215717701256,0.99933889155048,0.9632843150743537
1.0,0.811216653332648,0.8729498216712526,0.7081514328634854
1.0,0.8391898897306579,0.9886263576372772,0.8296452440504486
0.6369963815907765,0.5492499961406075,0.5543536484846445,0.3044787392907227
1.0,0.9454258918555439,0.9995160339210265,0.9449683377937026
0.08685676230808242,0.45919229753654656,0.3738099351666863,0.1716506429711782
0.03428623186820978,0.4611838062143098,0.23697568275667277,0.10928934735395714
0.4093496639871286,0.7418965208862413,0.818360105127487,0.6071385148261813
1.0,0.8628820554397945,0.9988109033544355,0.8618560052821531
0.9987499997222309,0.9390486496184423,0.9788741305553813,0.9192104304444576
1.0,0.8325306582201365,0.9989639069760262,0.8316680790129103
1.0,0.8237698382959335,0.992569032213432,0.8176484311640101
1.0,0.8900713482182195,0.9926028994024025,0.8834874009164102
1.0,0.9470397857610158,0.9998009084304804,0.9468512381236711
1.0,0.8970738744468388,0.9987748749600739,0.8959748467805905
0.7338096449538376,0.8527841568742008,0.999295026791147,0.8521829668906702
1.0,0.9437816495872866,0.9995256278248763,0.9433339458333301
1.0,0.9403337246063593,0.9986192433022802,0.9390353525180173
1.0,0.7897454831778152,0.9573203617064753,0.7560394316118412
1.0,0.9058550746541997,0.9975156362026838,0.9036046011011136
0.10600889069676148,0.7080927460852006,0.3559707235520238,0.2520602871658883
1.0,0.9747600509684472,0.9962114680157419,0.9710671413383761
1.0,0.9528200567356762,0.9998034207942236,0.9526327521256752
1.0,0.8546438054357973,0.9708036978292429,0.8296913666439281
1.0,0.9355670376398296,0.9993075145732714,0.9349191711005364
0.030224130725177503,0.48196821144849145,0.3443176712234036,0.16595017216965355
0.047001894588128056,0.3739639627058572,0.31383471353312137,0.11736287310750357
1.0,0.885070675390634,0.999126963621028,0.8842979764930567
1.0,0.7929796162842057,0.8472331023288051,0.6718385803879731
0.0,0.10588436956594496,0.36425154875951354,0.038568545603820156
1.0,0.877467471148017,0.9993652243212692,0.8769104761384549
0.33232019986583533,0.7622003114183598,0.24157036371397622,0.18412500645223911
1.0,0.8102218805253681,0.987466308672725,0.8000668095682589
1.0,0.8885283741761674,0.9997284392148137,0.8882870847132158
1.0,0.6506299074673908,0.6548648942507387,0.4260746855500008
0.6894549672426922,0.7045760372849807,0.7687208096151372,0.5416222618171355
0.028319358040322665,0.5709777015144525,0.25055668676275566,0.14306228110687488
1.0,0.9213376873529738,0.9992635328142899,0.9206591523792803
0.25740897818109454,0.7845701058803098,0.8191040748251913,0.6426445707125936
1.0,0.8936396041530931,0.9993669298222965,0.893073867570089
1.0,0.8205961871310999,0.9992027263291439,0.8199419473966953
1.0,0.8294510422939613,0.9974758679033182,0.8273573982954809
1.0,0.6583902985057577,0.9482581091235083,0.6243239395263319
0.021083250495589376,0.7079206313288019,0.2717717898371413,0.19239285703886752
1.0,0.9175737678831208,0.9988745309141845,0.9165410669734132
0.5025975969686188,0.6673639013445097,0.5426887007157262,0.36217084852523007
0.08178142565492771,0.5067741761752829,0.40840662636342395,0.20696993161985072
1.0,0.9152974467399531,0.9911795914051039,0.9072241492738415
1.0,0.9238692240153676,0.9992038315469587,0.9231336684844709
1.0,0.8115823121958579,0.9739642869124181,0.7904521879685702
1.0,0.9257147528198939,0.9997465518628091,0.9254801321402216
1.0,0.8665036570748046,0.9986700192278765,0.8653512238719203
0.6552050725416798,0.658376618525906,0.6921807446672994,0.45571561808280014
1.0,0.9234200143716096,0.9992428789144138,0.9227208736078765
1.0,0.84072028404686,0.9980950842349533,0.8391187827237846
0.5416801195093931,0.5737191996626742,0.5966660044621214,0.34231874254593386
1.0,0.7271970462467193,0.9501553911571928,0.6909501939249069
1.0,0.8434924521846603,0.9956572765606905,0.8398293977416773
1.0,0.4307133662575319,0.7964048319161324,0.3430222060583613
1.0,0.8201670521783335,0.9847623685936396,0.8076696489455989
1.0,0.8665810029919147,0.9521139279804138,0.8250838426718387
1.0,0.9315973028132061,0.9993199304283575,0.9309637518345386
1.0,0.8942692113934001,0.9988816194752591,0.8932690781235023
1.0,0.8209937283601889,0.9950928670826735,0.8169650030108341
1.0,0.7176538609353367,0.9939263330178101,0.7132950703755326
1.0,0.895987374120271,0.9992709943207221,0.8953341942359759
0.06273546889090326,0.5270915953794344,0.5550085177486304,0.2925403250693007
1.0,0.8507904056097253,0.9989039357186026,0.8498578846351809
1.0,0.9453707104953126,0.9991513430281259,0.9445684150508452
1.0,0.9292656379616497,0.9997989473095718,0.9290788066050151
1.0,0.9116278635365958,0.9998002906696487,0.9114458029464393
1.0,0.9091457193516445,0.9992203345836042,0.9084368898758016
1.0,0.9120916831624691,0.9989335990845367,0.9111190277565583
1.0,0.9393272067288515,0.9995538218842627,0.9389080994856924
1.0,0.7886174999241686,0.7262683530435026,0.5727479328512105
1.0,0.919027752470913,0.9966274333701003,0.9159282701409778
1.0,0.8762688625121777,0.9989646883111969,0.8753616511162846
1.0,0.8664630492783537,0.9962521322752335,0.8632156603812605
1.0,0.886949476080669,0.9970367561494824,0.8843212284999531
1.0,0.9480694015503042,0.9997784569837299,0.9478593633954513
0.6194472013575653,0.6491684107776586,0.35805398007482564,0.23243733321779
1.0,0.9306061426864126,0.9992681503570165,0.9299250789131294
1.0,0.9095150882625015,0.9995704831249631,0.9091244361839921
1.0,0.875742986371443,0.9949383572009195,0.8713102881906307
1.0,0.6566543081206132,0.9954660391457092,0.653677063192793
0.9439453605066173,0.8455093018019753,0.9752020998484681,0.8245424465586983
1.0,0.916036297358469,0.99743462619902,0.9136863218404789
1.0,0.9520225537352204,0.9996028479465537,0.9516444560230772
1.0,0.9429376865265198,0.9998071055985802,0.9427557991259011
0.02707031037089818,0.6295351134153061,0.3637718472355018,0.22900715110669703
0.8424750469212056,0.29380463377931504,0.49969637127621647,0.1468131093636614
1.0,0.8394422791966397,0.9984107419185975,0.8381081887705555
1.0,0.8834170511254746,0.9947015106484691,0.8787362752871255
1.0,0.8766550260621723,0.9982908385468765,0.8751566810839398
1.0,0.9477367061270333,0.9992942668420441,0.9470678569085076
1.0,0.8889325278028996,0.9656097995681269,0.8583619600013462
1.0,0.890335644321696,0.9763357909307732,0.8692665554926826
1.0,0.9105691702425578,0.9993972112830255,0.9100202894207108
1.0,0.9238282829920099,0.9988689970271603,0.9227834304575525
0.13102224542167296,0.686010348919676,0.5174163652974805,0.35495298129447517
1.0,0.9506093416877307,0.9998181562752917,0.9504364793442956
1.0,0.9314789111481084,0.9979285932698597,0.9295494394625725
0.0812209655965261,0.4464999231049094,0.16928992056547668,0.07558793651492156
1.0,0.8976516373597169,0.9986737835521851,0.8964611569938424
1.0,0.8922769984185516,0.9985415131013015,0.890975624106348
1.0,0.894026828934415,0.863487116604362,0.7719806486835191
1.0,0.9522938858865087,0.9858471079457396,0.9388161733156247
0.8134256799879775,0.5565951181333714,0.7201991498387527,0.4008593308840542
1.0,0.9338018079655533,0.9996644336716887,0.9334884555214839
0.9987499997222308,0.810294008871468,0.999056721324057,0.8095296758116551
0.4337199852744482,0.6889520162929618,0.7233535087045552,0.4983558583145918
0.4924033118141454,0.8310964989813711,0.5459482136969791,0.45373564902869273
1.0,0.9446102666000732,0.9997899359587277,0.9444118379500438
1.0,0.9406033700008425,0.9986282373920262,0.9393130854689412
1.0,0.9218712600028478,0.9917768436675858,0.9142905685134847
1.0,0.5200239741833287,0.6572921752340894,0.34180768916483606
1.0,0.9330513507926219,0.9979328508359374,0.9311225944728034
0.11072623601100591,0.7200226939321549,0.2656418807669084,0.19126818261099368
0.2031022216945445,0.6639758174274286,0.24708260504682086,0.16405687465806137
0.03904712556824497,0.4286370523556091,0.2862222200927931,0.12268544873925322
0.2815223673911034,0.31660293316956967,0.2958469926774998,0.09366602565109264
0.4664917363570833,0.6067903925166666,0.6936424376674202,0.4208955670184313
1.0,0.8600863201001978,0.9958281273579641,0.8564981495115824
0.7022339678801504,0.4687617171558657,0.36115209192173103,0.16929427476366368
1.0,0.9511995656531599,0.9998113631646579,0.9510201343773163
0.02563254257461132,0.5176988920923619,0.29173381181355107,0.151030271161757
0.9741082435800053,0.6710343152718514,0.2346931608948318,0.1574871645200499
1.0,0.9557989444312216,0.9997826552018716,0.9555912065025929
0.06724793328796771,0.47354721979211606,0.36034426488001503,0.17064002480196497
1.0,0.9237696861916477,0.9975040878649695,0.9214640382219086
1.0,0.7511458684570088,0.9658392970358617,0.7254861975619092
1.0,0.7907296565672292,0.7519432150565879,0.5945838001997539
0.8905362642217787,0.6765338129161926,0.7083100872757033,0.47919572407163274
0.02614878637409469,0.5878957754235068,0.24960009087581722,0.14673883897121634
1.0,0.8807224171465167,0.8971502725744598,0.7901403566054345
1.0,0.7155829595000885,0.9602547930322008,0.6871419666721272
1.0,0.9292539441187341,0.9992688547120278,0.9285745244761621
1.0,0.7587818432464752,0.6992959434556291,0.5306130649500451
1.0,0.9282513160581037,0.9989354158977597,0.9272631144641447
1.0,0.8558533688538378,0.9993075145732714,0.8552607028684899
1.0,0.8758345013091499,0.9975141926971304,0.8736573455096904
1.0,0.557752124388378,0.33263985650079997,0.18553058661956637
0.6586410967630516,0.5952351345865021,0.4145905531058047,0.24677886367622603
1.0,0.9202403632241541,0.9998230514764432,0.9200775280505643
1.0,0.8689194316607548,0.9977046325223256,0.8669249422566013
1.0,0.9159050117567604,0.9994586367346661,0.91540917442886
1.0,0.8106043678411149,0.9987980878122283,0.8096300925719457
0.03279975194963261,0.5136175400827384,0.35573973970821404,0.18271417001860654
0.3750747122577201,0.6708671126948302,0.607445881882185,0.4075154648966663
1.0,0.6261632761972544,0.8606636940092666,0.5389159983448737
0.025634023120073658,0.56467602238935,0.268664473048807,0.15170838599853104
1.0,0.9202173899571284,0.9988995962681377,0.9192047793070951
0.29031216796440884,0.6150961538961511,0.4742311771339823,0.29169777311275685
0.20032501508293035,0.4805687414965776,0.41130100550606685,0.19765840659232747
1.0,0.9627293174197031,0.9985801483383321,0.9613623845986283
1.0,0.8054444665755262,0.9988590019575776,0.8045254560158835
0.10051098843011287,0.6250348531223382,0.1400235397117664,0.0875195925774138
1.0,0.9216677338835122,0.9981541843185994,0.9199665051272691
0.27299651165129485,0.4281703533209979,0.11736390231874154,0.05025174352294665
1.0,0.7499331670184856,0.7219863326393944,0.5414414969803228
1.0,0.841136621828552,0.9996391477425199,0.840833095779716
1.0,0.8398771623130804,0.9862415060033929,0.8283217174175085
1.0,0.9396129062681193,0.9994997768971702,0.939142890184687
1.0,0.8636544776046355,0.9998289392844992,0.863506740251751
0.5066976271595219,0.7980283640590626,0.40783517959560456,0.3254640411784143
0.40618877150341076,0.5422371328271014,0.5211926218616831,0.2826099929289187
0.2560782743897202,0.7026610151188851,0.5409351977591342,0.38009407517096816
0.8048106796621998,0.6091052299196245,0.5339323960021221,0.32522101482840854
1.0,0.7000858137687311,0.38099902113245326,0.26673200975460354
1.0,0.7937155634036298,0.9990929192676741,0.7929955993091191
1.0,0.9312374830828252,0.9188081416889241,0.8556285813024015
1.0,0.9102428749333772,0.9988517524854498,0.9091976908145979
1.0,0.918835200185088,0.999817392389099,0.9186674138843705
1.0,0.8982037353813693,0.9987803177341192,0.8971082122141768
1.0,0.7760276596962662,0.930177820407266,0.7218437170720244
1.0,0.40665154030752154,0.773579824547302,0.31457742720298265
0.4808285382733275,0.7589032203238064,0.7026175271830502,0.5332187040351664
1.0,0.863612728445107,0.9993417641142766,0.8630442675558768
1.0,0.6402193627915651,0.7213141714966207,0.4617992992480922
0.03316117072809107,0.7590985236176663,0.2908087706789665,0.22075250847747194
1.0,0.6707497707208172,0.9981691232258484,0.669521710544337
0.06086862718723649,0.4895484654011979,0.1992936279150425,0.09756388971004638
1.0,0.9217666768178101,0.9990893139146576,0.9209272367312998
1.0,0.9008781554149068,0.998470473661022,0.8995002385479898
1.0,0.9037335491847945,0.9971591778023807,0.9011662028575371
0.4944366414384242,0.532241832699584,0.5629830180628538,0.2996431133125163
1.0,0.9209109607221123,0.9987206354623014,0.9197327798965865
1.0,0.8742388444211767,0.9970704600816594,0.8716777268282809
0.04805369730316671,0.438343844446472,0.33312489233171694,0.14602324598550187
1.0,0.862219548286719,0.9746727335564238,0.8403818840544014
1.0,0.9083338760921373,0.9990337653174537,0.9074562123977254
1.0,0.649739506386257,0.5542885315433699,0.3601431568805524
0.43509493581913844,0.45303214804171144,0.4085668108311235,0.18509389992937544
0.009229929655542632,0.8376526534315458,0.48565640228236573,0.4068113740278419
1.0,0.9422563243408159,0.9998210771934556,0.9420877331947806
1.0,0.9035352803091149,0.9993199304283575,0.9029208134580712
1.0,0.8751850192324292,0.9993232986840254,0.8745927803781933
1.0,0.9033254479135704,0.97187320887801,0.8779178017249273
1.0,0.7490343456227088,0.9996210562089223,0.7487505037081311
0.8880967245343806,0.3237722975857353,0.15648182639163097,0.05066448046123051
1.0,0.9360110457469822,0.9998331968505768,0.9358549161566567
0.257395325613546,0.6320199424620812,0.6859585580019979,0.4335394883597949
1.0,0.7358757767708499,0.8110681881053469,0.5968454329361479
1.0,0.8106233391748492,0.9983134372163053,0.8092561720194026
1.0,0.9434064036584071,0.9994924836889284,0.9429276095205811
1.0,0.9346275185230905,0.9996643869154823,0.9343138452987239
1.0,0.9089183618277313,0.9447090918899458,0.8586634402043732
1.0,0.8221422129407824,0.9984073943875006,0.8208328646381802
1.0,0.9297121982116291,0.9995515793097245,0.9292952960259495
1.0,0.9226467838476027,0.9991338954109277,0.9218476752340194
0.08421086490924981,0.4012831235808255,0.19826185188225817,0.07955913521023153
1.0,0.9179891161349845,0.9992471364804913,0.9172979956181404
1.0,0.8975848927936173,0.9994341012224588,0.897076950600046
0.062391063170128554,0.6953609826219362,0.34121218338239845,0.23726563911936088
1.0,0.9284089468055359,0.9993449111838397,0.9278007564876605
1.0,0.9457587194378363,0.9997068905482459,0.9454815086180902
1.0,0.7972819415302139,0.9342583490987149,0.7448673104602358
1.0,0.8700111489252282,0.9989247863674398,0.8690757010774244
1.0,0.714029268412251,0.9254526909656161,0.6608003078803278
0.21798902275254298,0.504002826197852,0.17802054305494297,0.08972285682096764
1.0,0.9482797099253046,0.9967848371341654,0.9452308362155284
1.0,0.9322771324932587,0.9995572138420172,0.9318643330835868
1.0,0.9011577608844366,0.9332736201677615,0.841026765842892
0.12542141306216456,0.43896777489812083,0.4281638005482929,0.18795011081860694
1.0,0.7633786381659954,0.992770038285882,0.7578594398386796
1.0,0.6673469353927663,0.8805073774738839,0.5876038999479181
0.49673284720922645,0.7746419978260817,0.9140780505487309,0.708083247246039
1.0,0.9467676360522838,0.9998331968505768,0.9466097122288183
1.0,0.7962754663108019,0.6856296033267333,0.5459500321054847
1.0,0.8868158914552766,0.9993969927244793,0.8862811350206817
0.8728765095764823,0.7946207078057406,0.7151732106957575,0.5682914428867668
1.0,0.9161774065134041,0.9997881710125277,0.9159833335810373
1.0,0.8695692272739195,0.9963120736706221,0.8663623200254392
1.0,0.5465133432111307,0.999439441605739,0.546206990569018
1.0,0.9103294418033737,0.9997831428480939,0.9101320303533279
0.2256260108655409,0.7341241266911258,0.3219215116543069,0.2363303486063051
1.0,0.7171485825741669,0.8708829236718982,0.6245524542993482
1.0,0.8979446948376482,0.9990701429876263,0.8971097346664296
1.0,0.9260580191261428,0.9994080278477507,0.9255098185674531
1.0,0.9222338244842012,0.9997863400062285,0.922036780011006
0.8931410047390039,0.5253733626012738,0.46932829997771,0.2465725871232288
0.1656231270712099,0.4950489073583765,0.31999657987704316,0.15841395722654766
1.0,0.6121630512171639,0.3715492261520875,0.22744870795863795
0.9987499997222308,0.8390505333099312,0.9972034730615698,0.8367041058908257
0.046317765238531275,0.6513409464203594,0.349486528236552,0.22763488606276147
0.06529367951217466,0.6299730755557865,0.1965370958304157,0.12381307872108933
1.0,0.842204929343351,0.9631808635918461,0.8111956711662385
1.0,0.9172241841529153,0.9992319355805231,0.9165196968923838
1.0,0.8246251829115215,0.8857730841123623,0.7304307915042594
1.0,0.9287188660274498,0.9989293962643998,0.9277245761401585
1.0,0.5840691785736899,0.49658085927745593,0.2900375745736008
1.0,0.9489971563012525,0.9997439271426103,0.9487541438877837
1.0,0.8381194815224764,0.9991263906117447,0.8373872924749387
1.0,0.9023124732126184,0.9980856939038028,0.9005851709444727
1.0,0.9391920967055605,0.9996065526623391,0.9388225740755595
1.0,0.8429587406301267,0.8524108169930393,0.7185471487919498
0.11446008335193467,0.9252620559699208,0.875497932121453,0.8100650166721098
1.0,0.9239802811404426,0.9997852500943637,0.9237818564622579
1.0,0.7483876892477564,0.7723617830573077,0.5780260500855355
1.0,0.6394523330404462,0.5715302963125543,0.36546638138036036
1.0,0.4070104164078937,0.5384295898936358,0.21914645158894014
1.0,0.7741155360770752,0.9585055266511253,0.7419940195963751
1.0,0.9236126327785744,0.9908841653476376,0.9151931327353318
0.35405660440097975,0.47149323964464024,0.20161451916178166,0.09505988279898483
1.0,0.9400765174995468,0.9989498956106708,0.9390893390222153
1.0,0.9027737381752581,0.9999351638261311,0.9027152057802055
1.0,0.8175464187250827,0.9942042298199962,0.812808107570667
1.0,0.707314071075614,0.6933063160536891,0.49038531291037113
0.31709940542682213,0.8606423642438995,0.8048653582049559,0.6927012247835262
1.0,0.8370521635727469,0.9991160799918625,0.8363122764175102
1.0,0.9150753159739544,0.999407994292233,0.9145335861638612
1.0,0.9325754128676867,0.9991949134811269,0.9318246089749544
1.0,0.7729765800150468,0.8294824394072561,0.641170499195559
0.0,0.515085567979624,0.7422894544350185,0.38234258524294673
1.0,0.5579523933877922,0.8525426662234067,0.4756782210845595
0.10794223300878997,0.733104701180922,0.7729520482286805,0.5666547803438684
1.0,0.7514092283981779,0.9992439151528356,0.7508410992665666
1.0,0.9336893882383266,0.99979555870318,0.9334985035689681
0.020700335023508536,0.5935969820925051,0.1379640518044708,0.0818950447883879
0.3828392449941799,0.5215467445734095,0.6361926212416805,0.33180419053022264
0.1111792560257287,0.5343799198527622,0.229893909535886,0.12285068895242493
1.0,0.7979044030469864,0.9974032104702947,0.7958324132474482
0.3948234194662835,0.6338958570030954,0.7126911530340972,0.45177196923107327
1.0,0.9381474656898593,0.9997020250628789,0.93786792125776
1.0,0.8906349122304388,0.9998331968505768,0.8904863515220925
1.0,0.9462696877211806,0.9997133428208557,0.9459984327217886
1.0,0.952268412323766,0.9998002906696487,0.9520782354368261
1.0,0.9300713228429252,0.9997029395987755,0.9297950354825941
0.0,0.13875032298893608,0.5389342847718472,0.07477730608190505
1.0,0.6508010653075541,0.6356700100971876,0.41369471975531336
1.0,0.908966410310001,0.9987390855398252,0.9078202814194279
1.0,0.8645071046656718,0.9996517859047551,0.8642060711063879
0.5888985312782795,0.7264530703384408,0.9821778710786514,0.7135061300635596
1.0,0.8866558696928831,0.9725027029715028,0.8622752298818773
0.0,0.24752672950979807,0.5843173648810205,0.14463416632478235
0.9987499997222309,0.8049892830102598,0.9990381901342663,0.8042150363760507
1.0,0.7984540842759107,0.9891376575634387,0.7897810025926348
1.0,0.8949969830966719,0.993488265492292,0.8891690003575466
1.0,0.9250454724547525,0.9987927355827155,0.9239286979714878
0.2631445001314449,0.4956732445271764,0.4633281964072433,0.22965939039410316
0.021082683295824196,0.5950528332760391,0.04225287497915512,0.025142692970404515
0.3217246487343948,0.7507098160309836,0.6625249248287547,0.4973639644341357
1.0,0.9017881700374427,0.999817392389099,0.9016234966541733
1.0,0.8862800810178705,0.9996547500187041,0.8859740928364761
0.024040261711132577,0.5526109614264396,0.17571524871297922,0.0971021725285654
0.2648208300466545,0.7753589224331917,0.4167618871938517,0.32314004776584826
0.0582221808421784,0.4900190181987644,0.3960767400664682,0.19408513529873797
1.0,0.930830079732355,0.9994707334659797,0.9303374225222932
0.475000095992798,0.37069750529188694,0.5215272011289498,0.19332883240036186
1.0,0.8566368493359338,0.9986565395436042,0.8554859916033595
1.0,0.927143299236498,0.9997895697903578,0.9269482002776713
0.07879580590433483,0.6037608190023392,0.3367650134906263,0.20332552035643436
0.599478290832413,0.5475375752258649,0.45345148861622,0.24828172855948397
1.0,0.9124779041216777,0.9997760347276948,0.9122735407594087
0.9939365457547366,0.6642857544065971,0.26537457703040984,0.17628455110297742
1.0,0.9364085122384176,0.9989247863674398,0.9354016730404134
0.021826735971740865,0.4802428436064384,0.3978266255070966,0.19105338989588172
1.0,0.8149018617271457,0.9984431708101792,0.8136331987219696
0.8601231416607121,0.6975933708783955,0.6219546606731275,0.4338714482724957
1.0,0.9368024489327546,0.9992724602477228,0.9361208879111254
1.0,0.8848097680991488,0.999204384311727,0.8841057995665119
1.0,0.9499534334091254,0.99979555870318,0.9497592236972807
0.07256561123544646,0.4185688916028043,0.287764177995019,0.1204491330263672
1.0,0.4791554697268004,0.8201495542366452,0.39297914490648567
1.0,0.9551042017769882,0.9996065526623391,0.9547284185716103
1.0,0.8675957311684631,0.9926107120853803,0.8611848165173643
0.3422776732068461,0.620806263558201,0.37325928433300576,0.23172170164518147
1.0,0.6741618732960559,0.9398293984189376,0.6335971478168163
1.0,0.7118355753335748,0.8872204617142708,0.6315550878120978
1.0,0.839943778135865,0.9977707824796016,0.8380713607494948
0.08854730080072101,0.392133159663954,0.29480396452826985,0.11560241009193067
1.0,0.8598308413651543,0.9992927535539945,0.8592227290584329
1.0,0.81748993021955,0.8833192699640529,0.7221046083644974
1.0,0.840199716204162,0.9991093245454888,0.8394513709400517
1.0,0.9524243819137452,0.9970539762725682,0.9496185170860427
1.0,0.9169412738519205,0.999076683653675,0.9160946469851529
0.10436438369571872,0.4941166458335408,0.23826720414681263,0.11773179172515859
1.0,0.9290777715307184,0.9972773701250374,0.9265482366337852
1.0,0.8928976181428382,0.9986036916565777,0.8916508577488035
1.0,0.6777105136394791,0.848333633195959,0.5749246222908788
1.0,0.8337979933990968,0.9955119266313283,0.8300558468300704
1.0,0.9151438208893246,0.9681495167560763,0.8859960479563088
1.0,0.9197048560006089,0.9998045932348372,0.9195251394497933
0.38809919622549277,0.6606374418165339,0.227821939590499,0.1505077033607482
1.0,0.8750382567085438,0.9997786594478937,0.8748445752576899
0.4491332239408892,0.560461029774216,0.592775562376335,0.3322276021144307
1.0,0.9181646550059521,0.9992639124255625,0.9174888054121145
1.0,0.7537162257689016,0.7880189401557536,0.5939426614086045
1.0,0.9423596415330984,0.9988643764574803,0.941289475738653
0.2719791431820792,0.7584697566692121,0.9766307097857981,0.7407448568069143
1.0,0.9215781078061924,0.9996787127691904,0.9212820165279606
1.0,0.81171700710308,0.7808117703080607,0.6337981933053166
0.1932948487714519,0.5875767460739136,0.3312527347779568,0.194636404028917
1.0,0.8136658271316751,0.9985285890435202,0.8124685903187203
0.7194515489023876,0.2818757548475394,0.2194600644366741,0.06186047132197715
1.0,0.9315616524260893,0.9988693072188825,0.9305083423905253
1.0,0.9335410383812152,0.999204766965001,0.9327986557079672
1.0,0.844116162184259,0.9757119257810006,0.8236142061876708
1.0,0.9053758389274357,0.9952872885427955,0.9011090638382462
1.0,0.9121610139385247,0.9992870242474297,0.9115106652531465
1.0,0.8880933231335197,0.9989540201267748,0.8871643953919764
1.0,0.751421732083348,0.9795499314377699,0.7360551061430938
1.0,0.908402326211316,0.9990146220237557,0.9075072065654982
0.9350491226635987,0.7849938113350396,0.9324934191469684,0.7320015631410214
1.0,0.7632448847845518,0.938432844325815,0.7162540681454959
0.011282920004010672,0.6353636680832576,0.0512828326862148,0.032583248685213416
1.0,0.9042274119716134,0.9975782085735312,0.9020375617777224
0.3227455687477368,0.545377173184039,0.2126457405666498,0.115972132879866
1.0,0.8792449937444485,0.9995622109359955,0.8788600699016065
1.0,0.8750053507773565,0.8953894775304627,0.7834705838688966
1.0,0.93687031794093,0.9997831428480939,0.936667150912076
0.026150949753065922,0.6940616948650279,0.8086917521414244,0.561281968114646
1.0,0.9437026559697363,0.9997738510704786,0.9434892386243022
1.0,0.860981952523582,0.9989477476085874,0.860075982205076
0.0,0.27206799284256894,0.802449405073518,0.2183207989960656
1.0,0.5963932444121763,0.6211004935128142,0.37042013843211113
1.0,0.8903690278637977,0.9995504193883104,0.8899687352116211
0.2256893557900951,0.511879909799117,0.43349501563010867,0.22189738949910684
1.0,0.9080563028669668,0.9998331968505768,0.907904836215795
1.0,0.78451610922646,0.9992606837008399,0.7839361036799551
0.2550792310310686,0.5748436103648666,0.2648597129150132,0.15225291361226828
0.7634459182583994,0.5048802997987581,0.5984391805847956,0.30214015290497476
1.0,0.8148841189632858,0.998956239681638,0.8140335752558486
1.0,0.5897123054005067,0.7635553570741423,0.4502779899210996
0.42855896275649163,0.5058372413532183,0.5044945106228248,0.25519211153129157
1.0,0.91376700068138,0.9993450961363776,0.9131685711421831
0.21775205076549617,0.6253022573645565,0.4870250703577294,0.3045378758878201
1.0,0.50245213499933,0.8658968479672646,0.43507171995034233
1.0,0.9154049574730226,0.9945812926452863,0.9104446458974221
1.0,0.8764194338133326,0.999192951545274,0.8757121208635817
1.0,0.9503307522502928,0.9991958735174049,0.9495665661251839
1.0,0.9436138899446748,0.9851508472085757,0.9296020231167761
0.184407649282795,0.5656235187319258,0.5304441626834582,0.30003169378782774
0.5464123647091377,0.6976641958068996,0.1980405957812103,0.13816583299281737
0.027268252064275005,0.816788610613001,0.13492099706070937,0.1102019337317376
0.24791802269705424,0.7474767405446893,0.8256016898211516,0.6171180600957019
1.0,0.8318969656153995,0.9988940474905599,0.8309769270786815
0.029604863907561587,0.38065791229266305,0.20602753373948,0.07842601086807666
1.0,0.7392001420694142,0.9973027026653861,0.7372062994964642
0.26906535304318774,0.5929444260905192,0.38871544428783344,0.2304866560257706
0.2989964295384099,0.49350833814328054,0.501092914134225,0.24729353130975493
1.0,0.759441308099148,0.9988928132822907,0.7586004647699409
0.0495000610669501,0.5346940983757854,0.46325818553450077,0.2477014178295722
1.0,0.7916893239451759,0.9199832250934149,0.7283408975151082
1.0,0.8328863835936747,0.9988646965969058,0.83194080484799
1.0,0.948929548239634,0.9972437811361118,0.946314090718275
1.0,0.8934005394047324,0.9965756714000985,0.8903412423864814
0.0,0.4608319785340459,0.6106918405067144,0.2814263291353072
1.0,0.5626388357832165,0.4643845177717432,0.261280764434844
1.0,0.7917551789058943,0.9809840456102069,0.7766991985359374
0.7101895043116079,0.46083661704337703,0.23930230279204406,0.11027926366937546
0.275755634300788,0.5091679159344998,0.4528033210556957,0.23055292331014882
0.04785567632908135,0.6077466708880284,0.466699016984324,0.2836347738789383
1.0,0.8884968884320915,0.99948797176588,0.8880419529392866
1.0,0.9001620131351895,0.9997728342392774,0.8999575271467021
1.0,0.8539309914278026,0.9990860098994524,0.8531505069550868
1.0,0.9160643132186418,0.9988771067879503,0.9150356708195276
1.0,0.9327494740358749,0.9995727703207468,0.932350975777259
1.0,0.5385902010638233,0.35247660801331515,0.18984044718018583
1.0,0.5927039937893843,0.6564796052454116,0.3890980838702339
0.19916188275213484,0.3778994472641512,0.22345973067046254,0.08444530870616389
1.0,0.9434595011807777,0.9998048050021631,0.9432753426054855
0.35531289619542755,0.5747623392003868,0.2208709699883066,0.12694831537193751
1.0,0.8564762632057866,0.9987144904591867,0.8553752547979555
1.0,0.8695649863375466,0.9991534707508158,0.8688288741425455
0.025412423175187146,0.5772770777994013,0.5703897913020587,0.3292729519294628
0.022763669403523798,0.7457104099361179,0.06503928211094068,0.048500469724900394
1.0,0.9291716651738114,0.9996950277605581,0.9288882936102574
0.9134644985856167,0.6736622508080278,0.364972755499318,0.24586836795327857
1.0,0.91932309606436,0.9941743597297158,0.9139674504145251
0.0,0.18592219162245224,0.4140883772478256,0.07698821862330052
0.0,0.4846671841581046,0.4832290196666695,0.23420524826532604
1.0,0.8361770233498013,0.9993081462914027,0.8355985111751529
1.0,0.8986587354648143,0.9997088234852753,0.8983970671462949
1.0,0.8505152525991345,0.9572050212215137,0.8141174704133757
1.0,0.7580494035380864,0.9559943093808091,0.7246909160119271
1.0,0.8300876268838324,0.9976504079928769,0.8281372596304943
1.0,0.8531972497964523,0.9979732263661887,0.8514680121061245
0.14714234511814353,0.6941791913415534,0.281547386556724,0.19544433712427442
1.0,0.910053745653532,0.9889089387537301,0.8999602838230913
0.16426351202900685,0.6555585630345969,0.5331694655461954,0.34952380868738786
0.01784081648345378,0.6944773812153855,0.052450677677046365,0.03642580927612744
0.0,0.2249589020375749,0.13749271289072895,0.030930209730065907
1.0,0.8792470043611096,0.9992901094427173,0.8786228352151946
0.10072288384246611,0.534431860012084,0.552048842464946,0.29503248969605905
1.0,0.928038582573456,0.9989234446278323,0.9270394976518076
1.0,0.7722430605707962,0.29819010668269796,0.2302752406165789
1.0,0.8609470317319845,0.9988690817133975,0.8599733709900027
1.0,0.8128829729551806,0.9693305293451351,0.7879522824702924
1.0,0.9146471867927404,0.9993093268151797,0.9140154645072514
1.0,0.885522586187071,0.9989022303030733,0.8845504863260107
1.0,0.8134022795526168,0.9990421248763923,0.8126231417435476
1.0,0.8546545045667377,0.9988560371683656,0.8536768115796245
0.0,0.2747274045327192,0.6517499758503256,0.17905357926962237
1.0,0.7469540662351575,0.9950366646627683,0.7432466827229236
1.0,0.8901840932550429,0.999338296645066,0.8895950554540272
1.0,0.9427624636852046,0.9996801913769601,0.9424609601198397
1.0,0.9415890322109967,0.9995645050421805,0.9411789749351307
0.27914447148065835,0.8957139218491192,0.9567306038667709,0.8569569213425815
1.0,0.9140854265690134,0.9990001072006912,0.9131714391330339
0.5146541366046361,0.6394801196374726,0.5971579301401666,0.3818706246084993
1.0,0.9388929415404909,0.9990291769294152,0.9379814426120341
1.0,0.9028795873394739,0.9990491251937725,0.9020210618868157
1.0,0.856804301069462,0.9990713476394064,0.8560086277327071
0.03655030863288475,0.5553793041195633,0.36665517345639764,0.2036326950860519
1.0,0.9428008133708032,0.9995460934589101,0.9423728699146694
1.0,0.7518612929276698,0.872641216102257,0.656105153000617
1.0,0.9409555951807564,0.997611043580292,0.9387076932709891
1.0,0.7384421250260657,0.9988449632543552,0.7375891972371286
1.0,0.8813062963301296,0.8732448150369992,0.7695961537297469
1.0,0.8966957069209143,0.9973290240662973,0.894300654267874
1.0,0.911540174060124,0.999333033063547,0.9109322069027773
1.0,0.8392861956326084,0.8584746437604381,0.720505917808757
1.0,0.6819114143053876,0.7610705951213016,0.5189827259054098
1.0,0.9351339725488976,0.9998181562752917,0.934963924304228
1.0,0.9194299246707821,0.9995044265619103,0.9189742796219305
0.35100600820277944,0.8338835504645643,0.6746681728160514,0.5625946913332892
1.0,0.9418528958809986,0.9338618127650662,0.8795604527054566
1.0,0.7559512260177264,0.8312932939733062,0.628417184759435
1.0,0.926991930859386,0.9996102374666959,0.9266306241360618
1.0,0.8991386132739074,0.9995351321733501,0.8987206326608977
1.0,0.7008660767887526,0.6828649014518621,0.4785968444573047
1.0,0.9436518021815027,0.9997390281416527,0.9434055356170546
0.0,0.5338367057965732,0.8063030496577247,0.4304341639030105
0.45160947536818924,0.3218159914936421,0.3133993359770974,0.10085691804091866
0.0,0.3837623589361676,0.26972697064110057,0.10351105852193518
1.0,0.7388996748016009,0.9601674607754527,0.7094674245220609
1.0,0.863004659940522,0.9947762601266917,0.8584965480875398
1.0,0.8256030236217755,0.999074166806087,0.8248386529375115
0.36880684837451594,0.368693281901159,0.21620684989902839,0.07971401305878405
0.03225123291987346,0.5020416245198359,0.37170371073671854,0.18661073477831336
0.07914839852851775,0.5912112486568869,0.6250071948745459,0.36951128410131856
1.0,0.9247051342841546,0.9998113631646579,0.9245307008339986
1.0,0.9563857812514869,0.9998076783603012,0.9562018475698519
0.6988488845969602,0.6769319670603224,0.6090778277905834,0.4123042520591079
1.0,0.9113608879254395,0.999333033063547,0.9107530403460168
1.0,0.9273257703936243,0.9992796055214173,0.9266577300287853
1.0,0.5913039838079905,0.9878169596395914,0.5841001035079874
1.0,0.9132266568836426,0.9989212764642528,0.9122415377953904
1.0,0.9578096286626219,0.9996955519081233,0.9575180253487944
0.04811659025607104,0.5349674039554262,0.2651751629682469,0.14186006852658012
1.0,0.9148758414530826,0.9990455617169093,0.914002648925725
1.0,0.885082241262763,0.9988390964657557,0.8840547461607843
0.036291359126842414,0.6030535611239999,0.27819271310739463,0.16776510631816158
1.0,0.9068148368863439,0.9978517504797055,0.9048667723480069
1.0,0.7314198197957118,0.9166034905368661,0.670421959872595
1.0,0.8335813267105142,0.998877768518826,0.832645855503561
1.0,0.8445482442715095,0.9990354717065516,0.8437336535947275
0.015320525194126744,0.5656033913637641,0.11258738134455873,0.06367980471324781
1.0,0.6052334010953294,0.7285392119511904,0.44093626508053
0.0,0.1603978674220979,0.12482057516462143,0.020020954066804954
1.0,0.950717780738936,0.9997647597297562,0.9504941336312693
1.0,0.8569402275500627,0.9988191935011385,0.8559283469602357
1.0,0.7627129426659007,0.7778786302356581,0.5932980991039588
1.0,0.9341338554830781,0.9997160422339649,0.9338686009202974
0.16874289914634225,0.5972132559756644,0.27669817739676256,0.16524781944565256
1.0,0.8840032885205986,0.999333033063547,0.8834136875554397
1.0,0.9329306956956711,0.9988278498776485,0.931837160866566
1.0,0.9544422357032074,0.9997989473095718,0.9542503425238609
1.0,0.9257656694534115,0.9939889755800094,0.9202008694071382
1.0,0.8638703917528413,0.9938998281469636,0.8586006339043991
0.5808249797841732,0.48218755942872255,0.5378451316846626,0.2593422313976474
1.0,0.8075662726231496,0.9609025489743586,0.7759924898293062
1.0,0.9671748875668682,0.9965745346165282,0.9638618634697447
1.0,0.934918148092949,0.9990634580056823,0.9340425579860102
1.0,0.9302831620673591,0.9993691069514408,0.929696252887219
0.11630140743791055,0.5797711511228472,0.7501594856461412,0.4349208285187862
1.0,0.9304593779285665,0.9994155063687912,0.9299155303480687
1.0,0.5611480648981769,0.9451641464029672,0.5303770317651623
1.0,0.8841014986063181,0.999370102783555,0.8835446055332912
0.0350270011277295,0.6567048267498908,0.19792033878063842,0.12997524178921885
1.0,0.8231221322243937,0.9978726412095807,0.8213710561208175
0.08255439905398741,0.6519879335578203,0.6827441423724566,0.44514094253412423
1.0,0.9311171477519522,0.9973655444684557,0.9286641610315414
1.0,0.9216328040877387,0.997101430082737,0.9189613869670472
0.0,0.7933535019514347,0.9989656325884662,0.7925328829431899
1.0,0.936385258243883,0.9997921116529922,0.9361905946603841
0.5313907018531596,0.6255985677735447,0.5702586036449219,0.3567529657008046
0.5614438929129427,0.6775405388340546,0.5924029060838016,0.4013769841948788
1.0,0.9287224058845512,0.9991036402900985,0.9278899365382335
1.0,0.9022733477488808,0.9994159366626673,0.9017463629662082
1.0,0.9334420758006928,0.9990115114595093,0.9325193790055519
1.0,0.8941369677838585,0.9991518253284808,0.8933785834549153
1.0,0.9044655381847261,0.9997705355447506,0.9042579954927147
0.9019363368311234,0.6277890195449077,0.8667112813046165,0.5441118255187359
0.0,0.4336080031288936,0.48404795434629017,0.20988706690272071
1.0,0.8746844469513557,0.9992669185859689,0.8740432320401537
1.0,0.7452086186090123,0.7515130306040742,0.5600339874031345
0.1582145736624442,0.6657466845859785,0.5865565310073426,0.39049806584039104
1.0,0.7738964181243934,0.9763543105919443,0.7555971037874172
1.0,0.8899307665990484,0.9986303988701962,0.8887119164156672
1.0,0.862464648579211,0.9988913017556214,0.8615084355374926
1.0,0.8876992852162421,0.9991960237783418,0.8869855960989452
1.0,0.8049815086131616,0.9738773553448284,0.7839532627096761
0.4877686309958678,0.6383533320396835,0.7541546559382539,0.48141713749142545
1.0,0.9464878605287008,0.998726966783098,0.9452829500428533
0.44115178889889084,0.7260586614395437,0.7309589603924512,0.5307190843497835
1.0,0.9255961978995504,0.9996694424895024,0.9252902351246467
1.0,0.903404804311477,0.9956720620645164,0.8994949243877992
1.0,0.9457858761624373,0.9964110406126782,0.9423914890637877
1.0,0.918785060690462,0.9992560107729115,0.9181014945032984
0.018083570404384058,0.40337859595910514,0.06194021787097216,0.024985358118193822
0.6703774129816467,0.6089668901699262,0.4327919313822079,0.26355595654445924
0.7873556784284498,0.6865475746642383,0.9535105490905894,0.6546303548949103
0.3278964532339338,0.18157940886524923,0.17009224139620024,0.030885248645287314
1.0,0.8960594580504132,0.9994159366626673,0.8955361025728957
0.2789423795398199,0.8539588091879158,0.7048032020456396,0.6018729031307244
1.0,0.880835292641983,0.6552884085935959,0.5772011571484394
1.0,0.8023432649984605,0.9980208036754702,0.8007552701573644
1.0,0.9289992041967666,0.9990736186186421,0.9281385966307024
1.0,0.9341871972277014,0.9998086613383694,0.9340084510996715
1.0,0.8071144626985369,0.9565006383428453,0.7720054987868932
1.0,0.8039158324652775,0.833518038212654,0.6700783475645508
1.0,0.9287491046495027,0.9988223526498871,0.9276553657274924
1.0,0.910009059348099,0.919578588745453,0.836824846540902
1.0,0.8440813732342647,0.9986339642577731,0.8429283279090787
0.2756076625623521,0.4039791910575795,0.4596522395977704,0.185689939920512
1.0,0.9100918777090893,0.9995957119188733,0.9097239384102013
0.28684100361466974,0.669727898859032,0.7258865384693755,0.4861464662191507
0.011705309842034942,0.4092978299476744,0.10444294507781167,0.042748270773692455
1.0,0.9348825220433586,0.9998190597479559,0.9347133641641885
0.9987499997222309,0.9685032306971276,0.987472081591988,0.9563699012450579
0.7950439400434328,0.5443027806957857,0.7519784348224181,0.4093039530971069
1.0,0.767851429726598,0.9209632396432192,0.7071629402856854
0.06144048147633306,0.3075578564058014,0.2317266862918581,0.07126936290794349
1.0,0.604005692059083,0.712792035790774,0.43053044687200914
1.0,0.554919024234849,0.5503415571240091,0.3053949998751425
1.0,0.8890991541415885,0.9988671201057572,0.8880919115858732
1.0,0.9201541525866099,0.945341738664754,0.8698601264458192
1.0,0.6368544002508404,0.9966635481771382,0.6347295662262259
1.0,0.9205522946190423,0.9997831428480939,0.9203526662702506
1.0,0.9310158698440882,0.9989354158977597,0.9300247251501188
1.0,0.9072927098697603,0.9896472873992712,0.8978997691997422
0.31366822810688855,0.7287057916818509,0.48602166820390663,0.35416680450306165
1.0,0.8843384952189036,0.999231748560042,0.8836591008965414
1.0,0.8688964683265898,0.8503469188491388,0.738863434640414
1.0,0.9470584090037739,0.9988283226897429,0.945948762154456
0.3121764306718571,0.38377598251409756,0.2872218126966654,0.11022883336714287
1.0,0.9299577526293734,0.9975375768295939,0.9276678031118001
0.7901848375058074,0.6126866618353934,0.9299643897867911,0.5697767776042577
1.0,0.9557675995832379,0.9998023978771531,0.955578737876612
1.0,0.9415613598617756,0.9910155807653197,0.9331019778696017
0.0383593679742121,0.5009825507422627,0.2770280439725143,0.13878621609648992
1.0,0.9258957512708801,0.9972643181373877,0.9233627950574586
0.7355374309627729,0.4305760087001096,0.4279037502862481,0.1842450889060611
1.0,0.8158419139528975,0.9930776119824651,0.8101943396635473
1.0,0.9378138334495353,0.9995543744124242,0.9373959196089676
1.0,0.9283024088106909,0.9997831428480939,0.9281010997942086
1.0,0.6400677485202931,0.6516269937676321,0.4170854227758954
1.0,0.8022450383334558,0.884624583884219,0.7096856832089128
1.0,0.916838756615465,0.9998207809954905,0.9166744416862087
0.14733281277703753,0.7792960119507392,0.19593049110535038,0.15268785033794932
1.0,0.8406403070210964,0.9987175235875063,0.8395622056559504
1.0,0.8628328108357057,0.9972211314391335,0.8604351118643903
1.0,0.9669974804390784,0.9965568137247486,0.9636679279862279
1.0,0.7198832746156715,0.9832155240235475,0.7078004110870347
0.17101453796708035,0.7117788634001322,0.2487310227149318,0.17704148464038663
1.0,0.8515772670616438,0.9775275672737641,0.8324402542164092
0.03473786850675776,0.565134133965906,0.3307418722067918,0.1869135215158476
1.0,0.8016679298716661,0.9988817710985195,0.8007714816230936
0.024657815589746314,0.477349179414023,0.32153467922062456,0.15348431527911624
1.0,0.931426200367883,0.9995304919556102,0.9309888882740549
1.0,0.7591989618853663,0.9935276983356863,0.7542851971808104
1.0,0.930828398652146,0.9997916930638117,0.9306345006403056
0.2274986205049614,0.6830843660920912,0.2827035062117791,0.1931103453326847
0.011730024741602105,0.5777706662154659,0.13504920293435865,0.07802746795125205
0.030455706681463784,0.6573526108470503,0.5598416296357969,0.36801335690195847
1.0,0.8243289397109127,0.6358747206167205,0.5241699342349541
0.5103228189247494,0.8914231268656985,0.5102999272816536,0.45489315681675024
0.1253937887533177,0.6919121312424117,0.6124461801149739,0.42375894175462553
1.0,0.8006181774956191,0.9992513335230377,0.8000187815052816
1.0,0.9485864489959781,0.9998207809954905,0.9484164442768979
0.11002656454984913,0.2993363585011258,0.3663148240650581,0.10965134550061505
1.0,0.9273715507072176,0.9997831428480939,0.9271704435539724
0.1116600268693581,0.21491493530422903,0.28329564755469233,0.06088446576618637
1.0,0.9254354782764453,0.9585537689213807,0.8870796655954472
1.0,0.8220700911513319,0.759992904279242,0.6247674360952019
0.40238445956680435,0.4722887956249102,0.43650058520142115,0.2061543356743477
1.0,0.9135234505750671,0.9972563885056402,0.9110170971357022
1.0,0.6349809354304692,0.7433538384114162,0.4720155156703109
0.028921034563392886,0.7357713193870842,0.2344693746403347,0.1725158411349836
0.0,0.49912126411299906,0.5264547551408151,0.262764762884183
1.0,0.7470989276757786,0.5760239097015378,0.43034684525362843
0.5997657584566675,0.6273170513781249,0.28205119307620685,0.17693552277824828
1.0,0.8758636832627422,0.9354029835908375,0.8192855025428294
1.0,0.913787035795549,0.9981408814777598,0.9120881973919185
1.0,0.9470030433416204,0.9997624716872403,0.9467781033065572
1.0,0.7766403558988653,0.9990579384886732,0.7759087129114298
1.0,0.8500758009249931,0.981508140190959,0.8343563183872299
1.0,0.7268048391058772,0.9485524498693395,0.689412510710771
0.046463729858478645,0.5850670206552907,0.5686716500972331,0.3327110280535161
1.0,0.7819440863795087,0.8476221964993669,0.6627931640366899
1.0,0.9429818677163653,0.9995369664649989,0.9425452354887146
0.7578730757910902,0.589942472303232,0.6506416992691857,0.38384117265043943
1.0,0.7887287470686388,0.9982831364567437,0.7873746074372785
1.0,0.9148014177013153,0.9975913939822115,0.9125980215015584
1.0,0.7249635908179495,0.9907102820928398,0.7182288835662889
0.9523559269965498,0.554152308388804,0.499463900005332,0.2767790731448295
0.7983612225899167,0.6838236265119462,0.6250800226474104,0.4274444879469216
1.0,0.9151643974997057,0.9996292315284283,0.9148250833948078
0.584201378409056,0.6614102629280264,0.5069269085298436,0.3352866598560154
1.0,0.7959002759524253,0.9195619099163731,0.7318795778577806
0.25247126059460473,0.527288072068693,0.3722223552231149,0.19626840806646445
1.0,0.7810292988513687,0.997446828285633,0.7790351969374496
0.0,0.29517131114661965,0.36476682083103446,0.10766870076748053
0.5103756169290258,0.9438184686771423,0.5106739668405218,0.48198352137670303
1.0,0.9402302242225115,0.9994491348973911,0.9397122842035691
1.0,0.9462310496068933,0.999726445456045,0.9459722038036421
1.0,0.8792325942995626,0.9791181539983483,0.8608725946657665
0.10840099355760059,0.656779421962878,0.3868350160901145,0.254065278262666
0.943686941248558,0.4157484892073331,0.9512763634257452,0.3954917109128995
0.3681190045039282,0.7044768783395177,0.8407807045741233,0.5923105661264786
1.0,0.8505576682273989,0.9992027263291439,0.8498795409929764
1.0,0.9397020078121757,0.9560762336443603,0.8984267563771082
0.03270427594721701,0.8816167707358217,0.2133190941980869,0.1880656909632079
1.0,0.9371277160881184,0.9992741699903763,0.9364475206689316
1.0,0.9395969582651453,0.9998113631646579,0.9394197156684412
1.0,0.8937071863746201,0.9562430581560452,0.8546012929949013
0.3077322624946529,0.6590069807727797,0.665686545922094,0.43869208076917954
1.0,0.9182589423650722,0.9996607488673319,0.9179474219787923
1.0,0.9175721460377071,0.9920759042762523,0.9103012165190597
1.0,0.8146231796985504,0.9989538929743835,0.8137709966670377
1.0,0.5401062481817774,0.34445698853809326,0.18604337173930308
1.0,0.8441684038323085,0.99923786593497,0.8435250343351259
1.0,0.904581960925042,0.9988483764672509,0.9035402230515404
1.0,0.7769598399954474,0.9808815419328635,0.7621055658746453
1.0,0.9349312486269907,0.9996166306176084,0.934572824611626
0.06577356047276435,0.7413833884051735,0.237002818600736,0.17570995271579032
0.705465939410936,0.5649285378319787,0.11322263884442049,0.06396269981185666
1.0,0.898629739220555,0.9989284883026024,0.8976668469433509
1.0,0.6873193622402443,0.9971678561165167,0.685372774912476
1.0,0.914730087649116,0.9998331968505768,0.914577507789624
1.0,0.9544055289282032,0.9996801913769601,0.9541003018101749
1.0,0.9584912312434191,0.999711887090712,0.9582150775462585
1.0,0.8785090802065931,0.994251557057283,0.8734590208843667
1.0,0.9308356545282122,0.9992574471003737,0.9301444598138666
0.010674277451174254,0.5962583709623018,0.05831362191538174,0.0347699852081771
0.05525288485558062,0.5157250678967329,0.4806140559971962,0.24786471666127818
0.018437734511016754,0.3718227811245076,0.2731486159133183,0.10156287802919994
1.0,0.824087219308189,0.9993444990048714,0.8235470293158597
1.0,0.9318716118911246,0.9997018623838119,0.931593785910162
1.0,0.9393684195105132,0.9997790090178027,0.9391608275608404
0.9682324795371291,0.6487094745017127,0.5032765446348038,0.32648026279908127
1.0,0.8854219094627384,0.9971375541033015,0.8828874371511498
1.0,0.9323406309431528,0.9997738510704786,0.9321297831075156
1.0,0.8951640695824848,0.9771740892739671,0.8747311344450427
1.0,0.909044362070872,0.9667380022626542,0.8788077305565237
1.0,0.9462701261756901,0.9989956407299464,0.9453197310024907
0.33092202033290824,0.45113845088586274,0.496403291121037,0.22394661177098857
1.0,0.9001418455383005,0.9974768926432188,0.8978706910256762
1.0,0.927074435595445,0.9988771067879503,0.92603343000465
1.0,0.887845881183189,0.9997397967291738,0.8876148607809156
1.0,0.8213851828758852,0.9887237972325323,0.8121230770035832
1.0,0.9299085973893091,0.9995675874018286,0.92950649319665
1.0,0.9033402817072868,0.9998113631646579,0.9031698784553085
0.03585999373133719,0.6118337948908785,0.32433066146104395,0.19843645940117932
1.0,0.9636422237327286,0.9996169169225585,0.9632730687041084
0.0,0.6223580856378192,0.3586612020349223,0.22321569909101335
0.33454603664018573,0.5990959437971939,0.10030480216657806,0.0600922001213769
0.17981788190272696,0.317609832744215,0.5736051178555053,0.18218262554331277
1.0,0.9572888526175709,0.9997088234852753,0.957010112585881
1.0,0.8537729326505439,0.9978808494859525,0.8519636593014376
1.0,0.8861713239269716,0.9925963701457451,0.8796104394571613
1.0,0.7909354248960798,0.9983763467506347,0.7896512200234092
0.0,0.48205638360034486,0.9369172420461411,0.45164693743357176
1.0,0.9268432311520169,0.9992305605528057,0.9261300814086035
0.047889029577013804,0.558972848840044,0.28570028107399675,0.15969870002633327
0.05616848142605231,0.5804758616493605,0.546708183875847,0.3173509041060893
1.0,0.8129906920130319,0.9988388380727661,0.8120466781742708
1.0,0.9009872971596249,0.8476093783937148,0.7636852828861028
1.0,0.8219173791707057,0.9982673001850063,0.8204932430798766
0.19842672445436552,0.5409421899887932,0.2717147057765801,0.14698194799494382
1.0,0.9037576744734938,0.9993830304817394,0.9032000835364495
1.0,0.8675232539956744,0.9992831090686113,0.8669013344421161
1.0,0.8592883107803668,0.9988967210052192,0.8583402760366222
1.0,0.9048750615173727,0.9988974055755654,0.9038773513197338
0.07001196862419756,0.485124615523437,0.25062108368143254,0.12158245686302209
1.0,0.7931535866050595,0.9781745814575531,0.7758426776089612
0.02250855848988194,0.596050586903928,0.5063778839713912,0.30182683493631685
0.0,0.1504906535619397,0.5697948747317217,0.08574880309462037
1.0,0.9202405181518385,0.9988824723042758,0.9192121238860763
1.0,0.9380827417190117,0.9968958367539085,0.9351707797503748
0.09412329825534835,0.46876581956054286,0.309939623667576,0.14528910170281747
1.0,0.9498771411437821,0.9984402292271882,0.948395550541264
1.0,0.8554938049957218,0.9979869450185161,0.8537716489299466
0.02060194936773863,0.6993403237666215,0.46031443394447047,0.32191644526917507
1.0,0.8968486844417417,0.976660554775836,0.8759167336968502
0.6270859717513716,0.6317938849531068,0.3703371520158019,0.2339767480145328
0.041051915705113295,0.6028567033377881,0.22648324995604166,0.1365369454297275
1.0,0.8932773413727682,0.9997142782388981,0.8930221125976388
1.0,0.7690167649720958,0.9978818506808325,0.7673878726349418
1.0,0.741476201634796,0.8819103959035907,0.6539155705368336
0.0,0.9511398983022111,0.9997623563242868,0.9509138659206611
1.0,0.8250352084337098,0.969188263020428,0.799614440592564
1.0,0.9163079443654449,0.9921203199527163,0.909087730939061
0.0831393279066423,0.6013530992367125,0.20385718680605597,0.12259015108749922
1.0,0.926136770365096,0.9992560107729115,0.9254477345851339
0.4162789181011413,0.5665198664144119,0.45903654289157486,0.26005332095826844
1.0,0.81247607709827,0.9975898876808607,0.8105179184958494
1.0,0.9727656937454456,0.9180655478351286,0.8930626695436314
1.0,0.8739690308795649,0.999328509689097,0.8733821691433
0.021764036085636183,0.5912367590964044,0.33225817489928394,0.19644324651073894
1.0,0.9465782048613886,0.9970719851616449,0.9438066098318908
1.0,0.5249475575437672,0.29328721791279,0.1539604087021257
1.0,0.9414564787140387,0.9993449111838397,0.9408397411039315
0.038477627975369584,0.6091270037981669,0.7229902566254611,0.4403928887935349
0.2602569751393606,0.9013896134308459,0.8823890495808098,0.7953763242972576
1.0,0.9349653882412063,0.9997142782388981,0.9346982482839088
1.0,0.6688271409138321,0.9888187392085172,0.6613488102268527
1.0,0.7328869660261995,0.8277427168947645,0.6066418484352873
0.27916395710819003,0.7927257308659332,0.8023310212466778,0.6360284452141832
1.0,0.8426351631722322,0.9992673095163653,0.8420177724069999
0.0,0.3167725949846001,0.40176687929172333,0.12726873693210378
0.08640128377888762,0.7256852314795155,0.8191596125628808,0.5944520330613644
0.42643553979418714,0.7016002672809077,0.5050215743653059,0.35432327155732346
0.16221057525021418,0.5103022542688211,0.4236200676379477,0.21617427546915519
0.23866923313726834,0.6907472174655035,0.6739585394806853,0.46553498583339803
0.22010429542039955,0.5789802547543214,0.642812957835291,0.37217601008685564
1.0,0.7765655083419684,0.996819575673657,0.7740957005082386
1.0,0.7924007557348041,0.9917416110299504,0.7858568020737848
1.0,0.92484895662829,0.9997880309206316,0.9246529172463988
1.0,0.9436118709955399,0.9992930225213046,0.9429447586541164
1.0,0.9343317281128333,0.9962228612373246,0.9308026275253808
1.0,0.7975557906958745,0.9984108544827685,0.796288358486348
0.17753069864270385,0.7234490796187196,0.9539971786947998,0.6901683808856082
0.04198306997651951,0.2567862252671587,0.2219456573536225,0.056992587566274934
1.0,0.7623512208349165,0.9550487662168944,0.7280825928823301
1.0,0.942231449077364,0.9957376611304479,0.9382153393478472
1.0,0.7053724855452667,0.9533774569786538,0.6724862264918586
0.9375132528161382,0.671908094011315,0.8182085341738639,0.5497609367005528
0.1250542636072139,0.7120202164299466,0.4522050710703692,0.3219791525742437
1.0,0.9078814322515558,0.9998086613383694,0.9077077194333896
1.0,0.869207730838339,0.9993125427377053,0.8686101876713315
0.5582127536947263,0.8036822154829055,0.7357312528840925,0.5912941233179012
1.0,0.9367004131694437,0.9995590955713499,0.936287417808959
0.3170876873604237,0.6550858734277561,0.33225592435536394,0.21765616240788008
1.0,0.8406800329670187,0.998659148453299,0.8395528058445342
0.3926179366724289,0.5155691877773311,0.24444897719716593,0.12603036062654216
1.0,0.8406142215761168,0.9884794891888502,0.8309299163484428
1.0,0.9460736758807861,0.9997881710125277,0.94587327005195
1.0,0.7741648584051865,0.7794604217685365,0.603430867050886
0.34538438587935694,0.47878424839110545,0.31712995590174703,0.15183682757872236
1.0,0.9697998656767521,0.9829911137101766,0.9533046500375703
1.0,0.4430650581836684,0.6139330211183587,0.27201226972268094
1.0,0.7899087770692046,0.9998884537703085,0.7898206657233223
0.013699972474438464,0.5847087042025939,0.20646818438785616,0.1207237445524856
0.35513742046940394,0.7414410496740803,0.849931573873397,0.6301741582838346
1.0,0.9008747345173314,0.9997720703530848,0.900669398457178
1.0,0.8173166763020702,0.9975032203475978,0.8152760166551101
1.0,0.7166189814004871,0.9173858057517252,0.6574160816690664
1.0,0.9325336499684007,0.9989253153782784,0.9315314703955418
1.0,0.9599232344013799,0.9997478668319415,0.9596812059151973
0.2789000553684117,0.7320883108892202,0.7488126395992586,0.5481969804967196
0.9867297109523191,0.5988620783850734,0.2090154437397823,0.1251714230525844
1.0,0.8903552056471961,0.9992667367546446,0.8897023408995841
0.09644495558542515,0.48399605684400526,0.143248273303606,0.0693315994286577
0.19110752566760683,0.4390257971868507,0.37874680264441163,0.16627961696293364
1.0,0.9422640477959853,0.9998181562752917,0.9420927029918753
1.0,0.9437854198210326,0.9995401482089118,0.943351418405325
0.8907282162058876,0.4113692130205915,0.25283243295803587,0.10400747897202867
0.3955952425160658,0.6330607460320442,0.32828242809913794,0.20782271884165118
1.0,0.8120059017454494,0.9990503695796581,0.8112347962396548
1.0,0.9285395437321285,0.9917022941546938,0.9208347957325045
0.05467463519772408,0.7583789063016296,0.4479992163937409,0.33975315575267234
1.0,0.6595282606032508,0.7506975561543944,0.4951062534496189
0.019985566193209934,0.5201730763981226,0.2597735790117083,0.13512722176147107
1.0,0.8695116695378395,0.998809517384379,0.8684765310111751
0.11621795488003873,0.5974714396248823,0.2899506429541658,0.17323722806598565
1.0,0.9493768458867509,0.9997303641021557,0.9491208598085176
0.06976242907851131,0.3409148076894221,0.22130666985983627,0.07544672079565251
1.0,0.8812754143086106,0.9835827427075587,0.8668072890864034
1.0,0.9463957253560167,0.9994380295362818,0.9458638789113775
1.0,0.7586637507938722,0.9735813665369296,0.7386208912399307
1.0,0.5857230172713378,0.9961282792166599,0.5834552612920877
1.0,0.8659949350188174,0.9988447590347626,0.8649945021941955
0.0,0.8773775403098112,0.9989311870459704,0.8764397878291534
1.0,0.8541595718799342,0.6623966150351938,0.5657924091131786
1.0,0.9065256703919229,0.9983225303211617,0.9050050010667519
1.0,0.9434644191179803,0.9979319130909956,0.9415132527036909
1.0,0.9494734026087834,0.999315794044714,0.9488237672523329
1.0,0.9345614081973699,0.9992118420249043,0.9338248261702825
1.0,0.873059856522936,0.9972846915156481,0.8706892296871723
1.0,0.5540115188940125,0.6475296883104481,0.35873890614983783
0.06402545423454069,0.4505386297253623,0.260329482495271,0.11728848832053208
0.0,0.44303372591620144,0.52602136507599,0.23304520528114228
1.0,0.8723892383305369,0.9791517452674954,0.8542014452639263
0.06518776606853355,0.3695952465196043,0.38674587412833217,0.14293943668890077
0.5965514732213916,0.5728449257173118,0.5722762988523665,0.32782557390586203
1.0,0.8973499886337305,0.9827077342373896,0.8818327741482006
1.0,0.9518331880793474,0.999406319604587,0.9512681033758812
0.05030682879181463,0.5200133115098251,0.3270667189538798,0.1700790476078603
0.3283783655701075,0.6273345870132486,0.5170735375493517,0.3243781141340021
1.0,0.9182423604998853,0.9981067372974841,0.9165038864868807
0.2758377695430125,0.8589046460155805,0.883294509712552,0.7586657581921652
1.0,0.9414554903411326,0.9997142782388981,0.9411864960204334
1.0,0.8880972528774569,0.9631671128944457,0.8553860670234686
1.0,0.9487173357498818,0.99965356050949,0.9483886625994465
0.6611686617012659,0.5540500191370068,0.5121098081352577,0.28373444899758843
0.0,0.04394066578484807,0.33124422645122714,0.014555091847653903
1.0,0.9441210478585984,0.9997665931627165,0.943900683550805
1.0,0.7848400050632292,0.9999341390862306,0.7847883147833329
1.0,0.7488739894674,0.9888291264255354,0.7405084128078548
1.0,0.9317269982144971,0.999487530574376,0.9312495166148838
1.0,0.8795872565295206,0.9990208854798814,0.8787260398749414
1.0,0.9402742834688457,0.9992574471003737,0.9395760800732118
0.12224633774088119,0.6179127808598625,0.34112841962169177,0.21078761039876964
0.014534037908031835,0.6489624328885444,0.2673136275061046,0.17347650205062376
1.0,0.8781264919991102,0.9947575002455311,0.8735229140804123
1.0,0.757763837163552,0.8112005708387988,0.6146984572680719
1.0,0.7683633885931112,0.9988077304301116,0.7674472923062753
1.0,0.8246534908047258,0.9915969135030924,0.817723856191517
0.29284217668353113,0.43941362788560245,0.34799292271948623,0.15291283265068353
1.0,0.910711809382639,0.9998045275080785,0.9105337902758366
1.0,0.9412608179977114,0.9995742642422428,0.940860089610114
1.0,0.6363163262231156,0.8733758852023825,0.5557433346838416
1.0,0.5971839258977085,0.6400685260234065,0.38223863521421747
0.12471866730870569,0.6072108681452528,0.16141280381506212,0.09801160873430324
0.9446896020024986,0.7879753555556505,0.5213819585773479,0.41083613419028714
1.0,0.9299677073329506,0.999779458043737,0.929762610435514
1.0,0.9150584121240735,0.999750236667166,0.9148298640853235
1.0,0.9261227979902177,0.999252216927649,0.9254302590389623
1.0,0.9496812087108182,0.999454488550755,0.9491631467383336
1.0,0.8622858407572711,0.9796585775607813,0.8447457202070706
0.0,0.41668345351314917,0.2657810126610151,0.1107465502338138
0.5744245540431335,0.43921988914949944,0.2710631892479198,0.11905634393398111
1.0,0.8371480350759368,0.9978754878571476,0.835369503910053
1.0,0.6381848922650233,0.35493631260496117,0.22651499242074177
0.061316026451255404,0.6873847925426084,0.5765736012498774,0.39632792528069166
1.0,0.7402148479107106,0.9629359881580384,0.7127795160221522
0.4457124248028161,0.6276768262170604,0.3360213673109789,0.21091282537487235
1.0,0.8653731426905767,0.9718282110409704,0.8409940331438857
0.06948151629933243,0.5758025613532465,0.30178149632524615,0.17376655855309206
0.0,0.6429148408962087,0.9996869844875939,0.642713598577852
0.5371709958658044,0.573754842240819,0.3734854925776959,0.21428910987315047
0.5103085648041892,0.8499146395662999,0.5264863085717056,0.4474684211863129
1.0,0.8762172317720343,0.9992996012585675,0.8756035303256797
0.05585934673696207,0.6534796525623895,0.13618243345313533,0.0889924492980556
1.0,0.9566626615746151,0.9997746796475029,0.9564471060064883
1.0,0.7051861305151871,0.4202142604290461,0.2963292682992601
1.0,0.839742280195981,0.9992667367546446,0.8391265280463424
1.0,0.8797417223400203,0.9993906100917609,0.8792056166125695
1.0,0.9548000303604023,0.9971627526764689,0.9520910265297549
0.057396209178235895,0.6223739566151913,0.12452875560691996,0.07750345433944497
0.16611457891317463,0.667088890114908,0.2471066101841144,0.1648420743277781
0.4248303949720918,0.9197082093273343,0.7291281433663204,0.6705851391056024
1.0,0.9597226974212444,0.9997374892719266,0.9594707599171958
0.33598219052115325,0.4844745395519934,0.28712149692644356,0.13910305501891781
1.0,0.9060052171133478,0.8622022481707724,0.7811597350495773
1.0,0.9526910562667862,0.9995265708525187,0.9522400245522048
1.0,0.9345387243155647,0.9992574471003737,0.9338447798760111
0.4949052119212272,0.6609432302785099,0.3996030439013218,0.2641149266652648
1.0,0.846856265316413,0.9989327657412983,0.8459524712978711
1.0,0.667322769409873,0.49495378443009763,0.33029393015579006
1.0,0.8583161729370236,0.7797164346938033,0.6692432262024859
0.08469933003382957,0.45184180277519564,0.48221849937913996,0.21788647609102016
1.0,0.8939411700872766,0.9996886411299128,0.8936628335746338
1.0,0.6889010647017603,0.8361953995520699,0.5760559010501348
1.0,0.7856356037152704,0.9874404468992232,0.7757683716325476
1.0,0.9391254735409034,0.9997807730128696,0.9389195918928016
1.0,0.8323884557584695,0.9980403365250607,0.8307572545047586
1.0,0.9390763088681081,0.9712506702198691,0.9120784943757508
1.0,0.5041943355191257,0.6438476515883536,0.3246243388681395
1.0,0.33702255019549626,0.638625058274313,0.2152310457583564
0.637341548725409,0.6298096920834751,0.8150514555327456,0.5133273062412668
1.0,0.9426369863818959,0.9997680022495524,0.9424182967215666
1.0,0.9497649679308663,0.9972442191834671,0.9471476238520273
1.0,0.9365435670675236,0.9997993695607542,0.93635566792029
0.3023728015196534,0.5946276939684797,0.4027566317145405,0.23949024714692949
0.9344266692513654,0.4942435639592283,0.27667390781284845,0.1367442982519492
0.03356008701833184,0.5014379149518091,0.3134438358902526,0.1571726235233053
0.0,0.5428720673752766,0.9992419583211979,0.5424605477219486
1.0,0.9601149486397581,0.9997705146132955,0.9598946162894887
1.0,0.716045509272031,0.9386376571211629,0.6721072792152292
1.0,0.6732087786378612,0.7744271308950377,0.5213511429338714
1.0,0.7705442902157281,0.3228753561089189,0.24878976210109735
0.11755169064254113,0.23323333041721672,0.2886780835585416,0.06732935084681822
0.3949217166273974,0.6707305571735727,0.32465916007028695,0.2177588193254477
1.0,0.9220932798210484,0.9998113631646579,0.9219193390628527
1.0,0.916065747927385,0.9996711800261161,0.9157645272120756
1.0,0.7309228985089785,0.8905634778745956,0.6509332385543359
1.0,0.5663683573560353,0.5013147222856421,0.2839287957793161
0.40836248710265266,0.7729483410015172,0.5185923126747268,0.4008450677380702
0.43156340202007154,0.4851048496896888,0.46245302263175275,0.2243382040323187
1.0,0.9415962422218783,0.999028223802099,0.940681221405654
1.0,0.785008959649599,0.9724912677298696,0.7634143583489447
1.0,0.8481465709016294,0.9993182855273757,0.8475683771093391
1.0,0.9112636668418672,0.999333033063547,0.9106558841056928
1.0,0.9436834270779574,0.9983711628912587,0.9421463204930286
0.12332182317631876,0.6168804321486433,0.3902544458010282,0.24074033117366755
0.014943286324203818,0.5379502120340706,0.09936456492611992,0.05345318877067938
1.0,0.6454924432345124,0.784452116955419,0.5063579135740389
0.337980047354171,0.6212301421959652,0.3812321818648695,0.23683292254959093
0.1266872969159651,0.5469449983795489,0.1127400122468518,0.06166258581566468
0.5086664446614663,0.42415149038567884,0.24513812538925442,0.10397570123420367
1.0,0.9603142599226322,0.997611043580292,0.9580201110064528
0.015639886545355065,0.5029391543225078,0.15637979795165238,0.07864952333492868
0.12370298769494086,0.692054499765487,0.49492402464822893,0.34251439829985164
0.5008869801519241,0.7911664604987857,0.7582813258968676,0.5999267526721509
0.12060340681257868,0.6594945775334758,0.5632867358442859,0.37148454788583796
1.0,0.8877316544394054,0.9993001268826192,0.8871103549190152
1.0,0.9587679828227454,0.9998207809954905,0.9585961533793084
1.0,0.7301411275451224,0.952531066899784,0.6954821072079667
1.0,0.8821220281296721,0.9750735603034919,0.8601338665905364
0.03303239900767997,0.6997938641802998,0.16122502924178414,0.11282428621568995
1.0,0.9089946090288865,0.9997599677164045,0.9087764209771053
0.3245336538865866,0.6954768763137387,0.31703280688920094,0.2204889862242782
1.0,0.8871068110302773,0.9991824002382422,0.8863815127129253
1.0,0.8819894285255906,0.9979220507193878,0.8801566992270783
1.0,0.8166975200353704,0.9702157981814851,0.7923728362739563
1.0,0.8375172905595023,0.9989703950200299,0.8366549785863312
0.198689994557183,0.6488103215935724,0.8308937068746005,0.5390924131673851
1.0,0.9506046924552368,0.9994022707901385,0.9500364882635249
1.0,0.9230639915861178,0.9989647636113835,0.9221084021530064
1.0,0.8709060018146951,0.8790583095889448,0.7655771577660924
1.0,0.6695778447241213,0.8364261488380133,0.5600524180098541
1.0,0.916761554666065,0.9823396718898484,0.9005712448118897
1.0,0.5501286853411359,0.40112471654768433,0.22067021297221337
1.0,0.8353957986573017,0.9992606837008399,0.8347781769271045
0.21231501759359325,0.5685363728304222,0.5079929698228487,0.28881248048643654
0.6375561166498326,0.6185917447520296,0.5429144048019682,0.33584236891745917
1.0,0.7413653276777766,0.4455742966879088,0.3303333344688264
1.0,0.9080192906678805,0.9988950036907837,0.9070159327029952
1.0,0.7576731148680881,0.7325654377109113,0.5550451370351306
1.0,0.9332650799931959,0.9993264756953936,0.93263650327918
0.9987499997222309,0.9685032306971276,0.9780612652177681,0.9472554951831287
1.0,0.9234117321109587,0.9992680199964066,0.9227358131879699
0.09828754363962908,0.595267351784841,0.5942755071480641,0.3537528073706215
0.5396367291171941,0.7300809280657313,0.7415493545437184,0.541391040971822
1.0,0.8497265167512101,0.794392738454317,0.6750165745792419
0.2654747625685395,0.6503192342809528,0.43976838208226093,0.2859898374967094
1.0,0.527827065168195,0.5875753919560112,0.31013819470119325
1.0,0.847131423401884,0.9967082708925814,0.844342896237663
0.08854548983121623,0.610399675146625,0.6782801579847909,0.4140219880923178
1.0,0.6294304379515594,0.8095889053807297,0.5095798992745163
1.0,0.4512232864964283,0.9180003471110733,0.4142231336283204
1.0,0.9090404574520865,0.998065000084963,0.9072814642441516
1.0,0.872831894479323,0.951246733901602,0.8302784888686037
1.0,0.9574315076021336,0.9997676146265866,0.9572090145237216
1.0,0.6941931073323105,0.9794134261964987,0.6799020496943321
1.0,0.9235596849434432,0.9975164997433407,0.921266024228846
1.0,0.8280747914849595,0.9987298547881422,0.8270230162534948
1.0,0.9060299460749381,0.9995022138635499,0.9055789369285734
1.0,0.9374160372731359,0.9459388496313401,0.8867382479241197
1.0,0.8899420576488966,0.9993449111838397,0.8893590665599
1.0,0.7994785307904982,0.8559945374583,0.6843492551718539
0.10520950413182154,0.5384358229401155,0.28918262780700454,0.1557062861832496
1.0,0.9197564345374514,0.998850143789171,0.9186988468887486
0.6714667920685543,0.7691438450452363,0.6723003258988346,0.5170956576869951
1.0,0.6768817028524399,0.9990239962473444,0.676221063770352
1.0,0.7922701161313676,0.9204530747417103,0.7292474644190892
1.0,0.9364381118658653,0.9982017508001326,0.9347541627804772
0.024514660691239226,0.0878504554374383,0.3015448553290075,0.02649085287546975
1.0,0.7300589906149468,0.8490544027147322,0.619859800223094
0.007586827989371308,0.6380607546159854,0.22796186077918848,0.14545351691243322
1.0,0.9231933426262152,0.97571659764929,0.9007750672397259
0.42400766679029767,0.5337248933044192,0.598817590148063,0.31960385441058436
1.0,0.5666842144407847,0.9177042228404619,0.5200484966093379
0.26546068133905254,0.7413829726133524,0.226182438551484,0.16768780864623614
1.0,0.9462900286681669,0.9997397967291738,0.9460438009075572
1.0,0.8442570577748253,0.9785654954900648,0.8261608260624062
1.0,0.9225857523214321,0.998245042123504,0.9209666531886526
0.08256993541847198,0.3918137149053573,0.551140556044391,0.21594442869875716
1.0,0.8103543660561043,0.9989551550398845,0.809507671380823
1.0,0.7800227274586443,0.9267744774072106,0.7229051556062321
0.3867287866970412,0.5019920453149473,0.3036536409803788,0.15243171230307107
1.0,0.9345872205510182,0.9996697366427826,0.9342785606379465
1.0,0.36722127912073516,0.33591509194798164,0.12335516974109718
1.0,0.8899818047934839,0.9995200064514641,0.8895546192688687
1.0,0.9007530686858622,0.9982522506261311,0.899178778074056
0.2801100517592005,0.6115254414527089,0.302822534396883,0.18518368402888202
0.5099934513219527,0.946891498538818,0.5122865940977409,0.4850798207665571
1.0,0.9380423442272058,0.9992490933121292,0.9373379619574196
1.0,0.8067662597881163,0.9991797940460223,0.8061045452983698
0.036258514307248274,0.31693437233125954,0.3142919047194186,0.09960990755104496
1.0,0.7179108953959834,0.9241347561248315,0.6634464102361266
1.0,0.5100063168498417,0.7276537558670074,0.3711080119716863
1.0,0.9304610452277566,0.9998152504331784,0.9302891429527065
1.0,0.9368907947187752,0.9994530981855163,0.9363784074431705
1.0,0.6087502303530479,0.9955004050682811,0.6060111009018686
0.11734575401071058,0.3941892089777423,0.32391327506365813,0.12768311767473325
0.021056983401603776,0.11312531148993248,0.4070134796990559,0.046043526671557006
1.0,0.9160539725319196,0.9996862673576077,0.9157665764985431
1.0,0.9098927927483713,0.9992741699903763,0.9092323652538542
1.0,0.8479757160432108,0.9993480498751104,0.847422878169233
1.0,0.8678613016618374,0.9988940859597107,0.8669015216633058
1.0,0.9245621044499315,0.9997063093309296,0.9242905691868785
1.0,0.9159483975218499,0.9849596145495774,0.9021721805704244
0.26758774821457676,0.7900315723556811,0.9956198076474624,0.7865710821041855
1.0,0.8370967054867804,0.9974239914199063,0.8349403371910783
1.0,0.9343163917380244,0.9998060826815097,0.934135211608717
0.015662451905718813,0.35412991439611924,0.1884027899401757,0.06671906387350446
0.4448468174978195,0.7037248975782129,0.6166243111033759,0.4339338801754593
1.0,0.43718134259328345,0.6171351745844877,0.26979998418638673
1.0,0.8045371841599913,0.9988628593752179,0.8036223122437351
1.0,0.9544105051921719,0.9998331968505768,0.9542513065140632
1.0,0.8939852853401148,0.9991898203501335,0.8932609966546521
0.0,0.4017618596115547,0.867518043956152,0.34853566258640206
1.0,0.6144278801690832,0.29734726573002734,0.1826984501565738
0.0,0.4799289822805863,0.6099992218454419,0.2927563057322325
1.0,0.9014298910157694,0.9985195079625955,0.9000953312398422
1.0,0.9029896958207287,0.998805149237369,0.9019107578940294
1.0,0.8723856694447544,0.9924424244418744,0.8657925488320997
1.0,0.7261185899420795,0.9999351638261311,0.7260715111909325
1.0,0.8743305172831967,0.9988623787741681,0.8733358603283427
1.0,0.8990699312954498,0.9993698123370747,0.8985033485166403
1.0,0.9514697370249376,0.9996776812994141,0.951163060535653
1.0,0.9199521539231916,0.9986647022931631,0.9187237439216583
0.3168662216187492,0.7574111800561731,0.45889046022754293,0.3475687649974637
1.0,0.9339079576985199,0.9994333114146712,0.9333787227191443
1.0,0.919751968324105,0.9989885986386452,0.9188217299312332
1.0,0.9250247756810556,0.9995695121481997,0.9246265637525105
0.08232123285309646,0.6785084706863729,0.14983307530740755,0.10166301078506523
1.0,0.8252435325581261,0.9992709943207221,0.8246419253361038
1.0,0.5273356584556695,0.6095880718667348,0.3214575272645666
1.0,0.9156827674628577,0.9988816194752591,0.9146586856888864
1.0,0.8536396405917576,0.9715585440685709,0.8293608863725461
0.5103514125071037,0.9053277728053426,0.5095367752861517,0.4612977939322281
1.0,0.9323723945700735,0.9994945007502061,0.9319010810240898
1.0,0.9171036322390751,0.9992202499329234,0.9163885206203204
1.0,0.9384246309745123,0.9995482968345288,0.9380007415981451
0.48424352066179466,0.761561584158038,0.7925157463112322,0.6035495472309718
0.0846635817619753,0.8068371927226619,0.9628496935396076,0.7768629437493723
0.9593167604366131,0.4855353702549127,0.4296787761462,0.20862424366682297
0.019436148382750817,0.6543966708491069,0.04955713309906782,0.032430022916856066
1.0,0.9346047345516291,0.9997409448895506,0.9343626204188933
1.0,0.8236122690327421,0.9974597096017574,0.8215200546938435
1.0,0.8211956845376323,0.9998284775552159,0.8210548310461742
0.021520290087647487,0.7903930793917721,0.36484380278280915,0.2883700167785089
0.0,0.5643706354776651,0.9986876015213259,0.5636299563142558
1.0,0.9393002687076576,0.9997160422339649,0.9390335471017193
1.0,0.9022267048359689,0.9995520157305323,0.9018225214647088
1.0,0.8105806719915251,0.9991070229562213,0.809856842059306
0.14282322268787317,0.6822126002926621,0.38839126338011626,0.2649654137215013
1.0,0.8587147124869009,0.9805699001889202,0.8420297999140377
1.0,0.8585542089567123,0.9955524373322103,0.8547357353086827
0.1640563701475075,0.641141400011266,0.7812151142354066,0.5008693520508496
1.0,0.6228739916030153,0.7838995655382185,0.48827065140265963
1.0,0.9465589554532565,0.9995200064514641,0.9461046132613301
1.0,0.7186836122416433,0.6942065803970874,0.49891489284169754
1.0,0.922477290107542,0.9991126085196188,0.9216586916194555
0.028250504705176087,0.6444391544443269,0.31057052681937924,0.2001438076988099
1.0,0.8320852562235036,0.9261400475475378,0.7706274787624408
1.0,0.8569529602039672,0.984677528069668,0.8438223225256269
0.13144417855875215,0.6201398639003469,0.3466277853624737,0.2149577076387631
1.0,0.9614255578910071,0.999683136053037,0.9611209167940228
0.14959953038249135,0.34419168251968574,0.17700859987490192,0.06092488781139632
1.0,0.9391537086859255,0.9923099745720243,0.9319315927853531
0.019931229774102877,0.6512380840815253,0.2372364901437546,0.1544974373154444
0.06882836984817985,0.7509396607455154,0.3025573427261444,0.2272023083028355
1.0,0.9009879583291586,0.9998201417754131,0.9008259082345993
1.0,0.9601229808887929,0.9997347084456585,0.9598682683708338
0.058654096290057925,0.45313129225062104,0.26233788167825667,0.11887350333115897
1.0,0.9323966473591783,0.9997068905482459,0.9321233530890535
1.0,0.7909444923629628,0.9986437070144538,0.7898717398960146
0.6281894010382215,0.7180082091016696,0.3078508614291384,0.22103944568514194
0.3103012686534837,0.45499119745328537,0.176694741181227,0.08039455187374481
1.0,0.8354441197131244,0.7489373834083858,0.6256953330018696
1.0,0.7822585695365858,0.999256998896483,0.7816773505561845
1.0,0.8745005934097485,0.9996554959541846,0.8741993244172509
0.0,0.28161197808555116,0.6369392866514336,0.17936973243431012
1.0,0.7299000629898582,0.976586129165929,0.7128102771932334
1.0,0.769881689927768,0.6649107182067912,0.5119025873841303
1.0,0.924622321079838,0.9971414569106011,0.9219792483336112
1.0,0.9397201349404899,0.9995086678113416,0.9392584201898633
0.33276032981102144,0.8331900827121045,0.9335211364247189,0.7778005528712093
1.0,0.840492752253356,0.9282420022988882,0.7801806752693585
1.0,0.9193444304615757,0.9994424395413009,0.918831840359225
0.9985502896642979,0.6929760408621235,0.997004312105328,0.6909001009252151
1.0,0.8446351059990657,0.9998959290525591,0.8445472040233425
1.0,0.9391837790510492,0.9997088234852753,0.9389103107915792
1.0,0.9203294161595987,0.9992014871388721,0.919594521284321
0.10238821191686313,0.5573179250476936,0.2252574933158758,0.1255400387762486
0.056576248580615676,0.467537670807803,0.2782043096955436,0.13007099496374713
1.0,0.905425915412359,0.9995250769310227,0.9049959077578797
0.11566438475602665,0.6113623402804365,0.516397648111287,0.3157060746646297
1.0,0.7022833958075323,0.6750638384950669,0.47408612488518315
1.0,0.9478219303436082,0.9995715810651596,0.947415865481792
0.2907011541438597,0.7780219212626303,0.960545080512694,0.747325128999854
1.0,0.9407887901396234,0.9991835563482969,0.9400206891043205
0.08041424097659323,0.593700394567421,0.5091468570368062,0.3022806899155141
1.0,0.8670977615648532,0.9946761228002725,0.8624814395621233
1.0,0.6217728825669284,0.7666765796224441,0.47669870690840027
0.020631741867551272,0.641376973735223,0.4727041074945354,0.30318152993705466
0.02290455145611293,0.6491022873102739,0.08692757002926248,0.05642488453631828
0.15694670133895178,0.5059373301066,0.5882217164860631,0.2976033247496802
1.0,0.9194656428635186,0.9992574471003737,0.9187828909843035
1.0,0.9254572186468026,0.9921750970517652,0.9182156057281481
0.0,0.21935474439007038,0.17826549856826976,0.03910338287201127
1.0,0.8696715333439968,0.9994924452505319,0.8692301274267709
1.0,0.9478013659685323,0.9998181562752917,0.947629014237861
1.0,0.8535744454835695,0.9991300754161015,0.8528319000892559
0.37572149969806956,0.7387687516050018,0.41780265250801113,0.30865954401060175
0.1575681931946601,0.5125106091340733,0.5704204717557008,0.2923465434420597
1.0,0.9140299290737367,0.9988823791142051,0.9130083901347622
0.9125748886036252,0.7787803104760009,0.8491373105935552,0.6612914183808054
0.03426881977616332,0.5762433436526523,0.15755745322621417,0.09079143366447003
1.0,0.9029072372613116,0.9993001268826192,0.9022753167584638
1.0,0.7010693476874579,0.7020238148876515,0.49216737796434656
1.0,0.6876952532332171,0.939471260067031,0.6460699260971264
1.0,0.8658360539986285,0.9997852500943637,0.8656501157877358
0.03060764881327629,0.26187652618764296,0.21306515211159865,0.055796761886627196
1.0,0.8265156616475052,0.9729831873959598,0.8041858429024703
1.0,0.9626479535058885,0.9996813720579703,0.9623412269695638
1.0,0.783007203991374,0.9987291864103257,0.7820121477957289
1.0,0.9324196510245447,0.9995319362326339,0.93198321916992
1.0,0.9347681807959208,0.9998002906696487,0.9345814988685004
0.6419553982005098,0.7713281328379581,0.7621558614199055,0.5878722575205213
1.0,0.8680391849267699,0.9966229691846342,0.8651077898503272
1.0,0.842100553273417,0.998479180845908,0.8408198706223274
1.0,0.9548749678488513,0.9996574518449922,0.9545478771903515
1.0,0.9273780393463699,0.9992360909434403,0.9266696068632586
1.0,0.6470927535920731,0.9952973828254942,0.6440497240955327
0.29441360507363,0.365992984670748,0.40344441489951544,0.14765782555781723
1.0,0.9150639222596249,0.9953722900667161,0.9108292718569942
1.0,0.9230392448846214,0.9998331968505768,0.9228852790315335
0.0,0.1265189774668025,0.189681608686911,0.02399832317532614
1.0,0.9054944984961059,0.9826440519962645,0.8897787830625389
1.0,0.6859406600687734,0.8612243614169032,0.5907488069376184
0.18325656068173565,0.5429899951686464,0.41056987002979484,0.2229353317438701
1.0,0.8246377017682762,0.9829962438483821,0.8106157633739779
0.023563574019373167,0.6584498751327987,0.1597892959776767,0.10521324198405903
1.0,0.854108993396262,0.9993267235389913,0.8535339419158725
1.0,0.8918524040007734,0.9996741477004865,0.891561791844103
0.03024856386905805,0.27090462064047766,0.1444122909595048,0.03912195689820693
0.07355861869700304,0.6663107960980532,0.34409497672498773,0.22927419787496767
1.0,0.9082296936298832,0.9993320976455046,0.907623084879085
0.4209118102587051,0.9200341574738035,0.9075464184045943,0.8349737044252388
0.3579116333283681,0.6174843996438779,0.4017595809537602,0.24808027364640858
1.0,0.9312197959835855,0.9998207809954905,0.9310529036987698
1.0,0.8783457274498403,0.7064588870110802,0.6205151450251517
1.0,0.8903346788657793,0.9986816333787009,0.8891608913433776
1.0,0.9530161691790591,0.999803592090036,0.9528289892651087
1.0,0.6525259081447714,0.6513992793357537,0.4250549063134123
1.0,0.9280234707450006,0.9988209336233156,0.9269292694738712
0.015239589234220212,0.6354069623551981,0.09243469550714693,0.05873364908842391
1.0,0.58924387986545,0.5799574432097173,0.34173637399374024
1.0,0.91107001515135,0.9993536712866953,0.9104811644407267
0.7233265066598626,0.8223783816237151,0.9656342589438822,0.7941167391106854
1.0,0.7029077804512515,0.9955010519119493,0.6997454348363144
1.0,0.9007277446595571,0.8905476536473832,0.8021409795816679
0.01477796645913015,0.4385639372360399,0.06167715358158943,0.027049375312253782
1.0,0.8462066696482755,0.9923835848038871,0.8397616083105143
0.16463941902966786,0.6599031662078113,0.13283499055485104,0.0876582308503309
1.0,0.8106994209606158,0.9813247738561292,0.7955594259394712
1.0,0.9197253907270185,0.9972243236813828,0.9171725307403465
1.0,0.9400205063850201,0.9991279376165815,0.9392007498617597
1.0,0.9490143024832701,0.9997790090178027,0.948804578880445
1.0,0.9087600051475575,0.998543655449571,0.9074365374664131
1.0,0.9061871932347979,0.689326254039035,0.6246586233706904
0.26151988299723083,0.801747568561369,0.8170016406631355,0.6550290789123182
1.0,0.9476084232926557,0.9998181562752917,0.9474361066473992
1.0,0.947436196473437,0.9998009084304804,0.9472475699140614
1.0,0.9074174575063502,0.999414088304452,0.9068857910052528
1.0,0.9334815894015739,0.9422691035873687,0.8795908604607332
0.008233629206696999,0.4460719242136779,0.10416699700179982,0.04646597279215327
1.0,0.5819770082741585,0.5891905534576047,0.3428953556046525
1.0,0.8943677407892753,0.9992831865856702,0.8937266459953337
1.0,0.8624986493394249,0.999324635620472,0.86191614847427
1.0,0.8374448630975398,0.9989594126059619,0.8365734285297985
0.5469477324557518,0.3922969208625377,0.3761577752008809,0.14756553696980823
1.0,0.7519782879775224,0.7671553610141725,0.5768841749882155
1.0,0.8443589209931588,0.9983107075602677,0.8429325518515045
1.0,0.6510559909468028,0.855482679059212,0.5569671233527209
1.0,0.95130684689436,0.999792637785016,0.9511095817994585
1.0,0.7849593983235664,0.9990707442763681,0.7842299703098556
1.0,0.940460137017466,0.9998368816549335,0.9403067307163147
1.0,0.58158299689604,0.9129363964850254,0.5309482854432325
1.0,0.9656573885434898,0.8283874599905794,0.7999384713166775
0.6279892018776838,0.7491987255502681,0.5398560740522881,0.4044594826605454
0.22113487619996997,0.815764729343999,0.4230772764975711,0.34513151995363733
1.0,0.9646889536426628,0.9997551247397037,0.9644527251840347
1.0,0.9318649409757529,0.9997931888679559,0.9316722209323974
1.0,0.8987565407695505,0.998040358398126,0.8969953000623021
0.06485950342048043,0.3176778987289223,0.38283107487884094,0.12161697143564491
1.0,0.8676219446599347,0.999338296645066,0.8670478363083388
1.0,0.8819437963737193,0.977780686973763,0.8623476110905438
0.02156626382558926,0.6154105609869086,0.3469246941252524,0.21350112063183324
1.0,0.9172254394942715,0.9995402873428842,0.9168037793503074
0.09679031487933513,0.6877594003621064,0.5311110875276347,0.36527664308367225
1.0,0.9195498159944329,0.9993199304283575,0.9189244581449656
1.0,0.9456340477447046,0.9996932940121495,0.945344016119946
1.0,0.9445662518120579,0.999303174389155,0.9439080538566553
0.16451548409811767,0.6264856556337357,0.2653126707149818,0.16621458246081283
1.0,0.7251973538977861,0.4791068198082722,0.34744699795934236
1.0,0.9228442426606175,0.9995667902675105,0.922444457553125
1.0,0.8919617238729116,0.9977079093382837,0.8899172667350141
1.0,0.928936186130413,0.9997660411286436,0.9287188532687438
1.0,0.7554768664990157,0.9803614560097904,0.7406404008226891
0.3976246300923714,0.6658280464717147,0.626087559224942,0.4168666564789871
1.0,0.9369051774846114,0.9994679886804951,0.9364067333248869
1.0,0.8232761469670952,0.9990615991334431,0.8225035839173656
0.35072506424607314,0.8985357794552036,0.7617835389464964,0.6844897659434336
1.0,0.8667095612844267,0.9993200516107916,0.8661202435143198
1.0,0.9241906406896782,0.9984212692894306,0.9227315925428006
1.0,0.9399651568588616,0.9994064889780246,0.9394072771779931
1.0,0.8616728489179398,0.9993100742006509,0.8610783585888727
1.0,0.667206274701529,0.7046511885052013,0.47014769444656024
0.7174606763462613,0.6582880003227425,0.2630623193952354,0.1731707681949521
0.016549445502280966,0.7564276297227762,0.041538346612275366,0.031420753070526566
1.0,0.9018819079579287,0.9998113631646579,0.9017117798089592
1.0,0.8460837635324668,0.9656639023948902,0.8170325488457174
0.0,0.09193492801264828,0.7266216944843472,0.06680191317484697
1.0,0.9269749781040797,0.9995351321733501,0.9265440572606496
1.0,0.9203550487723604,0.9991820407535645,0.9196022358502135
0.84029476793918,0.7010729966022794,0.6973103283305484,0.4888654414444169
0.5103093960206027,0.7391143760097469,0.660296565785882,0.488034684202211
0.3665849125918132,0.5705462006796954,0.6896382611916405,0.39347048976624194
0.015506061547269396,0.5954677898408304,0.03724160892109452,0.022176178554360708
1.0,0.832183096780613,0.9984105673118244,0.8308603977640427
1.0,0.8983941931409284,0.9991643531359999,0.8976434528507943
1.0,0.905286458399938,0.9990605825852872,0.9044360165356135
1.0,0.9184217522412869,0.9988094068034463,0.9173282855515015
1.0,0.8145221357432866,0.9506445487426153,0.774321028174548
0.9355832212141089,0.6860538995461397,0.4615964731049474,0.316680060390394
1.0,0.7367227219239119,0.8558737242808612,0.6305416197753517
0.058678118026442676,0.6736996413520244,0.6939397326064562,0.4675069489768893
1.0,0.9407351518755166,0.9989925684051711,0.939787425561151
1.0,0.9433366974724321,0.99964416919479,0.9430010292157863
1.0,0.9331840317555513,0.9992910229507912,0.9325224256943485
0.019675098436168575,0.7975329877793328,0.03784107443566218,0.03017950515545379
0.2569722547605101,0.531263014171806,0.31380536581684465,0.1667131845071431
1.0,0.7440753942063142,0.9992305605528057,0.7435028732463251
1.0,0.8390402773966157,0.9986437070144538,0.8379022929537919
1.0,0.9263719697074646,0.9998057404202055,0.9261920130778959
1.0,0.8760750330976159,0.9961612919805118,0.8727120368423907
0.0528889657781676,0.582494797827232,0.30597910060852745,0.17823123434832247
1.0,0.6782217114514175,0.8273288729985228,0.5611124041782306
0.823559100305838,0.8872548853794443,0.9632935000318816,0.8546868639575509
1.0,0.9202636236498618,0.9989247863674398,0.9192741436561642
1.0,0.9309758002536493,0.9966378238591532,0.9278456956303308
1.0,0.5823008577599778,0.9024883614636533,0.5255197469986822
0.7738622620826232,0.5856895402061655,0.6125106905041166,0.35874110469271697
1.0,0.4491993182455713,0.5892453919857007,0.26468862835932117
1.0,0.7777917456329959,0.9990411598262813,0.7770459676604962
1.0,0.9425294744368665,0.9996261887404905,0.9421771463069024
1.0,0.5575690689532083,0.9147132021952272,0.5100157885072006
1.0,0.9291733907580684,0.9989234446278323,0.9281730841525725
0.07733774787702619,0.6888553476688708,0.35538426598665906,0.2448083521022865
1.0,0.8919201375323156,0.9977251343847879,0.8898911390799281
0.08882528273964926,0.25236912468579886,0.08097661960935605,0.020435998610828083
1.0,0.8635445729653138,0.8615639671648778,0.7439988881076961
1.0,0.8854440840443217,0.9574241338493045,0.8477455352381255
0.8684195773646566,0.515467804082199,0.6295169509943325,0.3244957203615699
0.05358029845448358,0.68305261529324,0.3222482708716526,0.2201125241926067
1.0,0.9382281000148893,0.9993819730162038,0.9376482497321242
1.0,0.6622999868591536,0.9142401235180511,0.6055012217921162
1.0,0.581204195095171,0.3411060236064937,0.19825225189232656
1.0,0.9364417997687912,0.9998244657998473,0.9362774222064791
1.0,0.7998082508312372,0.9953964242395537,0.7961262729547055
0.2229506293435027,0.7403251206270823,0.6994757495870952,0.5178394686887852
1.0,0.716173607250659,0.7977404062820063,0.5713206244165907
1.0,0.8979491496302521,0.9991850738363033,0.8972173873745491
1.0,0.8102916593776754,0.9924440978000771,0.8041691748460045
1.0,0.8636310298131613,0.9987871050246734,0.8625835360765648
0.13092931144928974,0.23096086047229739,0.5109245110244136,0.11800356470258636
1.0,0.9123521306638835,0.9901004194570203,0.9033202272628174
0.4875478535459727,0.4486307066821093,0.2883648980174933,0.1293693479799024
1.0,0.8163769129989379,0.9992253823935122,0.8157445330685987
1.0,0.9397486854440459,0.9989124905025766,0.9387266998234343
1.0,0.5184974515016851,0.6443524185007403,0.3340950868615811
1.0,0.9442524846990956,0.9992353601902318,0.9435304716588222
1.0,0.9068800882579469,0.9991948160933286,0.9061498830056008
0.0,0.8323008576194256,0.9989216134431159,0.8314033155632857
1.0,0.770482846666851,0.9980728461900824,0.7689980077134208
1.0,0.7796182806332962,0.9708950902223583,0.756927560914464
1.0,0.8272447167608529,0.9968370284122969,0.8246281652256608
0.2392061871959293,0.539639624806112,0.5176367906568503,0.2793373234959027
1.0,0.826210536648682,0.9992522689410802,0.825592753369223
0.027581069923504013,0.560063860937302,0.2706853283791833,0.15160107011112683
0.06782273083374624,0.53573138027256,0.32543379961321395,0.1743450986541308
0.17690867458658774,0.28368307904450923,0.19012757446733505,0.053935975736157826
1.0,0.8572283881912516,0.699188850505345,0.5993645313599908
1.0,0.5944823815265259,0.8119109709291183,0.4826667675854562
1.0,0.7327603817338542,0.50814126902733,0.37234579026719145
1.0,0.8557945131634099,0.9988793764170555,0.8548354896498045
1.0,0.9024898995496855,0.9995872857645982,0.902117429120835
1.0,0.8414813912132033,0.7942496454166187,0.6683462965957697
1.0,0.9496688857002168,0.9997943270871724,0.9494735645342731
1.0,0.8802495086966151,0.9983471836484,0.8787946179151535
0.23953411801409938,0.4616151038332043,0.20737317871798844,0.09572659142612587
1.0,0.8276434436710123,0.9764685540971838,0.8081677967494474
0.14192546651873664,0.5109669928601627,0.3490651370551187,0.17836076339337456
1.0,0.7321083936976588,0.8050305639929373,0.5893696330823897
1.0,0.8506549315457923,0.9850516797121034,0.8379390691745671
1.0,0.8827671097927262,0.9911755988083298,0.8749772186571041
1.0,0.9242255693842877,0.9993691600735195,0.9236425309940459
1.0,0.6954205874643103,0.965775272285327,0.6716200072111664
0.3736566698707855,0.30848412878029335,0.561919050090048,0.17334310861207847
1.0,0.8803529671935232,0.9952173293540464,0.8761425288992486
1.0,0.8060744043494106,0.9600237568131039,0.7738505779344061
1.0,0.6527395290643432,0.9772041120002157,0.6378597518667605
1.0,0.82250822231502,0.9963356396819737,0.8194942558239184
1.0,0.9260420101988861,0.9857210956656292,0.9128191449256478
1.0,0.7654313297840976,0.9894031065006311,0.7573201355012952
1.0,0.8226692952405315,0.9992320691805529,0.8220375421345034
1.0,0.8675656330238606,0.9973759881020977,0.8652891304805949
1.0,0.7378548402847943,0.9468220730181879,0.6986172494649528
1.0,0.8863036350712353,0.99816432337574,0.8846766682063384
1.0,0.9109618989310743,0.9992890491430201,0.9103142497883532
0.16784224907132883,0.8238934194023811,0.3029508685156874,0.24959922697231088
1.0,0.9314025749613525,0.9989234446278323,0.9303998685156271
1.0,0.9437235203339113,0.9997068905482459,0.9434469060502587
0.9987499997222309,0.8305609729349648,0.9945561014148894,0.826039483229556
0.024191601298218984,0.47811435910387606,0.22283380816370674,0.1065400433768667
0.05366093574435912,0.6594125674116751,0.3498706276588328,0.23070908884644517
1.0,0.9243856675383157,0.9993242540508036,0.9237610176679816
1.0,0.8109524546099223,0.9832870207898198,0.797399023095582
0.5100121075895736,0.9521225448395421,0.5108281056722097,0.4863709559481868
1.0,0.8807465494571056,0.9990900155526364,0.8799450837950306
1.0,0.9226130162433731,0.9992574471003737,0.9219279272729286
1.0,0.921268486958559,0.9992574471003737,0.9205843963722335
0.11487700733691479,0.4604893807935035,0.23122577147546078,0.10647701233023507
1.0,0.9058186958219239,0.9990409749712854,0.9049499930211531
0.0,0.5039758300392574,0.9990540360113107,0.5034990870528705
1.0,0.9336076150488343,0.9997969012365904,0.9334180004967081
1.0,0.931968620023019,0.9990382563390793,0.9310723051105347
1.0,0.8949426966265629,0.9997194964919853,0.8946916620606871
1.0,0.7139226150065958,0.803143321052712,0.5733821799910341
1.0,0.9276951778789377,0.9992746083923434,0.9270222355824409
1.0,0.7528888494562069,0.9220382723691918,0.6941923340386296
1.0,0.8437498990816347,0.9993001268826192,0.8431593812094746
1.0,0.7032182223840096,0.9987013461410226,0.7023049853258073
1.0,0.9120741559824088,0.9898077659044521,0.9027780826721368
0.7739189463491503,0.7748816144907117,0.29999324124791504,0.23245924711448598
0.1820807665434051,0.3286265752810088,0.3568211313123422,0.11726090637107016
1.0,0.7710843175001103,0.971254643496672,0.7489192238994443
1.0,0.9580279148785473,0.9997271379252642,0.9577665053940388
1.0,0.8177866636266985,0.9927223428846395,0.8118350926953087
1.0,0.8578795041246113,0.9832390390413953,0.8435006192487916
1.0,0.9138404722832536,0.9502172001991134,0.8683469350016287
1.0,0.5819031701587664,0.8093772253633511,0.4709791732932403
1.0,0.9171599548941431,0.9998289392844992,0.9170030648560303
1.0,0.9191536122432106,0.9996386045955766,0.9188214343517868
1.0,0.9423497507875302,0.9995268885097296,0.9419039142925792
0.13224381313627853,0.44370501817798136,0.36475164445366076,0.16184213503276015
1.0,0.8712328062175384,0.9877840905335894,0.8605899051326181
1.0,0.8226330632541083,0.9971020242181009,0.8202490925594085
0.33463453758928324,0.5225984682082303,0.4715768950626075,0.24644536300211206
1.0,0.9572126464847536,0.999647837230105,0.9568755518277889
1.0,0.9189442771279442,0.999337406330003,0.9183353904668393
1.0,0.7852583873584413,0.7746103903878232,0.6082693059870348
1.0,0.9436688508377614,0.9997753899402048,0.9434568933207479
1.0,0.7817566488162475,0.9800195643495254,0.7661368104002438
1.0,0.887232374552394,0.999337581544089,0.8866446554528088
0.048992201620254965,0.4398227134698377,0.35643142079094425,0.15676663465818264
1.0,0.7909780805273081,0.6652007019914528,0.5261591744266172
0.10830174646893617,0.2630692354027401,0.28756637590182044,0.07564986663602884
0.12158067340274994,0.39546058690613334,0.8164939529045683,0.32289117782094934
0.45905572311428583,0.4084891289245754,0.5236817042331934,0.2139182831959543
1.0,0.842964337459939,0.9993078300989869,0.8423808629179218
0.0443391407763909,0.3364748498569461,0.307458526083592,0.10345206140121456
1.0,0.8736182243762133,0.9941585846612514,0.8685150574801318
0.0358422636432523,0.35496490032412104,0.23721023864193724,0.08420130871539622
0.17738562927406942,0.7924253891520844,0.782679137700741,0.6202148202737275
1.0,0.8188160894564038,0.9956497183013768,0.8152540088079034
1.0,0.880154169500595,0.9955524373322103,0.8762396286744247
1.0,0.9309095200622586,0.9994586367346661,0.9304055598447473
1.0,0.956835040434281,0.9997142782388981,0.9565616518414441
0.31617979433422316,0.5350522939438049,0.4736660194045325,0.25343609024562597
1.0,0.9350450354682108,0.9998045275080785,0.934862259885069
1.0,0.9264673669164626,0.999556965859269,0.9260569102426455
1.0,0.7816781846930831,0.6717703386662209,0.5251082188592693
1.0,0.874610481551795,0.9367538734258037,0.8192947563324514
1.0,0.8762913547913995,0.9993001268826192,0.8756780620291877
1.0,0.9385553473810184,0.9997915596189192,0.9383597145467449
0.06920205501011509,0.4461273620673577,0.20919528954480074,0.09332774268153905
0.039114561940098914,0.42730538814694186,0.2470577274483455,0.10556909812201665
1.0,0.8291992073309497,0.7759108634108303,0.6433846728997332
0.7192971578760086,0.3832273447985846,0.44210349942166166,0.16942615020952598
0.1562151586703233,0.7809760332776738,0.748744057674689,0.5847511641030084
1.0,0.8732153329402523,0.9583656044927444,0.836859540405618
1.0,0.8568308503427151,0.9971756186573901,0.8544108332752346
0.9483951064704788,0.34268596401933216,0.43360204046632894,0.1485893332379534
1.0,0.9336965553528529,0.993954649259698,0.9280520321907331
1.0,0.7668200787914785,0.9812850009055311,0.7524690417112754
1.0,0.9506400699633992,0.9997343419755509,0.9503875248004506
1.0,0.7757707149633266,0.6450335619547252,0.5003981475329584
1.0,0.9075648966769715,0.9965737706753035,0.9044553712139117
1.0,0.9411365426517553,0.9997160422339649,0.94086929962157
0.2728746919130206,0.742412941376444,0.6818255892003197,0.5061961411839363
1.0,0.9273891105335713,0.9998368816549335,0.9272378363566284
0.7222840421202955,0.5705368306058053,0.3729053003005924,0.21275620814960602
1.0,0.9466109249757813,0.9998039754740055,0.9464253660179116
1.0,0.9380034012374315,0.9988527734695387,0.936927298849869
0.12508052306148099,0.5902366253643364,0.665612924988322,0.3928691266439924
0.9588503300136539,0.4144954952425193,0.32531614800423125,0.13484207787740254
0.8727561153943015,0.6469724707572917,0.24515246434200816,0.15860689556758786
1.0,0.8294951680540416,0.9999351638261311,0.8294413867611022
0.11715507866711819,0.579384842166095,0.653995957335093,0.378915344517857
0.17250176997817468,0.542953320356015,0.39811316278898995,0.2161568636137168
1.0,0.8338140512557218,0.9987001630535146,0.8327302289454009
1.0,0.9292105636769366,0.9997230033354283,0.9289531754501132
0.012806836388916963,0.8395786818904293,0.03719274065213419,0.031226232172611407
0.32492936508185283,0.2694581957102881,0.24093469730074993,0.0649218288186645
1.0,0.956140266122566,0.9997922534499133,0.95594163128088
0.0,0.3493206114110091,0.3246372573970383,0.11340248524072656
0.2400179978271097,0.7563461425985462,0.3080975148937404,0.23302836693407866
0.23436908759646652,0.572229510458302,0.3995640674861086,0.22864235073430386
1.0,0.9178878755888543,0.9896472873992712,0.9083852462131894
1.0,0.9202865796784689,0.9997587373434337,0.9200645488934533
1.0,0.8605355327537307,0.9920394357689443,0.8536851843721389
1.0,0.9146437558967253,0.9987984779316192,0.9135447912393088
1.0,0.7501501723012589,0.9007293323601708,0.6756822638667801
0.017000509344112236,0.6686613963981177,0.16263065264177018,0.10874483929258329
1.0,0.9620299940663274,0.9997790090178027,0.9618173941130355
0.1016142993167327,0.5944797717461842,0.20127081702428096,0.11965142936376254
1.0,0.8649022512541229,0.9992673095163653,0.8642685456053548
0.018913475382662397,0.7133208354186433,0.1520783563373636,0.10848066019166235
1.0,0.7758486473883295,0.9991113500364597,0.7751591895161151
1.0,0.9483002073462856,0.9996004111589621,0.9479212771654761
1.0,0.9212881789485253,0.9993075145732714,0.9206502003107861
0.03430629058782625,0.3462255735159035,0.24322837939889427,0.08421188515272594
1.0,0.9381354634805795,0.9983976603034254,0.9366322517866802
1.0,0.8977969906428953,0.9990950004957654,0.8969844848114602
1.0,0.6857788285424347,0.7540300176250605,0.5170978221727454
1.0,0.9297706731751765,0.9997728342392774,0.9295594611129071
0.0,0.34831625985664855,0.2692606976772849,0.09378787914134365
1.0,0.7281708818269956,0.998334342553304,0.7269579985752133
0.06500138206106865,0.7207245790979049,0.1963560253192867,0.14151861370158045
0.023887727314234032,0.5326213232952811,0.19421168006688652,0.10344128203662487
1.0,0.9255468769301687,0.995113129267682,0.9210238489859104
1.0,0.8646751936091773,0.9993069343552807,0.8640759169386458
1.0,0.9013684755450738,0.9991874373611732,0.9006360571980296
0.5445153214676672,0.4643460040312766,0.48694771841136697,0.22611222721646557
1.0,0.873222684693079,0.9984158416168397,0.8718393616567567
0.20311227057279171,0.5420852918600986,0.5096936303045942,0.27629742034289917
0.01086567930814492,0.6216676432767391,0.047087825190330695,0.02927297731309995
1.0,0.8164668348052289,0.9884080003353484,0.8070023515299675
0.48141695312786387,0.5200504899747398,0.2885845946332974,0.15007855983820798
1.0,0.9259346509146337,0.9992831865856702,0.9252709285360653
1.0,0.9322938661811047,0.9986188913886167,0.9310062670941821
0.02063695341550275,0.5422589841488552,0.2216541684953593,0.12019396424065272
0.9216673261431322,0.5011898495479786,0.3784725103819789,0.18968658053638976
1.0,0.8803711779198601,0.9993293482591903,0.8797807554568294
0.5562837236477877,0.7562279008097008,0.8309666457309633,0.6284001621440047
1.0,0.8181857827451776,0.975271836438551,0.7979535508858027
0.031717274102665415,0.503522789311683,0.5396892918488844,0.2717458575933972
1.0,0.9533392340858537,0.9995146297186362,0.9528765115535704
1.0,0.9338133762025947,0.9995466767073442,0.9333900568481686
1.0,0.8623814000451495,0.9926154776188767,0.8560131252954517
0.13994569526816042,0.36361384271551456,0.17360664997580127,0.0631257811186684
0.22971193725410627,0.5886209657201422,0.28435509846333756,0.16737737266493588
0.5494621869698963,0.8513862915326154,0.8277823675610272,0.7047625601138713
1.0,0.9180068327818275,0.9993691600735195,0.9174277174189268
1.0,0.8981403621970054,0.9820851179194036,0.8820502835164219
1.0,0.908969726052367,0.9998057404202055,0.9087931499753382
1.0,0.9338631976750643,0.9997029395987755,0.9335857838988743
0.0,0.20706094720901805,0.2604197396368231,0.05392275796112645
1.0,0.8655428036305998,0.8475241792510279,0.7335684542536577
1.0,0.9163632302445778,0.9997068905482459,0.9160946355205531
1.0,0.7935247385442323,0.6430042262722818,0.5102397605355489
0.33505256646851034,0.6042406791012788,0.3262605779763714,0.19713991320041838
1.0,0.7256803947949446,0.9997938174866688,0.7255307721872707
0.06955706439469624,0.6608959760400548,0.2425172765519371,0.16027869219336838
1.0,0.9454176592517075,0.9996320711526149,0.9450698128220415
0.057775430819905806,0.6706293711133625,0.23149801942579493,0.15524937118150983
1.0,0.813551351735256,0.9701291747418334,0.7892499014690268
1.0,0.9421789937892757,0.9998009084304804,0.9419914138946338
1.0,0.9379904953783215,0.999004260394007,0.9370565010920283
1.0,0.9071915240832766,0.9992319355805231,0.9064947425519773
1.0,0.8212793955334766,0.9854416543656137,0.8093229262309004
0.04444402354742174,0.6705220654971197,0.15775785820600685,0.10578012493269344
0.024071628497991528,0.6751667624060967,0.039357116453971684,0.026572616893867782
0.3360739678527466,0.553911669452785,0.2654562846022958,0.14703933377079131
0.6196211637571113,0.7418315434618793,0.3626282444512766,0.2690090702841622
1.0,0.8706747587370781,0.9965503752611141,0.8676712575498152
1.0,0.885542841952185,0.9977317700960654,0.8835342271968538
1.0,0.9413589623532129,0.9993683735428806,0.9407643751269441
0.02270138076017441,0.4095703432594,0.15909840455707105,0.06516198816646249
1.0,0.8759357624613523,0.8556040121711435,0.7494541527661227
0.11468089916702005,0.6877543343679747,0.33250133161624407,0.22867923200219517
1.0,0.9473430121164962,0.9997915596189192,0.9471455475780364
0.18171564382398092,0.40737168809190827,0.25889542682488914,0.1054666670649302
1.0,0.8656998755392177,0.9945655186350951,0.8609952456979993
0.18325257244090748,0.6307668397983087,0.3112061547938302,0.19629852278508755
1.0,0.8350046606681001,0.9992078724016257,0.8343432304316137
0.06948083168915044,0.4433098118915989,0.40804423034128623,0.18089001099604785
1.0,0.8551673282932807,0.99775102619327,0.8532440793715779
1.0,0.6842671104723599,0.9758110149114323,0.6677153835405467
0.11219005473447605,0.6782659024767657,0.8500646418470675,0.5765698614659899
0.02028802839676288,0.5135132892456273,0.5389267730399491,0.27674605988627593
1.0,0.9240973913270634,0.999627265955454,0.9237529487688396
1.0,0.9494335672490882,0.9995277115218459,0.9489851607145038
0.5103235024737174,0.9438184686771423,0.510675090455041,0.4819845818648379
1.0,0.9098857994857243,0.9988094068034463,0.9088024956432158
0.03589751099537224,0.46605128364308207,0.3223387923227405,0.15022640792997405
1.0,0.9219646764985417,0.9984108544827685,0.9204995404658383
1.0,0.9420988786343739,0.9995624766846819,0.9416866884096363
0.0667860703774913,0.6354792192146022,0.4359555906085672,0.27704071833217303
0.11393226533638666,0.623592264312151,0.5332706402761845,0.33254344606101643
1.0,0.9251484795640498,0.9954670028945957,0.9209547841841167
0.9391933281419671,0.719247657016725,0.5458005224443314,0.3925657469665898
0.30075136694063215,0.5391854318206016,0.4671830411967569,0.2518982898069353
1.0,0.5407361464900113,0.5362453850544023,0.28996726308736986
1.0,0.9542630913126725,0.9997647597297562,0.9540386102051884
1.0,0.9053291430353796,0.9990998288314497,0.9045141918427707
1.0,0.9447287560462888,0.9995392127908694,0.9442934371194048
1.0,0.8768669479086567,0.9981907073918949,0.8752804390215139
1.0,0.8789908811563037,0.9998977431476179,0.8789009983155242
1.0,0.9337998982281386,0.9998049765340127,0.9336177853354475
1.0,0.9362633123045544,0.9996537670406356,0.9359391470871908
1.0,0.6978283001880164,0.9941295684720467,0.6937317469334947
1.0,0.9091581616943623,0.9993780023173054,0.9085926674245856
1.0,0.950817588774919,0.9997142782388981,0.9505459194989676
1.0,0.8502969564412289,0.9976134953258076,0.8482677187802303
1.0,0.892680279503435,0.9993904181723917,0.8921361178271854
0.4308036358311303,0.7353212767390798,0.931243609059084,0.6847632395684341
1.0,0.9305205354844495,0.9997088234852753,0.9302495897580474
1.0,0.8700932400371341,0.9992168127597089,0.8694117941136734
1.0,0.9029459965572499,0.9971202789959726,0.9003457640054615
0.03806616833169567,0.712509568293871,0.5283643153231713,0.3764646302127995
1.0,0.7909661590804609,0.9982323625533798,0.7895680176786609
1.0,0.6459375187325577,0.8514873692486177,0.5500076385245652
1.0,0.8704587072701581,0.9989247863674398,0.8695227782015205
1.0,0.8394862645118257,0.9591135591080677,0.805162658978274
1.0,0.9510027395349198,0.9996336912797994,0.9506543789384935
1.0,0.9142554087442523,0.9994486227330234,0.9137513090956603
0.0360819480949153,0.45062369821406933,0.4250144037384446,0.1915215624068655
0.0,0.10895751268015584,0.2217619575843804,0.024162631305476308
1.0,0.9335206665814563,0.9987927881841289,0.9323937094023992
1.0,0.9274141463275299,0.9978416866457926,0.9254124959906305
1.0,0.8248421901026013,0.9993141043329119,0.8242764344183785
1.0,0.9378982141960528,0.9997160422339649,0.9376318907143814
1.0,0.8230556383590588,0.9955000730551525,0.8193519481148983
1.0,0.9414089552967276,0.9994670149161408,0.940907198365743
1.0,0.8899886912389501,0.9881900372348514,0.8794779579340147
1.0,0.8863366172796832,0.9989257907326254,0.8853845062713879
1.0,0.9497190896017069,0.9970980975279531,0.9469630974278416
0.06777362894151213,0.5838094352586389,0.18676019254868556,0.10903236254064279
1.0,0.9006412548603155,0.9998031068639781,0.9004639247792154
1.0,0.9311632563720446,0.9994962647452731,0.9306941966119037
1.0,0.9149321049623219,0.9954180438740966,0.9107399261992041
0.021018927431353387,0.6523745592534457,0.4007082749496724,0.26141188425950107
0.08370138454977828,0.14499183622730336,0.4900805245502694,0.07105767515378358
0.09578459825474678,0.41040002154338046,0.26875569896775764,0.11029734464627401
0.021001731911801245,0.5512307545729589,0.39130097040210843,0.2156971291798853
0.05086264954282611,0.17949781659740346,0.1601078691362455,0.02873901293001887
1.0,0.9163209245519427,0.9992503843646916,0.9156340360599383
0.017589935895322595,0.6706002893455612,0.22315344470874834,0.1496467645901453
1.0,0.96291151110622,0.9807112482206972,0.9443381499830588
1.0,0.8917327204409456,0.9691011915440204,0.8641792419181112
1.0,0.9294616875475502,0.9776767479157868,0.9087130799938081
1.0,0.9390753749930831,0.9994542831559571,0.9385629057431235
0.0,0.5663862727670107,0.30400655415176614,0.17218513910276123
1.0,0.9596036543196561,0.9991938029371881,0.95883002467208
0.71808250392599,0.7891671237740019,0.5347723227432997,0.42202473581327204
1.0,0.883908242299445,0.9976777377388701,0.8818555755460513
0.13179205316856302,0.19684504548356274,0.3380615994692517,0.06654575092377082
1.0,0.8451276177111078,0.9833104901093868,0.8310228519764878
1.0,0.9039698439453777,0.9988954626524925,0.9029713754917196
1.0,0.9411603600690585,0.9998331968505768,0.9410033715568866
0.1950718667312257,0.676737868980476,0.2502375364403045,0.16934521714953588
0.44918906480969184,0.23972760451219347,0.08619882806382798,0.020664238563499915
1.0,0.7815131849226303,0.9982873431662859,0.7801747210258348
0.20559872175711497,0.5226963633379925,0.30961539544255606,0.1618348412312785
1.0,0.9405440664041087,0.9997704473282722,0.940328162000788
1.0,0.9515834484434846,0.9991539889404284,0.9507783983219962
1.0,0.7410921960164707,0.8666161986542048,0.6422425017640907
1.0,0.923074140086522,0.996969980944144,0.920277207852092
1.0,0.4723906692126616,0.4937768721031838,0.2332555870545578
1.0,0.9503363304839987,0.9991709513754321,0.949548455456334
1.0,0.9042453896065549,0.9967671162423858,0.9013220693735983
1.0,0.8623409819566823,0.9969296793314025,0.8596933186164021
0.02639178677320332,0.2502526500623457,0.09863139095210041,0.024682766965098395
1.0,0.9539275920217791,0.9994959033878611,0.9534467203544151
1.0,0.6634710655819249,0.6968582801104054,0.4623453056644382
0.0,0.4177434882814922,0.5490255523841993,0.22935184940864853
0.1573956027558632,0.8783441423682491,0.8327411835292412,0.7314333406617121
1.0,0.6609929037160776,0.6715980058081861,0.44392151598908003
1.0,0.8271980400379814,0.9262321860632852,0.7661774489316444
1.0,0.5869399201393184,0.4621039797495359,0.2712272729702538
1.0,0.8835377144568419,0.5986914404215765,0.5289664669349543
0.02038439549326888,0.7276154759842539,0.29210933838138686,0.2125432752858183
0.08700043236546624,0.8255482189701007,0.4624770300337592,0.38179708845895166
0.05241788620656908,0.7034107398859323,0.3951408198805148,0.2779462964712868
1.0,0.9057438468446928,0.9986020130039615,0.904477628725062
1.0,0.8395363737250868,0.8160624731473506,0.6851141294392528
0.12017531582419638,0.6407715941758383,0.35928606581086414,0.23022030515479255
1.0,0.9304446868162312,0.9989332908285943,0.9294521729353186
1.0,0.8516713616268798,0.9827464453815621,0.8369770032720911
1.0,0.9424302111245016,0.9993075145732714,0.9417775919375891
1.0,0.9417968133897962,0.9993075145732714,0.9411446328215842
1.0,0.9014060754657549,0.9984392427221368,0.8999991993731616
1.0,0.9086529507837082,0.9964285366408813,0.9054077300638291
1.0,0.9055045884683011,0.9984525657204192,0.9041033796277875
0.11808685171288548,0.5224876264721093,0.49547324136148646,0.2588786378594056
1.0,0.9242107665321696,0.9908940510083957,0.9157949504346361
1.0,0.9170115757875315,0.9998086613383694,0.9168361160199205
1.0,0.9410801699479037,0.9987968118133382,0.9399478734047207
1.0,0.8430943593879554,0.9970603113284484,0.8406159244506136
1.0,0.8709438312829366,0.9993283204248287,0.8703588361003424
1.0,0.8511191212110408,0.9996722490065258,0.8508401660734991
1.0,0.9344343521066595,0.9997802219299298,0.9342289839281461
1.0,0.8580363490058579,0.9797208430121321,0.8406360951830711
0.434627550983568,0.29168739494710333,0.498154648620794,0.145305431736989
1.0,0.8924507216752761,0.9981159799580144,0.8907693266291553
0.08853586955949937,0.7907499868431885,0.257435780134213,0.20356733975409488
0.5103534493807698,0.9535650065654919,0.5052576278845412,0.48179599325098743
0.2843326422887227,0.9219603744806675,0.9126460265249389,0.8414234723832258
1.0,0.9577247143076729,0.9997534338253005,0.9574885717884508
1.0,0.9299639151282466,0.984379687405116,0.9154375880719813
1.0,0.821563441284666,0.9053365444752981,0.743791406999894
1.0,0.9373416134799737,0.9996668696758251,0.9370293565644124
1.0,0.6625404852015577,0.8715910047403548,0.5774643271779879
1.0,0.9231064411161785,0.9995146297186362,0.9226583926831252
1.0,0.8613483216458578,0.9958969591149912,0.8578141742659112
1.0,0.6273015542987845,0.4117418348322133,0.2582862929600808
1.0,0.9327281460558845,0.9997224099903725,0.932469230040841
0.07648837016768499,0.6236977193671204,0.6650500575018783,0.4147902041288938
1.0,0.8423939482073233,0.9982901576366356,0.8409535873480366
0.0,0.6138938888915269,0.9748047795067734,0.5984266970014605
1.0,0.8727143605853586,0.9526708299279535,0.8314095141888967
1.0,0.8521763058696318,0.7452006205102657,0.6350423119181956
1.0,0.8310840585784159,0.9660342878458772,0.8028556966688614
1.0,0.8580227721576158,0.9976242119419567,0.8559842919019945
1.0,0.9000180512737278,0.9998210771934556,0.8998570175180532
1.0,0.94010368380469,0.999796867314841,0.9399127180190708
0.7670882158496599,0.29701066900941475,0.1929246882279992,0.05730069071903081
1.0,0.9266893781173383,0.9988648303959097,0.9256374285028661
1.0,0.9015062908058481,0.9935586638227697,0.8956993857208797
1.0,0.9366537352280834,0.9997989473095718,0.9364654184746161
1.0,0.9320335915898483,0.9968993780422063,0.9291437077703635
0.2648150138346074,0.8010493751575481,0.6385189001181286,0.5114851659659119
1.0,0.9430282874881827,0.8420348245905221,0.7940626586390124
0.3983762334915101,0.6473460511142628,0.7925030143378048,0.513023696827728
1.0,0.8370167710641426,0.8620469339013478,0.7215477411198505
1.0,0.9229143841531162,0.9997738510704786,0.9227056680531001
1.0,0.9255899631170194,0.9998210771934556,0.9254243539631091
1.0,0.8518548493062034,0.9925181311085267,0.8454813830091287
1.0,0.8873489243238375,0.9997676703776801,0.8871427668833833
1.0,0.8979209012490792,0.9998181562752917,0.8977576199679026
0.373246818222885,0.9068094651462953,0.9309177534388171,0.8441650300910446
1.0,0.9098937368788271,0.9984381951911362,0.9084726604650147
0.36566638822045644,0.6584520605074625,0.5986171651495426,0.3941607058478523
1.0,0.9156997893773557,0.9988619421522366,0.9146576700458595
1.0,0.9281293305422644,0.9350288669329687,0.8678277163041883
0.0,0.44920872437023057,0.3034836653969375,0.13632751020016018
1.0,0.9012146219330047,0.9993749626376895,0.9006513291228361
1.0,0.7386772329042484,0.6422385362546832,0.47440698482508414
1.0,0.9414144294405863,0.9998023978771531,0.9412284039508501
0.02633790691413488,0.5522927640353174,0.34037201751994234,0.18798500235636642
1.0,0.8136379766557603,0.9957717450987376,0.8101977078931123
0.0,0.5320359950094324,0.9973463350374098,0.5306241497306391
0.9093384626149819,0.5217423799629044,0.48361741242366924,0.2523236997494267
1.0,0.8114081359753075,0.43653542764917974,0.35420839763600465
1.0,0.9623703414709884,0.999792637785016,0.9621707822253461
1.0,0.9391901305044865,0.9995971661180184,0.9388117928982966
1.0,0.865641518839228,0.998168646846527,0.8640562235139246
1.0,0.9167318619164512,0.9987779349205539,0.9156115559207875
1.0,0.9270585263017023,0.9996765065726033,0.9267586289616316
1.0,0.8891265397940792,0.9973876550822993,0.8868038345966553
1.0,0.9321615600469216,0.9998210771934556,0.9319947750844452
0.09208856203283429,0.5631402521221952,0.25359655473722076,0.14281042777203856
1.0,0.9123781620745264,0.9996964076301892,0.9121011710261385
0.5041402086206703,0.6084575907077556,0.5816716507761736,0.3539225312142736
1.0,0.8791246440006514,0.996584796861063,0.8761222547569435
1.0,0.9468504385369704,0.9997952625052149,0.9466565827502481
1.0,0.9430788582452204,0.9998057404202055,0.9428956561425047
1.0,0.9262241242825953,0.998950584727753,0.9252521305410495
1.0,0.9220686467281927,0.9997831428480939,0.9218686895476013
1.0,0.8208704592393226,0.9990719602990837,0.8201086588638391
1.0,0.946973913221847,0.999594910898802,0.946590304410482
1.0,0.8707030565686531,0.8505670823928035,0.7405913584560955
0.8200078510302138,0.48790711972194273,0.27097838010156095,0.1322122809422704
1.0,0.8181728630685657,0.9938622614847222,0.8131511319747547
1.0,0.9185763362857459,0.999769445632886,0.9183645544998875
1.0,0.9121677763047772,0.9996475480108571,0.9118462809575865
1.0,0.9385079006943664,0.9996306842920352,0.9381612949845909
1.0,0.94270850194898,0.9990202654357921,0.941784897845648
1.0,0.924192718561069,0.9995200064514641,0.9237491120185558
1.0,0.9317074859453078,0.9998244657998473,0.9315439394169861
1.0,0.9508783231416055,0.9997895697903578,0.9506782296167225
0.0,0.21100528750260275,0.4029918118188531,0.08503340311403187
0.5756379971102229,0.5353726970974326,0.3418911958839446,0.18303921165425407
0.28263869134942915,0.6191788164758474,0.2508936911228517,0.15534805873070415
0.2236301574776836,0.5600751150775424,0.38066182703428836,0.2131992165818566
1.0,0.8457991633835769,0.9942745271371786,0.8409565632262271
1.0,0.6672108711331411,0.5713321860125457,0.38119904553583245
1.0,0.8321366202119493,0.9988088164588491,0.8311453927659639
1.0,0.935485665756977,0.9997989473095718,0.9352975838470196
1.0,0.9327047376403915,0.9997852500943637,0.9325044393859967
0.04436961375238271,0.6097619902229039,0.4858809835361753,0.29627175553248025
1.0,0.9291059701041644,0.9995644315856186,0.9287012808899738
1.0,0.8908337113080985,0.9993536712866953,0.8902579399017003
1.0,0.9011379887036511,0.9992585801480306,0.9004698671094624
0.02003081836694546,0.7938292252538559,0.03784107443566218,0.0300393508020352
0.2012901717422214,0.7341609991015376,0.3102794747799059,0.22779508920511607
1.0,0.9529165952938797,0.9979560286124515,0.9509688610383789
1.0,0.5908849928437268,0.805303430473395,0.4758417117523006
1.0,0.7787751142511574,0.9987980878122283,0.7778390949498056
0.0288876947749093,0.7075417266272105,0.1708240861207349,0.12086516884338008
1.0,0.9469969210938936,0.9992713892537405,0.9463069289605098
1.0,0.8867658585470347,0.999750648894048,0.8865447424994856
1.0,0.721627494286913,0.9979853185948103,0.7201736447926995
1.0,0.6805614908397948,0.9531152883642006,0.6486535615913412
1.0,0.8811027382923032,0.9980496957173581,0.8793843198483643
1.0,0.8711170527403546,0.9987291864103257,0.8700100253515352
1.0,0.9021373977549405,0.9918009292021159,0.8947407093613289
0.2927456266700842,0.8046925347061744,0.41640801738239375,0.33508042297941115
0.6053894519777938,0.8358749442544656,0.9155167670143476,0.7652575265921464
0.9987499997222309,0.7909163721790372,0.9964127721701195,0.7880791749576485
1.0,0.915217537962371,0.9997626525222522,0.9150003133881451
1.0,0.8943627580786938,0.9982157273002734,0.8927669710258018
0.6200635217749128,0.5581077892670064,0.7238734815930765,0.403999428520923
1.0,0.9412063011563607,0.9972365341845972,0.9386053097178735
0.07101097903380851,0.5190152381562215,0.3208098566743486,0.16650520416470033
0.05538420994941899,0.8161561440811268,0.39094259615141236,0.31907020183200185
1.0,0.7594281322940541,0.7442140824943625,0.5651771106956268
0.030991473442050454,0.35321406116623566,0.2830226735047693,0.09996758791074513
1.0,0.9546395717137409,0.9997880309206316,0.9544372176425961
0.07548893689394909,0.7338074807458537,0.6327738897240556,0.46433421390016383
1.0,0.8599258585727053,0.9989848519791349,0.8590529065392845
1.0,0.5957377257030629,0.7478631630022103,0.4455302998640358
0.057534669023976207,0.6455563376955976,0.7776022693109,0.5019860731601304
0.01610439936679124,0.6354069623551981,0.092480376962226,0.058762675403031664
1.0,0.9562090260790904,0.9993801971488543,0.9556163649984354
1.0,0.6827120052078031,0.9870724392457605,0.6738862042828305
1.0,0.9384087076275546,0.9996838003268459,0.9381119831009178
1.0,0.9050082488142518,0.9989003630628046,0.9040130683153891
1.0,0.9481506155196716,0.9998113631646579,0.9479717593881323
1.0,0.7660750465623444,0.5693125984173996,0.43613617534113863
1.0,0.4862932221518417,0.30325283533115427,0.14746979841986887
1.0,0.8712194857978475,0.9990083383319689,0.8703555308293399
1.0,0.7372135878326064,0.9759186663277609,0.7194605014363008
1.0,0.9219581961578036,0.9994153758428169,0.9214191971244168
1.0,0.7940544232645987,0.9985326232474643,0.7928892462636521
0.7206288111948431,0.7222373767658523,0.8311062763939521,0.6002560168764034
0.03183523652213598,0.5223073538165763,0.2355567914686353,0.123033044425506
0.02969982846903565,0.35444215031893933,0.17454214076596503,0.06186509169435964
1.0,0.7677994063231732,0.7698203794052491,0.5910676302828302
1.0,0.7056831664398788,0.7687356535194049,0.5424838101308032
1.0,0.881652636627543,0.9996862206014012,0.881375992193449
1.0,0.9420441681988184,0.9992574471003737,0.9413446505701463
1.0,0.9010953711503795,0.9988715536875025,0.9000785334015963
1.0,0.6698727635563873,0.8407224732126477,0.563177086514917
1.0,0.8987219087760372,0.9984778250691514,0.8973538968166939
1.0,0.8100864454910577,0.9989962457586209,0.8092733177855123
0.08615955863985147,0.7428568161608152,0.5122513298244246,0.38052939194751567
1.0,0.7679208817014326,0.9988336395866146,0.7670252091844041
1.0,0.9109359001505978,0.9889523547579635,0.9008722034874987
1.0,0.8581539818765804,0.9990560688237751,0.8573439435790856
0.8698354367480932,0.6931694668290382,0.705581858171232,0.48908780043279493
1.0,0.8908639857048525,0.9969298822098247,0.8881289283337135
0.5791802245816613,0.7238397873557387,0.62280033197259,0.45080765986012306
1.0,0.8552379441924322,0.9967026213165204,0.8524179008259491
0.8121541830737355,0.5996523403067133,0.3313310616240551,0.1986834465191725
1.0,0.8549877901493526,0.9997018623838119,0.8547328861277275
1.0,0.788871863594878,0.9981377486241744,0.7874027858815483
0.245377699192619,0.5331990470588118,0.50020695121163,0.2667098697182347
1.0,0.9510137236398465,0.999803592090036,0.9508269370220394
1.0,0.8428356540676784,0.6171082275191553,0.5201208165716529
1.0,0.9141527457695058,0.9994760614075661,0.9136737858666177
1.0,0.6100104555433836,0.8145460602565797,0.4968816132781846
1.0,0.9413981866352542,0.9993894827543492,0.940823446807289
0.03076600499894222,0.5578830225036837,0.3265423657923943,0.18217244200376445
0.022747266179421848,0.6460819513403783,0.21874034229564462,0.14132418718723236
1.0,0.8633519731447695,0.9997378321072656,0.8631256299772821
0.2948475807698316,0.45406427912452385,0.2922063514979577,0.1326804663485274
1.0,0.669874406232871,0.9983817535744742,0.6687903843694334
1.0,0.8230820537090834,0.9974085905644077,0.820949111108835
1.0,0.9500513041800969,0.9996944746931596,0.9497610394638731
1.0,0.8741937454990664,0.9973500369725723,0.8718771643946853
1.0,0.82727699402624,0.9999351638261311,0.8272233565512176
0.01970240497974629,0.647422772326933,0.322426755081325,0.20874642364712848
1.0,0.7111324665585974,0.9982574401723214,0.7098932756902144
1.0,0.8815245811867256,0.9809569264176443,0.8647376437225315
1.0,0.8605136678817488,0.9992471364804913,0.859865818533162
1.0,0.9277857783654171,0.9976316638652365,0.9255884697811946
0.0851234422321398,0.7032283741310128,0.6677167054238982,0.4695573331353643
1.0,0.9048929452920482,0.9979092051378619,0.9030009997712466
1.0,0.8945411991328865,0.9994672845544471,0.894064663219425
1.0,0.9449944128536362,0.9979655345568128,0.9430718543766805
1.0,0.9334993781222519,0.99618682966318,0.9299397859841562
1.0,0.7769438712712459,0.999551161459995,0.7765951489183986
1.0,0.9465603783809238,0.9989664359818611,0.9455820476328333
0.026729314212873938,0.5317988917056213,0.30042033074361535,0.15976319893529084
1.0,0.9116236972216075,0.9957769598457484,0.9077738737426734
1.0,0.7425448618585819,0.8953732942193207,0.6648548390679488
0.2511736615292965,0.5529932963153877,0.26080676621472576,0.1442243933504379
1.0,0.8340153822281315,0.996990121299467,0.8315050970932462
1.0,0.9238097626884353,0.9598003567864031,0.8866729398311225
1.0,0.8686147227710086,0.999291729439544,0.8679995085344913
1.0,0.8909829985379435,0.9989994186829447,0.8900914975957925
1.0,0.8840975216486227,0.9988133360990432,0.8830483950347569
1.0,0.873758636567297,0.9971855415369842,0.8712994791779771
1.0,0.8293083825234856,0.9931347285167955,0.8236149553341647
0.055289785775228625,0.7233977657919827,0.2687588280809148,0.19441953577060533
1.0,0.8602354927397,0.9984108544827685,0.8588684533626493
1.0,0.8970589401750334,0.9991730009353885,0.8963170732706073
0.5034454544990524,0.8177165394657835,0.8662139293834679,0.7083174567725079
1.0,0.8615174733925883,0.9971059146488794,0.8590241682931085
1.0,0.6898197220001647,0.9238454434852761,0.637286806996132
1.0,0.9522319539596856,0.9997271379252642,0.9519721259730985
1.0,0.8646065885007949,0.999302801934553,0.8640037864599194
1.0,0.873626836249047,0.9948608050195762,0.8691370975974324
0.0,0.649322168716893,0.9204177761894669,0.5976476665609244
0.019532308323189196,0.694554606099471,0.1434627487247843,0.09964271293048993
0.08065614349641198,0.2782933874357272,0.19328967316298226,0.0537912379008709
1.0,0.9199620564892516,0.999333033063547,0.919348472214782
1.0,0.9158071674948564,0.9996643869154823,0.9154998106265501
1.0,0.7362380356945002,0.993174919462704,0.7312131518062646
1.0,0.842038282017969,0.9989548210634063,0.8411582013417983
1.0,0.9145324228601244,0.9997873573018679,0.9143379542181981
0.10992004588190932,0.6461058033012891,0.21292472894922254,0.13757190304044667
0.0,0.2866282557826261,0.35903164959838646,0.10290861549514449
1.0,0.8852706470241961,0.9648280525043101,0.8541339543075857
1.0,0.9416330877250353,0.9997738510704786,0.9414201384102443
0.6528878780862518,0.6481587303122383,0.41259452195498597,0.2674267414841286
1.0,0.8351608780372278,0.9548380218953123,0.7974433607494188
0.2293665053904194,0.7372844204246063,0.2487677906637424,0.1834126163598271
1.0,0.7214401918809332,0.6930876598323086,0.5000212942997276
0.042866953865327566,0.4471157284921897,0.40099654398671203,0.17929186188746915
1.0,0.9509396074175798,0.9997852500943637,0.950735393226621
0.014703206802106874,0.7344711582135637,0.15488225839984332,0.11375655171366537
0.25026377374414727,0.6541523683424906,0.462528572203615,0.3025641609330654
1.0,0.899003244206482,0.9671065420703691,0.8694319188145744
0.09237585018793579,0.5510406864276526,0.6485153949086069,0.35735836836933893
0.1499992162689133,0.5461550948916317,0.5428079072076774,0.29645730406893706
0.8031019815087834,0.6741039912237169,0.35698872801151277,0.24064752637443865
0.4995697794590853,0.6343366106914883,0.738240694037673,0.4682930997303895
0.348015636759122,0.5908270595131944,0.4527402009176178,0.26749116163156894
0.10475271434417731,0.6758990211219295,0.8699273382313858,0.5879830363577992
1.0,0.7279898849459672,0.9971015345136526,0.7258798313900412
1.0,0.36998127569982775,0.6129593932284325,0.22678349825884783
0.11587049121650249,0.5984320542085502,0.5745708064050215,0.3438415879652202
1.0,0.866154375875151,0.998274730862696,0.8646600264623128
0.0,0.23985214945411432,0.8199058695812256,0.1966561851691017
1.0,0.816763003718655,0.9974666998853746,0.8146938979077127
1.0,0.8626592647094222,0.9984108544827685,0.861288373606011
1.0,0.8065571145858419,0.9975809302403976,0.8046059966605551
1.0,0.8786426391968155,0.9992709943207221,0.8780021037227853
1.0,0.8444279436187481,0.9993267235389913,0.8438594101612916
0.29238350679085334,0.3993042201088933,0.1933877594769222,0.07722054847653866
0.01263635562337026,0.6483264085875884,0.041443796888235955,0.026869107994783488
0.06483604098931756,0.3484853747300844,0.3143480881667955,0.10954571130049133
1.0,0.8049650728956059,0.9991666775591358,0.8042942774362501
0.07783558615145456,0.59564441507451,0.33681914635138854,0.20062444341436864
1.0,0.9185134445518303,0.9989989468569983,0.9175939637812723
1.0,0.9158425367901831,0.9958765077887374,0.9120660672229858
1.0,0.939656994945581,0.9987046833396765,0.9384398415850385
0.277131487279045,0.5764460493892208,0.34835277734648495,0.20080658229514411
1.0,0.9235139823762932,0.9993857543153268,0.9229467178978833
1.0,0.8591659274959702,0.9989306234433726,0.858247155594853
0.0,0.5048542679484583,0.7691978697780829,0.3883328274543276
1.0,0.861867698033469,0.9989308590622896,0.8609462399946112
1.0,0.9039253167616798,0.7807183930040053,0.705711120697815
0.030989566682347494,0.535303602377718,0.25200766200171737,0.13490060929630568
1.0,0.6534350571724334,0.9013048694951028,0.5889441989283252
1.0,0.8957558547508542,0.9972866467973625,0.8933253527335846
1.0,0.8362302371861565,0.9724534328381992,0.8131949647947795
1.0,0.9438322411870292,0.9992560107729115,0.9431300401674073
1.0,0.8725948557478129,0.9978334873617976,0.8707043679648049
0.0373107429431619,0.5544997644674707,0.2487374377913615,0.13792485066955212
1.0,0.9110352205226588,0.9997852500943637,0.9108395757950203
1.0,0.8319175140760148,0.9992441077731542,0.8312886740937478
0.013173180132709536,0.5793321062119069,0.055926767719704056,0.032400172136680234
1.0,0.9418711333417774,0.9998048050021631,0.9416872848079421
1.0,0.9264112382759664,0.9998181562752917,0.9262427762057867
1.0,0.7692274482501769,0.9660875002558998,0.7431410226082379
0.17115058204996703,0.711095184472085,0.7435299319195846,0.5287205540988738
0.28213051146951884,0.4412225109216921,0.26624417897425473,0.11747292516530507
0.5499954275508183,0.7940215286222815,0.4543698735105545,0.3607794615247632
0.022074720924877268,0.5835369060349996,0.13244313923820786,0.07728545969662647
1.0,0.5462976581266475,0.6012292298337134,0.32845012025544557
1.0,0.9043895978049885,0.9998049765340127,0.9042132206110217
1.0,0.5461551320700471,0.6588679226221065,0.3598440972963941
1.0,0.7206985917379198,0.9991284495428431,0.7200704665508183
1.0,0.7771470429584029,0.9987737085273293,0.7761940341666117
0.700667331992852,0.5001624969945363,0.4060006050480446,0.20306627640212252
1.0,0.8815143843247262,0.9993536712866953,0.880944636266946
1.0,0.7732035858267206,0.9904024218913959,0.7657827040178958
1.0,0.768405376174332,0.9787326437113374,0.7520634252651087
1.0,0.9335882903537231,0.9996034018101164,0.9332180309276723
1.0,0.9150285557676594,0.9775585939420587,0.8944940283930658
1.0,0.8690604198989618,0.999832624088856,0.868914960119342
1.0,0.9125255436924476,0.9991605850803024,0.911759556136467
1.0,0.6321705416381522,0.9938674582166342,0.6282937293773433
1.0,0.8266022636609773,0.9747369857261639,0.8057197988753247
1.0,0.9117246672330624,0.999587995303876,0.9113490323885903
0.0,0.3659254555935474,0.6739577283978084,0.24661828881476033
0.0128462543840126,0.4957163756525822,0.04268278662774983,0.021158556289860648
1.0,0.8873082295721868,0.96757298121644,0.8585354689450421
1.0,0.895333711232054,0.9976618169251029,0.8932402571020663
1.0,0.8834121477508691,0.9961896279508815,0.8800460187952274
0.21040633394297453,0.4708094856428242,0.21426425922032777,0.10087764567516327
1.0,0.9363116978364229,0.9998331968505768,0.936155518096382
0.0,0.20666300175939956,0.08522596713984688,0.017613054196968705
1.0,0.863986887880711,0.9776897043195538,0.8447110849480638
0.19146469301925165,0.5990149539761285,0.6049234060536471,0.36235816623630834
1.0,0.7619685747625212,0.983003952975394,0.7490181210345854
1.0,0.8833569550232965,0.9918829965412225,0.8761867435640371
0.6205930739176396,0.9144383621562169,0.9075354880752503,0.8298852653141748
1.0,0.8648708416823498,0.9858576802821333,0.8526395617246175
0.06557856604196663,0.6287567876001158,0.662186006817163,0.41635394644010776
1.0,0.9131214336384158,0.9752825446273671,0.8905513953526637
0.5013625543101752,0.8558089155730423,0.9014833573876844,0.7714974944930995
1.0,0.9397344815326503,0.9993075145732714,0.9390837290991946
1.0,0.9467041856690851,0.9961233534872181,0.943034148189075
1.0,0.8809974036819515,0.9886842426943729,0.8710282508749989
0.0696412730502127,0.5049755704895856,0.5188983193661899,0.26203097484802895
1.0,0.8937804698061488,0.9996006433161262,0.8934235326016158
0.5365678324565671,0.7132804691295449,0.3962049255233573,0.2826052351487367
0.1941224851171777,0.5990989227734171,0.5746827373849517,0.3442918089038031
1.0,0.929986442474782,0.9995685428335753,0.9295851931594985
0.9987499997222309,0.8113854113052577,0.9968470888357931,0.8088271851834787
1.0,0.7297760541002396,0.9327358199041704,0.6806882661676172
1.0,0.6955511264489257,0.9990145999672491,0.694865730346143
0.0,0.39824973658685076,0.35815215812234064,0.1426340026302343
0.590349411634788,0.8837652903110595,0.9855425900175762,0.8709883331807967
1.0,0.6695079261891693,0.9214587188776493,0.6169239159447037
1.0,0.7681332160060569,0.9987224280743185,0.7671518705741042
0.023930024242428422,0.5087864405621083,0.3297175503270545,0.16775581882175988
0.2332233731550454,0.4778351295210181,0.20631727466450425,0.09858564166173685
1.0,0.907981080895452,0.9997018623838119,0.9077103775804499
1.0,0.839122606544181,0.8364802230462649,0.7019094650852398
1.0,0.8130439351118899,0.8925858675702883,0.7257115261946074
1.0,0.8927943041751908,0.9147592930166687,0.8166918864966062
1.0,0.8842164131616974,0.9881026393126318,0.8736965715686217
1.0,0.9286746131339185,0.9995849326865412,0.9282891506571677
1.0,0.8665549253463652,0.9992964420782624,0.8659452537640171
1.0,0.8239455804198387,0.9988207137191822,0.8229739127007092
1.0,0.8255665294372659,0.9970042071221922,0.8230933031082213
1.0,0.9198693782273567,0.9997526564155399,0.9196418544381109
1.0,0.8310272276069803,0.9297572762064967,0.7726536115933025
0.053785513757963754,0.7643102162248099,0.311901586619504,0.23838956911001438
0.5996669964771165,0.5871584887844715,0.7115269395857681,0.41777908257661955
1.0,0.9033084099431916,0.9989257907326254,0.9023380676779332
1.0,0.8783173383046327,0.9973868874260231,0.8760221962239669
1.0,0.9398283392740763,0.9997921116529922,0.9396329599141535
1.0,0.9202902303305316,0.9995256278248763,0.9198536702522246
1.0,0.762509620968732,0.9511866094715828,0.7252889410587099
1.0,0.9432078536089419,0.9987091346865914,0.9419902993073835
1.0,0.8997131625531299,0.9975782085735312,0.8975342449297776
0.12939500769711448,0.49354042284417754,0.5450856043943587,0.2690217796790659
1.0,0.9214983120250121,0.9998113631646579,0.9213244834996586
0.05760740319040495,0.7015474474705209,0.4971221497342368,0.3487547752271119
1.0,0.9493127361743356,0.9995911121273328,0.9489245737091454
1.0,0.6468443621652645,0.3828405892394448,0.2476382767575627
1.0,0.8764124397448314,0.9981483634887063,0.8747896424724478
1.0,0.5906458418102855,0.5655999379088464,0.3340692514540158
1.0,0.7343242457447849,0.924790359534243,0.6790959832370315
1.0,0.5129662234538757,0.6628297877376664,0.3400092930085248
1.0,0.91164027292754,0.9992566551602932,0.9109626098349904
0.013088951347868026,0.38892023789438573,0.20672682267112474,0.08040024505240433
0.8324624627907459,0.6372786012770417,0.47618530767280776,0.30346270682240467
0.4140603159201799,0.5666864423435972,0.6518100521459723,0.36937191953439563
1.0,0.9506696346119331,0.9037891099582158,0.8592048629302212
1.0,0.8045375151050471,0.9592624942845389,0.7717626634851524
1.0,0.9274815285412723,0.9987000735642391,0.9262758707836416
0.21677279530581295,0.5642603867327198,0.5172268551430999,0.291850625311594
1.0,0.8570297778808939,0.9637803441933339,0.8259884543099844
1.0,0.9312539658236056,0.9996028462430366,0.9308841148123917
1.0,0.7896458567824315,0.9934756955907357,0.7844939668372686
0.0,0.7324393287151786,0.9993256597349226,0.7319454153840996
0.44954016195549046,0.5054742148059751,0.6463726616225343,0.3267247136056987
1.0,0.9459543639700826,0.9980042987021789,0.9440665216182279
1.0,0.936519635358071,0.99979555870318,0.9363281720693211
1.0,0.6885019566224259,0.47705086170011657,0.32845045168894454
0.8304757071361177,0.8177610975549023,0.5757316156060608,0.4708109178750694
1.0,0.9499193086161621,0.9629227410215545,0.9146989044019748
1.0,0.5862773981554271,0.6246589897471948,0.366223447243383
1.0,0.8596075386446675,0.9649758626268031,0.829500526124141
1.0,0.6554029367625884,0.5658882626213653,0.3708848292015217
1.0,0.9364390521960706,0.9971964744497338,0.9338137213869718
1.0,0.9227880173447613,0.9989199751749205,0.9217913833777431
0.9311558605549892,0.7136277266318332,0.7908678987352605,0.5643852606405388
1.0,0.8064658953788414,0.9974502149057943,0.8044095806598192
0.21846468456300552,0.7592423453807562,0.553980769901358,0.4206056590357441
1.0,0.7147711575310544,0.714706802779813,0.510851808718246
1.0,0.10322471249011382,0.1696197745564115,0.0175089524612235
1.0,0.9416575087018692,0.984992142233429,0.9275252467464479
0.5934928066697662,0.6163688639544846,0.5183928808334898,0.31952123104143065
1.0,0.9156739720070987,0.9986297810659831,0.9144192981932681
1.0,0.9230372607811274,0.9987412509904249,0.9218753885433182
1.0,0.871420827274319,0.9989138677506664,0.8704743490110753
0.025326849375884235,0.7149310623707429,0.24200767879706198,0.17301880690426102
0.0,0.43936353112577825,0.9409718173413782,0.4134287003569488
1.0,0.9261237272800844,0.999300957205118,0.9254763271613601
1.0,0.8546479353244003,0.9993069768384778,0.8540556445102734
1.0,0.695515517449919,0.8697508502770084,0.6049252126829205
1.0,0.7187675838598528,0.9982851468665911,0.717535003016478
1.0,0.8709233376650802,0.9990840255735872,0.8701255941604129
1.0,0.8296898392165767,0.9923082466883111,0.823308069648108
1.0,0.8609847884487769,0.9291522468162456,0.799985950661791
1.0,0.938209715636244,0.9998023518138139,0.9380242801876864
1.0,0.9046136755888409,0.9971884223519334,0.9020702839984199
0.0,0.5704224612515986,0.9993118310957594,0.5700299142514849
1.0,0.9236906432128146,0.9981299306145951,0.9219632776193574
0.10502743107481742,0.5859704038625401,0.37721658297369814,0.22103775346874527
1.0,0.9166266899722829,0.9997068905482459,0.9163580180257219
0.12232853253151384,0.4577060499887978,0.4992621252083013,0.2285152952381042
0.17010962347968003,0.803119362343152,0.2410138246024317,0.1935628691305892
1.0,0.910352378248233,0.9822013489394008,0.8941493339256061
1.0,0.8878270561032688,0.9990376313454321,0.8869726391737978
1.0,0.9171700265089524,0.9996162666911371,0.9168180778198902
1.0,0.9301187917286292,0.9979387270325719,0.9282015630067422
1.0,0.8554263532954448,0.9991237684484077,0.8546768017346238
1.0,0.8778968107659273,0.9711728782421915,0.8525895725111861
1.0,0.9554376917030215,0.9981122541960837,0.9536340682096057
1.0,0.9496677897147834,0.9997728342392774,0.9494520577088991
1.0,0.5628057210179236,0.36717948900910924,0.20665071705476448
1.0,0.9089475355023232,0.9997852500943637,0.9087523391048458
1.0,0.9283509914834588,0.9983146912340256,0.9267864334196106
1.0,0.8044013562465215,0.9769401800203192,0.7858520057800656
1.0,0.7836029237409009,0.9914353183597779,0.7768916141667129
0.139947235288623,0.6533498030507545,0.3323838001849435,0.2171628903880942
0.01928437453007444,0.6604253029283863,0.11819290719704809,0.07805758653959713
1.0,0.892779269768158,0.9896472873992712,0.8835365825723598
1.0,0.873488136451082,0.9990219788649742,0.8726338465924386
1.0,0.9496169764193799,0.9997880309206316,0.9494156869831357
0.02347586628026973,0.5280473194392981,0.27109030528922684,0.1431485090339572
0.31340513279892984,0.3008132398187535,0.6155744347951689,0.1851729400803328
1.0,0.9385321569304232,0.999725681486712,0.9382747001844611
1.0,0.9579046333285514,0.9992883499017746,0.9572229404021525
0.03754005823905824,0.41927814182767875,0.160218886985573,0.06717627722100991
1.0,0.9224326497591746,0.9985840350258447,0.9211265174360983
1.0,0.8785156138667074,0.9993001268826192,0.8779007644053628
1.0,0.8617126019651852,0.9569139126456379,0.8245847775225585
1.0,0.7880880953633743,0.9952839362877358,0.7843714216947637
1.0,0.9061976645577693,0.9993260852893231,0.9055869646208428
1.0,0.9308448647222194,0.9990829706474739,0.9299912526586209
1.0,0.9528420494457517,0.9997665931627165,0.9526196495965599
0.16899814549985792,0.5833394113689044,0.4112173223844949,0.23987927078446825
1.0,0.9388371712721976,0.9992574471003737,0.9381400350083924
1.0,0.9141994557612363,0.999817392389099,0.9140325159827327
0.2663033427259194,0.6729255486108451,0.8618296532205905,0.5799471922025602
0.7934569531875547,0.661393902088134,0.9320541492980337,0.6164549307616627
1.0,0.9343282038552981,0.9986518707159449,0.9330686086427622
1.0,0.9332148903888582,0.9995401482089118,0.9327857498500427
0.18256155576142047,0.53787658800994,0.7105644928854887,0.38219600499425993
1.0,0.5309182077183184,0.5492379837852155,0.29160044596206947
1.0,0.924969550831459,0.9992009781895205,0.9242304799863152
1.0,0.8046621391750591,0.9989602221716696,0.803825469323448
1.0,0.8756160133247333,0.9993267235389913,0.8750264816740795
0.0,0.07006353905217674,0.25383926555967773,0.017784877295516345
0.19702426520460467,0.5747195884203372,0.4583762310853444,0.2634377988710345
1.0,0.8313366024712472,0.9918085965719914,0.8245267889759352
1.0,0.6712033780478085,0.8373322199173134,0.5620202145567712
0.015139097228776183,0.7628746953262068,0.27738154954429584,0.21160736509771583
0.020582673016587134,0.6699790293738849,0.05841446220229871,0.03913646468769358
1.0,0.8983362505014947,0.9617988772262465,0.8640187971039737
1.0,0.49510063972678503,0.9385257041005685,0.4646646765002228
0.8458107017309019,0.6426428186825162,0.7298493481640876,0.46903244231776636
1.0,0.9466535051452319,0.9942718331346332,0.9412309159040757
0.1613190482355021,0.667921045378708,0.23991599203417388,0.1602449402025352
1.0,0.9478199812804488,0.9997952625052149,0.9476259269919741
1.0,0.9263836117613339,0.9996907701944805,0.9260971463372325
1.0,0.7091432537226203,0.8901306617623633,0.6312301537204316
1.0,0.6458395495028627,0.7066157427244255,0.4563603929527737
1.0,0.9326821947677187,0.9994476407269489,0.9321670191086292
0.02107089866038505,0.5730230042068414,0.2793080164661394,0.16004991869448112
1.0,0.7391317966597881,0.9090030557995243,0.6718730618023401
1.0,0.879828019865486,0.9993293482591903,0.87923796167235
1.0,0.9192789609835407,0.9952076913490469,0.91487349246618
1.0,0.9291062298284589,0.9991440638487649,0.928310974218011
1.0,0.9429695032893639,0.9998198455774481,0.9427996231630147
0.9049144501994295,0.26763655813721016,0.6059849853026281,0.16218373574922326
0.971920290967519,0.6898305964885152,0.797958899986385,0.5504564639509274
1.0,0.8405123203956991,0.9970176490328331,0.8380056176640512
1.0,0.9467528992704528,0.9976110574748531,0.9444911610085795
0.9987499997222309,0.9662164937698531,0.9990381901342663,0.9652871772137106
0.3098651820700695,0.501730785758489,0.27439287256413136,0.13767135155813057
1.0,0.818469640569121,0.9976950356777913,0.8165830972487982
0.06539294861644399,0.7900773947555632,0.6228470971873806,0.4920974118768707
1.0,0.9118621738918455,0.9997397967291738,0.9116249043716562
1.0,0.932509198788651,0.999726445456045,0.9322541066600426
1.0,0.900192552435479,0.9786966317900656,0.8810154190311054
0.7372004398321923,0.7214816716357483,0.9459506092162523,0.6824860268221962
1.0,0.9385503153518662,0.999689156228186,0.938258572831805
1.0,0.9274514163526639,0.9998331968505768,0.9272967145354793
1.0,0.8741491616595503,0.9988234302083696,0.8731206641625626
1.0,0.839388143482207,0.9796207942133539,0.8222820797713123
0.20220735191243383,0.5391767669207264,0.6183976296918474,0.33342563464869085
1.0,0.9355305290981697,0.9997536872347473,0.9353000959865693
0.20190359022419188,0.7567380630562635,0.36370295430128086,0.275227869165792
1.0,0.9364278661911262,0.9992746083923434,0.9357485892758154
1.0,0.9490486112990323,0.9997666588894752,0.9488271592421298
1.0,0.9060081825403369,0.9994462208795798,0.9055064541259162
0.6660295828117073,0.34516625821747254,0.603894829398214,0.20844411862026047
1.0,0.9229302717476746,0.9933837377372982,0.9168239230196054
1.0,0.8871801383987681,0.999817392389099,0.8870181325532562
1.0,0.9027485210061039,0.9893393194491467,0.8931246074059025
0.0,0.5007723496328519,0.2005802882247008,0.10044506222431808
0.0,0.9215942641979972,0.9985287869129885,0.9202384026555943
1.0,0.9455639049212959,0.9852473166379059,0.9316143000333668
0.1507197789005979,0.6911369644019565,0.6252749968702607,0.4321506632533548
1.0,0.9127790851439059,0.999817392389099,0.9126124047358873
1.0,0.689922637381887,0.8741098430764279,0.6030681682967565
0.4356385291913561,0.5954911573085335,0.6105312302574468,0.3635659488790098
1.0,0.8632912925353842,0.9986785974420072,0.862150537213135
1.0,0.7540348257088695,0.9986797027667138,0.7530392756146846
0.05599087479035532,0.44203074934449654,0.37352523232852464,0.1651096383452549
1.0,0.9537995062576408,0.9993649776315915,0.9531938222361902
1.0,0.9327897890408778,0.998839657011472,0.9317074329493937
0.029513119800957725,0.5121288438080542,0.2559409881693267,0.13107476235424817
1.0,0.9072261148205589,0.9969376713041374,0.904447890255508
0.10835372183675956,0.303435819475886,0.23260463297838746,0.07058057742168469
0.007929169647875297,0.36712371493792334,0.22934519621436952,0.08419806043738629
0.9503735063758594,0.26329786649165904,0.2675049325193139,0.07043347800833057
1.0,0.9393657334283254,0.9995695121481997,0.9389613478916871
0.5099750724757519,0.9123021476637045,0.6274157811918873,0.5723927646594598
1.0,0.956306713851597,0.9995288095687893,0.9558561112787276
1.0,0.8926689489709614,0.999333033063547,0.8920735682967995
0.5158886690722942,0.7506589469330959,0.41470213702330666,0.3112998694688198
1.0,0.9530720192672419,0.9997442477543436,0.9528282689580421
1.0,0.9201105965810165,0.9990435680297134,0.9192305733902469
1.0,0.9149975528539346,0.9840340552578618,0.900388752485877
1.0,0.4841608970158736,0.5236011527816092,0.2535072038092894
1.0,0.8877371443768167,0.9992471364804913,0.8870687994659027
0.014979951677213704,0.40769003835239104,0.11553672543323991,0.04710317202298725
0.6568204281545823,0.7714511317007868,0.3690629180803287,0.28471400582186435
1.0,0.9459114107376714,0.9995267969357831,0.9454638025596326
1.0,0.9372896487336222,0.9989124905025766,0.9362703373387877
1.0,0.932290419842696,0.9984385451952938,0.9308346904872511
0.9945597986446014,0.5544649562098013,0.6041497608814619,0.3349798707113017
0.08879340467418957,0.43809702034082754,0.4184940905391031,0.18334101409542555
1.0,0.8223291744123011,0.9340200675309318,0.7680719510172329
1.0,0.8574464017027662,0.950210318550668,0.8147544185021095
0.0,0.04409032498522643,0.12954030118447363,0.005711473977907554
1.0,0.8575235218106535,0.9884841683546266,0.8476484253015343
1.0,0.5845920091315063,0.8817010392474418,0.5154353819869991
1.0,0.8576829749869619,0.937779092807921,0.804317162200072
1.0,0.9424784784833581,0.999786953705668,0.9422776869360295
1.0,0.9093508862097912,0.9997831428480939,0.9091536869665244
0.03937332203214379,0.7651991522370186,0.2049624640732631,0.15683710374927132
0.0,0.6145257567914459,0.047424073440740094,0.029143314621303918
0.37793668994538127,0.6431303199882383,0.8350207267145854,0.5370271471687627
1.0,0.5413502274546953,0.44163126083893717,0.2390771835062625
1.0,0.8924365439832552,0.9849149783298222,0.8789741193780093
1.0,0.9051114557622039,0.9982490538095357,0.9035266543067914
1.0,0.9024546964430334,0.9997865934156752,0.9022621066687577
1.0,0.8019083562431517,0.9622121642597412,0.7716059749986945
1.0,0.9239838423096187,0.9954459401129583,0.9197759645570818
1.0,0.9336762465413397,0.9917688613936432,0.925991027942595
1.0,0.9436875993139029,0.9997771539352717,0.9434773022460629
0.14146159012466364,0.6798294563854597,0.4627421241729899,0.3145857267231766
1.0,0.924419917810066,0.9992046801246829,0.9236847082762927
1.0,0.9258316050200329,0.9995953355603685,0.9254569538923944
0.027952557158223604,0.2851234431357301,0.19121897996315593,0.05452101395999721
0.27781792335871036,0.5529640732930972,0.11179101080008313,0.061816412689566586
1.0,0.9426680612938638,0.9996199397508131,0.942309790635588
1.0,0.919651636849621,0.9993034257433847,0.9190110311943375
1.0,0.9276800340284782,0.9989284883026024,0.9266860140205745
1.0,0.7199579082329519,0.72184961755199,0.519701340711487
1.0,0.8268505235938796,0.9996647929012568,0.8265733574287714
1.0,0.942505247193528,0.9995335576126925,0.9420656227959772
1.0,0.8945540626316447,0.9987894143589471,0.8934711283282772
1.0,0.8633726779921325,0.9994450321361602,0.8628935339013295
0.33257476308976264,0.464884672153014,0.27321586088629274,0.12701386591512767
1.0,0.8615691394750553,0.9626682408058541,0.8294052478310651
1.0,0.8794227321763027,0.9993108978367233,0.8788167200691254
0.7940926784079283,0.6197350451053469,0.6657916961796269,0.4126144468626465
1.0,0.7632145512515467,0.7216558818567655,0.5507782700293505
1.0,0.9646270509733518,0.9347584881140927,0.9016933237618061
0.8610811279057354,0.6549875388924371,0.1863235556471549,0.12203960715101803
1.0,0.8664715909519204,0.9992337971532719,0.8658076979523239
1.0,0.908918025629713,0.9997922525030194,0.9087292001849279
1.0,0.43273681013066473,0.42590027238455375,0.18430272530547304
0.8338544204412853,0.5872127672816051,0.7363463987223112,0.43239200647157255
1.0,0.8887870552618226,0.991688271199962,0.8813996982975019
0.2357528203598973,0.6261599777748114,0.5885708675765544,0.3685395213606368
1.0,0.8901262745105646,0.9990326791862877,0.8892652368383983
1.0,0.8292775202984832,0.9927378992717751,0.8232552234144231
0.5485011168210148,0.39689998222938244,0.2212642185163025,0.08781976439711867
1.0,0.9493955055914458,0.9997880309206316,0.9491942631001691
0.7441174283509467,0.7607877623109854,0.9550284579665369,0.7265739634796726
1.0,0.624071934214842,0.6288517909693034,0.39244875352468067
1.0,0.883538782386844,0.9996984737774204,0.8832723722752883
1.0,0.9411737133095124,0.9994147073704575,0.9406228512719932
1.0,0.33343766780010275,0.7320565943030342,0.2440952435020897
1.0,0.9554103138115544,0.9997852500943637,0.9552051395368194
0.023942608221027947,0.848901280794107,0.11062950412505242,0.09391352774537394
1.0,0.9348065033201053,0.9919747411842975,0.9273044391883596
1.0,0.6739199367703514,0.8474778220802394,0.5711322002705901
1.0,0.9408913703439885,0.9998113631646579,0.9407138835734862
1.0,0.6993324916541406,0.7531700989021037,0.5267163219046037
0.02184317572502407,0.749213512598568,0.043541862847162875,0.032622152008807984
1.0,0.70744843488939,0.5608754383872379,0.3967904510549519
1.0,0.7256834415327457,0.8482135992500549,0.615534563858657
1.0,0.938838990401272,0.9989347631956568,0.9378389045553441
0.018013384140737432,0.6644602290426547,0.13955464252972613,0.09272850973926762
0.3642401848180922,0.8261802081446412,0.389794377182716,0.32204039967442705
1.0,0.848951768656565,0.9990390115748378,0.848135935833365
1.0,0.8992450613135066,0.9991586006251996,0.898488437081125
1.0,0.8027629050739225,0.9989284883026024,0.8019027352308988
0.38014119520462936,0.8533114121557379,0.6687620885031158,0.5706623221368143
1.0,0.8691566365973559,0.9993267235389913,0.8685714538930054
1.0,0.567949266863778,0.7903514308250732,0.44887951570183826
1.0,0.9019783602924357,0.99251195558164,0.8952243062661664
1.0,0.9469007385313142,0.9996462593749866,0.9465657812722404
1.0,0.8596738006449175,0.9794199007061326,0.8419816284673087
1.0,0.877492869958348,0.999238487169132,0.8768246478788795
1.0,0.5068734991325397,0.7623058552595354,0.386392636264624
1.0,0.9418037156815445,0.9993156728622801,0.9411592138404982
0.034464221139565224,0.3888030729551257,0.25210736808883955,0.0980201194275698
1.0,0.9106555362091078,0.997990294000143,0.9088253863141854
0.8391627272205767,0.5206210120490764,0.34798879474657946,0.1811702785027025
0.7842311716692045,0.6692903526102661,0.8930438885623984,0.5977056590723708
1.0,0.8694159653711837,0.9836491802458259,0.8552003016299983
1.0,0.8008569958242936,0.981282416286177,0.7858668879621515
1.0,0.9177683789222825,0.9964278526941409,0.9144899750801125
1.0,0.8523316074043505,0.9941020319902419,0.8473045828501741
0.5946894174153816,0.6400088293597223,0.5650757383410029,0.36165346179520597
0.013589610734188712,0.6377358403958647,0.07225575009576103,0.04608008151075375
0.07957003157094929,0.6729097782018633,0.3840211639712129,0.2584115962726902
0.06398449573214925,0.6689370933318073,0.5404926248923884,0.3615555654627931
0.05435655839495558,0.441895916074238,0.31353234551842796,0.13854866304177024
0.20289801662183682,0.6927002342836517,0.41434204979182004,0.2870148349643622
1.0,0.9445201840211319,0.9997427088846175,0.9442771673694837
1.0,0.79448964181661,0.9756536926204482,0.7751467527870728
0.21381718221023818,0.7934666982604972,0.25924294238700923,0.2057006415431565
1.0,0.9449945141901098,0.9997614352153923,0.9447690717773766
0.014238827951848844,0.6540629527731515,0.6473063885320357,0.4233791278321881
1.0,0.8860416179516281,0.9991882780750574,0.8853223985439251
1.0,0.879586208350995,0.9998031068639781,0.8794130238640312
1.0,0.8309267301199809,0.9997938174866688,0.8307554075583707
0.15060912037168828,0.3902718912797396,0.3130875685718102,0.12218927752269552
1.0,0.9162740334665542,0.9252088420925892,0.847744837543097
1.0,0.749061645118333,0.9768858510677292,0.731747722693616
1.0,0.8427510801972626,0.9084703438459559,0.765614363603358
0.09356324387350827,0.5708525983491491,0.2220011704733651,0.12672994500127288
0.04780282468820066,0.7242353052797997,0.30329228253366947,0.21965497882977938
1.0,0.5079135740811378,0.5001373519267118,0.25402654994857204
0.18777337482100734,0.48398155960976824,0.2270952477354375,0.10990991217896373
1.0,0.938872488096845,0.9981646859269461,0.9371493622066377
1.0,0.7574825281727846,0.9981606757577961,0.7560892721956705
1.0,0.702928376831652,0.4710007494268797,0.33107979228112816
1.0,0.9318551631164473,0.9997860471385461,0.931655790037838
0.0,0.09137830107260735,0.4912161493639228,0.0448864971883034
1.0,0.9111112044489951,0.9992490933121292,0.9104270449521803
0.0,0.3415713563557288,0.2737728242710879,0.09351295491961407
0.033703443972990285,0.5140656460276041,0.3613083442894864,0.18573620742233882
1.0,0.8219372681853975,0.9681280684728492,0.795740539854179
1.0,0.6876310382863315,0.6892657555445675,0.4739605271403237
1.0,0.9212432975267355,0.9993904181723917,0.9206817243537573
1.0,0.8215507006496077,0.8767420395849339,0.7202880369099686
0.3493505582924074,0.5206485556317422,0.3707505649980518,0.19303074616588803
1.0,0.8485126971022329,0.9992340003530841,0.8478627366758489
0.01580946695743721,0.48272640275305645,0.0601180927310146,0.029020590644417348
0.24431734597778018,0.5791954090826741,0.3397500809042544,0.19678168709521124
1.0,0.8514668789016352,0.9985650261007067,0.8502450461542986
1.0,0.5591139353355474,0.7309892375187917,0.40870626927706283
1.0,0.7515104591953549,0.3112519536292701,0.23390909859738407
0.0,0.19298009808239353,0.09593315915555717,0.01851319046319329
0.0,0.2540459588729264,0.42056495500751917,0.10684282726323437
0.3688737793698937,0.726359713921089,0.4739858283847253,0.34428421070817944
1.0,0.9430876074537743,0.9998057404202055,0.9429044036514409
0.19363422714118964,0.855596905009858,0.6439920143200477,0.550997574303297
1.0,0.9493929282478892,0.9998057404202055,0.9492084995765879
1.0,0.8847586540106941,0.9945802533649746,0.87996348627281
1.0,0.8981060420936403,0.98183701211861,0.8817937529348904
0.4200624142290359,0.6171017284709202,0.4153005764917802,0.25628270358804717
0.4329288493042567,0.5575454240024211,0.09173714914577147,0.0511476277172525
0.663879421799986,0.4560052028979397,0.2639044058107008,0.12034178211736883
1.0,0.949223842524364,0.9997436709145707,0.948980528844942
1.0,0.8850887852307929,0.9992930225213046,0.8844630473929889
0.0,0.17394581558141162,0.18413838880218994,0.032030102220044
1.0,0.8926472965556823,0.9971670102425466,0.8901184359075216
0.01784011674408001,0.7049213059214455,0.1801103809527421,0.126963644951216
1.0,0.8824010791552814,0.9989462116802212,0.8814712152047074
0.49505376142985963,0.5334908883632268,0.5324649298344195,0.2840651884396277
1.0,0.9253236244123283,0.999682970335268,0.9250302693739122
1.0,0.8805373821168583,0.9987847394406606,0.8794672997653477
1.0,0.9389040360602912,0.9995667902675105,0.9384972936939961
1.0,0.6430747440615534,0.7086016174248614,0.4556838037670955
1.0,0.8623137835930001,0.9988779175400966,0.8613461964214975
0.3459186173348643,0.7277219161303558,0.08199651055905038,0.059670657780035094
0.4564807902923958,0.7083930006939638,0.6146022942623128,0.4353799634658743
0.5095583051576418,0.7407648109432111,0.5769833922815326,0.42740899350080214
1.0,0.8994588733567653,0.99953757764814,0.8990429434691464
0.0,0.513767948701945,0.9807835280851284,0.5038951413449528
1.0,0.8877011664709196,0.9988278445238903,0.8866606426874917
0.12816533745867273,0.5335881495532282,0.6084488002865998,0.3246610694428085
1.0,0.8616631258847448,0.9971059146488794,0.859169399254521
1.0,0.9512635803755594,0.9996765065726033,0.9509558528595861
0.009643379978095772,0.5142758436188629,0.2885014132270169,0.1483693076725583
1.0,0.9514860030105844,0.9998331968505768,0.9513272921486502
0.01390980075785245,0.6757703711088705,0.06270459289718189,0.04237390601235925
0.0909091236205627,0.5135654639253856,0.38374424178194966,0.19707778955944233
1.0,0.9440296792446736,0.9990578711447072,0.9431402816436044
1.0,0.8679274785869788,0.998245042123504,0.8664043024222052
0.9786464553801433,0.5867624617433177,0.47018697628064315,0.27588806768207713
1.0,0.9077484438944857,0.9897933474802016,0.898483370952267
1.0,0.8144124676689459,0.9912810695137392,0.8073116619761962
1.0,0.9478058965990634,0.9998181562752917,0.9476335440445254
1.0,0.9411246345319699,0.9994708199496025,0.940626610150438
0.041513293019569915,0.5758116552515224,0.29405486884405996,0.1693202207638675
0.8270424102984941,0.26598423398921606,0.09788034848434504,0.026034629514206042
1.0,0.6209888345833107,0.4257563409231206,0.26438993396630334
1.0,0.8433299003858411,0.9998207809954905,0.843178759640621
1.0,0.7652590978341813,0.7418658038384486,0.5677195557594409
0.5103623853325463,0.9406590902512595,0.5114723206164519,0.48112108779977214
1.0,0.755051454150645,0.9827555314081076,0.7420309930642816
1.0,0.9093652456279189,0.9948817675178704,0.9047109028896263
0.2817067310581062,0.6460437997252495,0.5930166523768126,0.3831147314018634
0.7860603903887415,0.40865095301195553,0.6459513619372294,0.2639686396550194
0.0,0.38263071663812015,0.8878076583971031,0.3397024805692949
1.0,0.784247975576033,0.8717450820572945,0.683664315821796
1.0,0.757460409299101,0.9987323593346495,0.7565002216818805
0.9873158601145519,0.40516051847229867,0.39546722444189536,0.16022770569367922
1.0,0.8367918780041785,0.9924090117736949,0.830439800710381
1.0,0.5817711384594308,0.7096787965662028,0.4128706414188386
0.025106990877825267,0.2947710964898249,0.16616603202397878,0.048980943459071585
1.0,0.8876054735143686,0.7693315197193427,0.6828628678500159
1.0,0.9352965652644114,0.9997952625052149,0.9351050749887581
0.0587728416241844,0.6394724923604584,0.16591272302344987,0.1060966225061159
1.0,0.8969531617057876,0.9982383513575894,0.8953730453861628
1.0,0.6979352613768254,0.9160210499247947,0.6393233909059356
1.0,0.9423350926328794,0.9996892550804688,0.9420422667903477
1.0,0.7318689235840643,0.6413585584276563,0.46939039778787606
1.0,0.7150222582265703,0.3347232424111189,0.23933456866971795
1.0,0.9286531368732946,0.9989253153782784,0.9276551276281835
1.0,0.8589117414659191,0.9801041592790185,0.8418229702643323
0.03221301887027325,0.5634441522697491,0.17463824569200853,0.09839889829780991
1.0,0.9386362427980309,0.9997952625052149,0.938444068765166
1.0,0.7736855867538982,0.9796247996862513,0.7579215879439273
1.0,0.7000682575826456,0.8844708687214223,0.619189979948415
0.6002875965310237,0.5748090559088253,0.7480081886716015,0.42996188074239367
1.0,0.49611619240586285,0.6507974928464131,0.32287117417824424
0.7148735303021103,0.4184438652850671,0.4158265197129405,0.17400005619671996
1.0,0.5675001260691622,0.2870529848290097,0.16290260507899232
0.9569140330090607,0.542323816360367,0.4450463623289566,0.2413592416755384
1.0,0.9454842277004987,0.9993472913430911,0.9448671019601077
0.039265218218747996,0.5600233162142199,0.25808427071369,0.14453320914780915
1.0,0.9274063470832199,0.9995316391409784,0.9269719862498379
1.0,0.8401605743000904,0.99428487963892,0.8353589554953312
1.0,0.9372291383232314,0.9994377962572684,0.936702224593869
0.031098802207706115,0.4960899605642244,0.2548305699710416,0.12641888740749285
0.051701057902195015,0.6637044094690182,0.5407054402454612,0.35886858491479934
1.0,0.6607157900833234,0.9983785806501504,0.6596444927165311
0.1102958588721394,0.4766060606391256,0.41277470400167593,0.19673092560571986
1.0,0.9318565104848484,0.9996196636697473,0.9315020915993285
0.854867893223193,0.701603222927111,0.3486923689175942,0.24464368984267326
0.5102627723930695,0.8199021644521522,0.5468472760545542,0.44836126526189257
0.1812044592356922,0.6777686846068512,0.4954557583811572,0.3358043976388868
0.029427548217272434,0.37264597444923114,0.1388584487220313,0.051745041934529945
1.0,0.9085725561304485,0.9993935979786102,0.9080215958958316
1.0,0.9491153388734024,0.9996648648090662,0.9487972569230909
0.0,0.7517923595242292,0.4511841502955478,0.3391967969306243
0.023583324905982653,0.14275565792131187,0.3614766263897687,0.05160283362344767
1.0,0.9414038893760348,0.9986721219235595,0.9401538197902566
1.0,0.9581795481047563,0.9998181562752917,0.9580053091667896
1.0,0.8800535904957988,0.9988440726060034,0.8790363124423596
1.0,0.9592772122838608,0.9998181562752917,0.9591027737425513
1.0,0.9476058689568281,0.9996261887404905,0.9472516432134347
1.0,0.9270805978715618,0.999817392389099,0.9269113058984718
0.013280933546741605,0.2481865672444276,0.09773155965922756,0.02425566030326767
1.0,0.8408703760251157,0.978792765176643,0.8230378405047466
1.0,0.9332590667594897,0.9997839134464502,0.9330574020241845
1.0,0.5693844530257853,0.5320554561365216,0.30294410487167805
1.0,0.7811876192554819,0.997449880365199,0.779195497369155
1.0,0.9228236178591519,0.9996283647333124,0.9224806640578233
1.0,0.898886138018407,0.9968139012578401,0.8960221980247216
0.0,0.5748963870898408,0.2660615163734273,0.15295780450672788
1.0,0.8537775772347986,0.9992709943207221,0.8531551685321543
0.03123317680959717,0.5475915651138381,0.2566307801904059,0.14052885058084974
1.0,0.915769634831927,0.9985725293092215,0.9144624005186994
1.0,0.9536709227912873,0.9996161488396601,0.9533048551009914
1.0,0.9581956172915608,0.9997931888679559,0.957997451771229
1.0,0.9419976889924502,0.9997160422339649,0.9417302014330737
1.0,0.805309190318933,0.997327400928397,0.8031569217245332
1.0,0.9007353593702527,0.9999341390862306,0.9006760361164202
0.016690158964296996,0.7020538924495839,0.6400644789679126,0.4493597588781379
0.14926514367956126,0.2920954419183906,0.10770428912146901,0.0314599319274416
0.6760953585774837,0.5281137690517229,0.8624990065949332,0.45549760117621696
1.0,0.9154883528403495,0.9997831428480939,0.9152898226435493
1.0,0.9480190887641506,0.9998039754740055,0.9478332537716418
1.0,0.8594133049358494,0.9992709943207221,0.8587867877557042
0.06257886966216347,0.4321038718389435,0.22810495715995072,0.09856503517447104
1.0,0.8710124136654599,0.997572899259686,0.8688983787914297
0.0,0.5878949121717539,0.8291280907875632,0.4874401861126885
1.0,0.9260365169805418,0.9983580116118499,0.9245159757726568
0.021065083526370758,0.652356500605544,0.4212719475491785,0.27481949350646434
0.37207465737326123,0.931968702875584,0.9265898794530255,0.86355276805148
1.0,0.9059663354851858,0.9991793190041158,0.9052228261307422
0.7361603096181116,0.4942424755925745,0.43839265655213827,0.2166722718559341
1.0,0.8811362187396412,0.9991938142146801,0.8804258592451628
0.0,0.5581803250617711,0.9701654019049845,0.541527239399008
1.0,0.9064461760463384,0.9997869576599977,0.9062530646319074
0.2635654440155933,0.6873971985399233,0.6269348539387739,0.43095326226454916
1.0,0.9459172418690153,0.9997018623838119,0.9456352283574132
1.0,0.920912071349256,0.9992222067645612,0.9201957921697266
0.022596715753676718,0.6276028646616156,0.18473731576910477,0.11594166858658761
1.0,0.5188845533742189,0.6600035658015004,0.3424656554663035
0.6490277756689563,0.7958284243813032,0.6952082990139603,0.5532665252210859
1.0,0.8170091302228903,0.998943508472462,0.8161459669988887
1.0,0.6311499573299271,0.972878668133853,0.6140323298798777
1.0,0.8449332426626968,0.9929134049125561,0.8389455428960252
1.0,0.7300839768664877,0.9971677277218111,0.7280161802580588
1.0,0.7432273081901709,0.9753145825674097,0.7248804318401961
1.0,0.8524790494849412,0.9960461380833218,0.8491084650364167
0.7078799772809511,0.5071072818546418,0.49106935777584637,0.24902484722381407
1.0,0.8537357310744036,0.9970421315703325,0.8512104931081795
0.8952496234878018,0.22511626558130093,0.5990645344693918,0.13485917084195
0.21054594916438296,0.711231154345508,0.16663299462530431,0.11851457711940401
1.0,0.6345533076066399,0.5351184407265077,0.3395611765243131
0.212785090101665,0.6619366171998814,0.40993386967157824,0.27135023896606153
0.243496320712824,0.6929301679920766,0.758789069726054,0.5257878375558261
0.11064884832891832,0.6945527592163887,0.48108953095427387,0.33414206115440914
0.0,0.4306490613906265,0.724785319056635,0.31212811736144563
0.5514445396879409,0.8323516677174636,0.6758723762490634,0.5625634995350729
1.0,0.9315864387726185,0.9984456879245812,0.9301384627215378
0.5534590420643244,0.934097110796853,0.9520121091267726,0.8892717605789365
0.7424234785125489,0.9276589641165135,0.9044320018179779,0.83900445392029
0.47107622748621136,0.6503406034233222,0.7076211303111956,0.4601947528816763
1.0,0.8816253852598368,0.9963642540608026,0.8784200193454851
0.0,0.3113810658670646,0.2317351556734452,0.07215793977246751
1.0,0.7859613517406949,0.6426184817215848,0.5050732905474498
0.3561647999756366,0.7081608479289742,0.9591989668458006,0.6792671536941182
1.0,0.9403280276786562,0.9997989473095718,0.9401389721988063
1.0,0.6707495092636421,0.830666118550121,0.5571688913794279
1.0,0.938197248746166,0.9992744691380845,0.9375165576876364
1.0,0.9405279052499664,0.9996321452515923,0.9401819275940103
1.0,0.7890370865844624,0.8087162871339652,0.6381071430735874
1.0,0.9419273083775884,0.9997230033354283,0.9416663976548988
1.0,0.7284458306256046,0.922384678248231,0.6719072731028637
0.0263707992604712,0.6152706830096828,0.36459148403491676,0.2243224514016771
0.022974031217392808,0.4308540667619382,0.21218554620994187,0.09142100549265662
1.0,0.6607009699797379,0.9779436764862942,0.6461283356400456
1.0,0.8455763990944094,0.9675219766096013,0.818113749026252
1.0,0.9205679365554239,0.9896304678790956,0.9110220777678377
1.0,0.7108034429949629,0.9979815621436084,0.7093687304171684
1.0,0.9110860147932585,0.9993199304283575,0.9104664129174486
1.0,0.8751996078164123,0.9998331968505768,0.8750536217654545
0.031138555022824144,0.603083640639552,0.14467456097180567,0.08725086093880541
1.0,0.7620902477395162,0.9779553908797506,0.7452902661137445
1.0,0.9406777009662486,0.999835946236891,0.9405233792495323
0.4686430771286689,0.772535201937911,0.748478515897575,0.578226001425121
0.20929603725177354,0.8191773757086408,0.5681325033044082,0.4654012931116858
1.0,0.7302137461385209,0.9896816582961061,0.7226791511889832
1.0,0.5342173069884688,0.8899516615224422,0.4754275799684324
1.0,0.7045410918904774,0.6881909321347564,0.48485879075534666
1.0,0.7389809607669647,0.9536836607333811,0.70475406787651
1.0,0.7509101327641176,0.9992522689410802,0.7503486539353923
1.0,0.8670239283481955,0.9993038297689146,0.8664203320996409
1.0,0.9316874318352216,0.9996790424640686,0.9313883997328415
0.18807595722108583,0.6919832489517406,0.8032449397477132,0.5558320431106677
1.0,0.5452263823788934,0.6445046706029117,0.3514009499791259
1.0,0.9124083026074921,0.9969421013573736,0.9096182504974275
1.0,0.830337413156371,0.9996517859047551,0.8300482779653008
1.0,0.9485056263160239,0.9994638511499722,0.9479970861152296
1.0,0.9556025811533087,0.9986764559825551,0.9543377990739682
1.0,0.39096902406696443,0.7486313892615365,0.2926916836454787
1.0,0.7724490101741891,0.9744401694128892,0.7527053443369555
0.3374920660713847,0.2850937099762067,0.31121030584763865,0.08872410067693327
1.0,0.9423521280538832,0.9972655682813835,0.9397753305048269
0.09262703712734631,0.5635162376671176,0.273364143699109,0.15404513377041518
0.8026229097856145,0.6237349808543455,0.8304400666437033,0.5179745190686917
1.0,0.9444894750601945,0.9937848508116649,0.9386193320658831
1.0,0.912354321632983,0.998877768518826,0.9113304488912614
1.0,0.9358784491255904,0.9997388647784236,0.9356340582994094
1.0,0.80619364240808,0.9984468492460384,0.8049415021445349
0.735647390797644,0.5283300972399843,0.2552998399415894,0.13488258926169233
1.0,0.9283853611735549,0.9995367807087654,0.9279553151645594
0.7407860585855857,0.5421637043543996,0.4096417711010097,0.22209290007842047
0.0,0.3404055136147729,0.5200044953900341,0.17701239733523538
1.0,0.8981388508477157,0.999823981483908,0.897980761779945
1.0,0.8083594893241536,0.980935161520544,0.7929482462268531
1.0,0.9262698997568093,0.9993265536078703,0.9256461066346797
0.0,0.3104760179399389,0.4121448018820326,0.12796107690297853
1.0,0.6829003241153849,0.9571170885186387,0.653615569965752
1.0,0.5921914885610179,0.2844777325448058,0.16846529189817167
0.22084418990659602,0.550548844333047,0.3559372240126831,0.19596082733529552
1.0,0.9452703287110701,0.9998113631646579,0.9450920159077193
1.0,0.954824288796783,0.9988892857754184,0.9537637518772404
0.8217215135866364,0.6752095716525333,0.7877056629770142,0.5318664032869844
1.0,0.910195376055022,0.9991247720507007,0.9093987476225757
1.0,0.6770947075277458,0.8074381176118289,0.5467120760911349
1.0,0.9213706413294909,0.9989534026846182,0.9204063372898038
1.0,0.8917974178694795,0.9991313535020224,0.8910227611655418
1.0,0.8326744124658749,0.9992337971532719,0.832036414960646
0.1528391459335736,0.5820247974427724,0.40927238300898966,0.23820667581972796
0.8817924407690936,0.7784942399845133,0.781153945020964,0.6081238467399996
1.0,0.8663101810540061,0.9969629601198856,0.8636791624855961
0.15893552400754515,0.4139625700122223,0.5214615188821281,0.21586555051892273
1.0,0.782399628184589,0.9521850409120389,0.7449892219725069
1.0,0.9298568797877794,0.9989187874429217,0.9288515068530673
0.0,0.16949670254887997,0.07837749681226501,0.01328472726371427
1.0,0.9269588626653464,0.9994849732574579,0.9264814540618374
1.0,0.9310041554297367,0.9998207809954905,0.9308373017918065
0.3580312895886747,0.6798767940044078,0.19708430282814363,0.13399304395539213
1.0,0.9483536196934029,0.9990262850691519,0.9474301936141837
1.0,0.693233882412802,0.9300933113252712,0.6447721972161967
1.0,0.9230636363746944,0.9997461028368747,0.9228292731360347
1.0,0.4730120192671113,0.6885130019008924,0.32567492532080156
1.0,0.9441317696146663,0.999505503776874,0.9436649000204586
1.0,0.8757797357508003,0.9984594658340545,0.8744305671460335
1.0,0.8833872925996263,0.9783882283389085,0.8642957281436534
1.0,0.9203633541826087,0.9996456615358404,0.920037234045219
0.051331960375239453,0.35328196070143825,0.3169432118261797,0.11197031930496402
1.0,0.9226524650027064,0.9998115656288218,0.9224786055656475
1.0,0.8012369944044303,0.9907373075006407,0.7938153825061512
1.0,0.88835488355067,0.9997826552018716,0.8881618042378383
1.0,0.8003774922677924,0.9997053268580336,0.8001416425173867
0.37732612127491405,0.6676895058411528,0.6922842897583399,0.4622309553303394
0.5263255009997289,0.8330003301279127,0.6320548297638454,0.5265018818522249
1.0,0.9452361559750354,0.9992058890070586,0.94448553355265
1.0,0.9711356965733081,0.9967848371341654,0.9680133371439993
1.0,0.9273633561988802,0.999769445632886,0.927149548527207
0.0673716915274842,0.517216785492064,0.39538114591641327,0.20449776533505595
1.0,0.722509335067198,0.5409458299147767,0.3908384118790989
0.0321424171549567,0.7567488869958504,0.2719850437782617,0.2058243791587172
1.0,0.9366688317608749,0.99869689687002,0.9354482556744526
1.0,0.9349796986855877,0.9997655568127043,0.934760499064971
1.0,0.9515944872655069,0.9770367686540642,0.9297428029069119
1.0,0.797164569741798,0.9983222807979122,0.7958271514359181
1.0,0.8313825198815653,0.9991389053162884,0.8306666208135645
0.32815888798029585,0.3730581853965741,0.7621733846641051,0.2843350198403561
1.0,0.9305679026877121,0.9992425015061308,0.9298629989029831
1.0,0.8853531801620547,0.9990281898500425,0.8844927849552761
1.0,0.9360865523626236,0.9990261434376871,0.9351749383307124
1.0,0.9579048069997183,0.9676558309536953,0.9269221719918516
1.0,0.8219158197645061,0.9669421955804536,0.7947450873454
1.0,0.8517795878467901,0.9956385684426086,0.8480646094724132
1.0,0.9296907272808539,0.9989143967615051,0.9286814520165191
1.0,0.9326017000785032,0.9998086613383694,0.9324232573173757
1.0,0.9499743422755106,0.9994299673921677,0.9494328259238095
0.06147235087061889,0.7348833887166936,0.3310354083367879,0.2432724226637531
0.08641712891734969,0.5545160600912932,0.19952164269437173,0.11063795520982576
1.0,0.7788263503442647,0.9922141502711469,0.7727625254156132
0.3108471452600368,0.5877042330679467,0.338873457972749,0.1991573657249575
1.0,0.7323726932007159,0.9668483043321874,0.7080932965603094
1.0,0.9593954821239191,0.9994324195244404,0.9588509479799255
1.0,0.852637720981171,0.999750648894048,0.8524251148224679
1.0,0.9310257552805992,0.9998331968505768,0.9308704572524242
1.0,0.853522132019284,0.998942731740551,0.8526197301603627
1.0,0.931489394004709,0.9995211582170686,0.931043357962502
0.7884053598170313,0.7821872687070706,0.6236927235292594,0.48784450792982553
0.12987207293398878,0.376884415062362,0.32393197674480606,0.12208491357546088
1.0,0.9188706781976355,0.9997852500943637,0.9186733508062006
1.0,0.9375038851960718,0.9988368433155428,0.9364134212853014
1.0,0.8373307622171475,0.9971829711432721,0.834971977297356
1.0,0.9532753244871479,0.9996760915748222,0.9529665505780324
0.07959340379495268,0.42999937997425514,0.3782521175585817,0.1626481760241392
1.0,0.8924437268258173,0.98075280666247,0.875266689872735
1.0,0.8314711488784772,0.8853430462648678,0.7361371998294204
1.0,0.928856481558559,0.9997904111331056,0.9286618035810817
1.0,0.8775791528767126,0.9990500472005184,0.8767454941036706
0.10022967218433104,0.6415563318378865,0.4867888778780495,0.3123024868709223
1.0,0.9036528980762084,0.9995606506636259,0.903255878775126
1.0,0.942269523313609,0.9997160422339649,0.942001958564766
1.0,0.9121858786358656,0.9987457438715966,0.9110417639073436
1.0,0.903528468716148,0.990142759153692,0.894622170988517
1.0,0.7916165846083154,0.9998959290525591,0.7915342003203453
1.0,0.897922506305107,0.9728609372004844,0.8735537310173942
1.0,0.8724686301194693,0.9990652429840213,0.8716530839462439
1.0,0.5461279801979697,0.3224087851024835,0.17607645860610058
0.0,0.5375875216334749,0.2811289249961225,0.15113140204814857
0.7422384366801041,0.9257879568199187,0.7523106183049931,0.6964801102145093
1.0,0.5640994034315441,0.5246756811594748,0.2959692387370988
1.0,0.5958764628296715,0.9167509090460836,0.5462702889782662
1.0,0.9517524834978451,0.9986453227497922,0.9504631660606219
1.0,0.9515142930428042,0.9998009084304804,0.951324854568782
1.0,0.9032912201274621,0.9995895064142211,0.9029204248755094
0.9277307307626739,0.5567116735627047,0.7661676817713099,0.42653449234856367
1.0,0.8558158913594276,0.7408778993228912,0.6340550797975204
0.8517824367831622,0.6442107321491874,0.34128596172981956,0.21986007927820664
1.0,0.8590067928503986,0.9220537087440985,0.7920503991840836
0.07775344967336151,0.31839328654028476,0.23686275729063686,0.07541551175275966
0.3494153306985983,0.6944692066075515,0.6008678391819252,0.4172842115526655
1.0,0.9431370579332935,0.9996520178166024,0.9428088630406307
1.0,0.805244729700881,0.9760841575659966,0.7859866236245431
1.0,0.9235362052696225,0.9997618388115922,0.9233162547894379
1.0,0.9269878049339857,0.9987691910970785,0.9258468600907733
1.0,0.8654983780877221,0.9992574471003737,0.8648556997574512
1.0,0.8148285133632115,0.9787164105205446,0.7974860377886339
1.0,0.8814748924854835,0.9994150012446248,0.880959230770485
1.0,0.9417295485466417,0.9997119300385353,0.9414582645518818
1.0,0.6881873588840058,0.8083605857312861,0.5563035365203418
1.0,0.9283173960405978,0.998617096218953,0.9270336224036015
0.1471454691888446,0.5323026975319344,0.5558310396822596,0.29587036179484644
0.04107926685985416,0.542484815281978,0.39003963183025775,0.21159057762608807
1.0,0.911555445341935,0.9989352004606751,0.9105848215236658
0.019360172797211427,0.33034409100699064,0.18502580590854417,0.0611221816656939
0.012475267968458648,0.36895971335494093,0.10826568587844433,0.0399456764278869
1.0,0.9300736106102733,0.9987065062707774,0.9288705662272334
0.3119626856262996,0.7240223685762018,0.3110726896527522,0.2252235855617554
1.0,0.8755649442707143,0.9992700589026796,0.874925833434518
1.0,0.9483779677171615,0.9995508762749672,0.9479520286715614
0.5066296643545237,0.4168578432745803,0.36988577893153285,0.15418978806333697
1.0,0.8879734608576517,0.9992771369919394,0.8873315776906582
1.0,0.8604393529194297,0.9993324953287537,0.8598650056320318
0.05408848503230048,0.5195374195234683,0.4321798095773524,0.2245335830379616
1.0,0.9465690654964383,0.9997540514790697,0.946336258234821
1.0,0.7882031828941836,0.8526142309153159,0.6720332505883284
1.0,0.7371083535067992,0.8556194472571635,0.6306842419961254
1.0,0.8892948195099067,0.966806685541015,0.8597761769191681
1.0,0.932768420292057,0.9992202499329234,0.9320410940537672
1.0,0.9483043388211663,0.9997566636094298,0.9480735818661955
1.0,0.9410707666446363,0.9986585775927759,0.9398083932314756
0.0,0.4995945929288159,0.9969116296986889,0.4980516598253189
1.0,0.86485218534295,0.9989876517493903,0.8639766537460821
1.0,0.4011684720467907,0.9174297046498165,0.36804387282470535
0.09170395493960677,0.4898348687112668,0.6118981995692029,0.29972907425064105
1.0,0.6709048695114427,0.7216916637166481,0.48418645147331374
1.0,0.9471719250243917,0.9997851039690027,0.9469683815370319
1.0,0.9506639939301011,0.999682970335268,0.9503626052428327
1.0,0.942096742914353,0.9988331248024075,0.9409974335913135
1.0,0.9190488033324435,0.9998086613383694,0.9188729537644408
0.47994486659809427,0.5644123200320459,0.5029190406886965,0.2838537025433981
0.9987499997222309,0.8519870782242063,0.9962962963374719,0.8488315705621606
0.7557918329312027,0.7233197387017236,0.6615987219465315,0.47854741468375944
1.0,0.8961485308496367,0.9986821139920083,0.8949675092397478
1.0,0.8639098578160528,0.9931056010926044,0.8579537186362375
0.02591517369921367,0.619774448686906,0.40622267480398205,0.2517664343207583
1.0,0.9392474860072215,0.999261455888474,0.9385538103071653
1.0,0.8289287748373194,0.9992154342170391,0.8282784256840703
0.6165805259254445,0.6653585130297617,0.2061780983980194,0.1371823529694101
0.03863272502904475,0.6316765273442884,0.26647767950763157,0.16832769520614493
1.0,0.9427140734365632,0.9986493808004877,0.9414408257093293
1.0,0.9231992840214295,0.9983076492564342,0.9216369070266565
0.7596062167818044,0.27596407184731025,0.20905455138641618,0.05769154523880817
1.0,0.9598333328000065,0.9997952625052149,0.9596368189280378
0.4567141959197683,0.8621055777956491,0.810113212989996,0.6984031195646302
1.0,0.6099574785540242,0.6328521764724726,0.3860129178585757
1.0,0.8730830817924757,0.9691990051093379,0.8461912542510621
0.07038351603100687,0.371613195884862,0.24828513280061823,0.09226603169073512
0.09140758916309423,0.5965640351344575,0.275544567870372,0.16437997926812953
1.0,0.8755406796743975,0.9988835323827407,0.8745631668579479
1.0,0.9204693888105627,0.9993075145732714,0.9198319771730616
1.0,0.8980845500858501,0.9701703996868326,0.8712950469093584
1.0,0.8823622500589268,0.9992660394953278,0.8817146310165698
0.060486074116991854,0.5391820074327481,0.37133833169719777,0.2002189471212228
1.0,0.9532433465430629,0.9989994186829447,0.9522895490599046
1.0,0.856822026706682,0.9979560528453668,0.8550707277631678
0.08482835760062489,0.6112518466765874,0.3647228515728294,0.22293751654904287
0.15882260798594494,0.5422018699045893,0.4760738952789022,0.2581281562329824
1.0,0.8593307216877011,0.9992193327049559,0.8586598702976529
0.429400955887853,0.6908409337528677,0.8173097240510546,0.5646310129287292
0.67445622760119,0.6305938798057494,0.4932477813213062,0.3110390321289803
0.4856887348480513,0.7712495297426042,0.8326339297826151,0.6421685267925784
1.0,0.9137528496613512,0.9998210771934556,0.9135893584370018
1.0,0.8973273789602516,0.9957094827209139,0.8934773803358256
1.0,0.7439906887160439,0.9255944745110943,0.6886336705632738
1.0,0.7938570607538661,0.9990333253468908,0.7930896592550436
1.0,0.9262119009155815,0.9996890199395367,0.925923867482633
1.0,0.811820610962475,0.955889136308835,0.776010502650631
1.0,0.7594087877562358,0.33736365369071114,0.2561969232822775
0.0,0.0995972893334227,0.22267150014183468,0.022177477825933583
1.0,0.9442974036939394,0.9997852500943637,0.9440946159156035
0.37397306282559484,0.4058023163527454,0.1878732362686026,0.07623939445848556
1.0,0.9041313393954343,0.9997446080933361,0.9039004315687915
1.0,0.8948563790352962,0.998433240559358,0.893454354355424
0.28491373401679415,0.6598122125166361,0.7189561135086628,0.4743760239565126
0.0,0.35867520238177664,0.5954431020798855,0.21357067514533581
1.0,0.8685839000040104,0.9981162597535226,0.8669477135541306
1.0,0.9224345304837819,0.9986454750775361,0.9211850699229003
0.01610518839935291,0.5035384194706387,0.2753012550649833,0.13862475885370487
1.0,0.9353902770469759,0.9995085539226447,0.9349305831645248
1.0,0.8794630260883208,0.9987834919834786,0.8783931522668502
0.662803654838506,0.6427874162867966,0.6905513298717645,0.44387770514168284
0.18200327841689357,0.6292572761620452,0.4164406586564372,0.2620483145492777
1.0,0.9372143745139516,0.9997660411286436,0.9369951048966714
0.12400348796407526,0.6572431776319931,0.3193629281685928,0.2098991057273839
0.9154544179514871,0.6170182077366302,0.5710203305299127,0.35232994092474496
0.0,0.3488160440892499,0.3132505421144572,0.10926681490917792
0.13025681550625218,0.7524273209345006,0.5569289590581209,0.41904856461494205
1.0,0.9436262545372012,0.9998244657998473,0.9434606158573678
1.0,0.9623416410637082,0.9991359963460107,0.9615101743694431
0.42750632228467333,0.6375200352573257,0.9055391777258457,0.5772993685106709
1.0,0.9118644449056071,0.9989170327794221,0.9108769256021639
0.4381128952039466,0.6536119703115767,0.4731893572606882,0.309282228129627
1.0,0.9270710251995893,0.998858877607418,0.9260131236932201
1.0,0.9544128556503259,0.9998045275080785,0.9542262941911099
1.0,0.7346017953426675,0.9906488429374886,0.7277324185760153
1.0,0.9522935600870005,0.9995127784220287,0.951829582115963
1.0,0.7716246580963808,0.995570824424366,0.7682069970071833
0.6718100012150328,0.5533780078792613,0.5930976715712523,0.32820720797192793
0.03391060261234237,0.6393628802790947,0.15569703912480715,0.09954690738576359
0.6982517793347229,0.4587369897715769,0.21499996882191058,0.09862843849834614
1.0,0.9277611259276506,0.9922269779305557,0.9205496182206425
1.0,0.9285007777983662,0.9996166306176084,0.9281448190286314
1.0,0.9001369695057729,0.9974514457191956,0.8978429215788287
0.0,0.3008421787555808,0.10792475794645458,0.03246831932228007
1.0,0.5101807669215556,0.722631757287135,0.36867282413462193
1.0,0.9399659060609923,0.9990455617169093,0.9390687666154476
1.0,0.8695416769555774,0.9858859227202099,0.8572688985290281
0.18323510568546914,0.5869584244061268,0.296190213641683,0.17385134112363634
0.09610147183385266,0.6785823646993114,0.27268921652872524,0.18504209338006494
1.0,0.553889178090057,0.3395530189268905,0.18807474257141293
0.05502524349651427,0.5450479136959601,0.2280421227842859,0.12429388325837298
1.0,0.6101250680479872,0.46557090122824396,0.28405647779304505
1.0,0.9318742117656177,0.9990595038985277,0.9309977877023896
0.06703818393663556,0.7583264864438,0.2937909540099058,0.22278946190330387
1.0,0.9348323677697888,0.9997831428480939,0.9346296426850046
1.0,0.6397824485963117,0.7710798459994487,0.4933233519367942
1.0,0.6875373181067873,0.8994788359327476,0.6184252665510163
1.0,0.9532193927821723,0.9992379799156573,0.9524930204600873
1.0,0.9218997853276086,0.9997230033354283,0.9216444221620035
0.5103552456786989,0.9190268093319909,0.5249540452935777,0.48244684129207815
1.0,0.6814000176475752,0.6893217276725485,0.4697038374009316
1.0,0.8231530377875884,0.9943655210646987,0.818514999335645
1.0,0.8346269646179494,0.9878561506581864,0.8244913805030138
0.491097675155805,0.548531922134027,0.36151073270041456,0.19830017708023887
1.0,0.8059285506188765,0.7978502937176138,0.6430103308266815
1.0,0.9282056673485926,0.9994045028085311,0.9276529234805809
1.0,0.9162302752832597,0.9992004225586054,0.9154976782240205
0.0,0.448873752206528,0.16915287792112246,0.075928287008987
1.0,0.9464703882419248,0.9998181562752917,0.9462982785412007
1.0,0.7709498142413149,0.8321240617846489,0.6415258908586036
1.0,0.8952028644827529,0.9992964420782624,0.8945730374158839
0.07377842336651735,0.6505485024122855,0.4787394655526185,0.31144324236091386
1.0,0.9191996413360678,0.9984445914128625,0.9177699103206399
1.0,0.851079759579443,0.9962669834969315,0.8479026647915054
0.1662657862675151,0.5204000227799398,0.45497596173016264,0.23676950084870166
0.8280607615254748,0.6970885353044375,0.47554284700906424,0.3314954666960508
0.7751353730086737,0.954863459742513,0.8956515157816534,0.8552249050828955
1.0,0.8608961842646982,0.9935426329258731,0.8553370615901857
1.0,0.810270895361299,0.9982403726251394,0.8088451205127685
0.11051129706349071,0.5433886669667441,0.5337061117785692,0.29000985263136086
1.0,0.8953415887895677,0.9801329462528601,0.8775537893230357
1.0,0.6110042184473162,0.8497306646613849,0.519189020652148
1.0,0.8205368467865335,0.9992330577259878,0.8199075423913482
1.0,0.8879072709031695,0.995259933581242,0.8836985314653902
1.0,0.9190568769853483,0.9996905237436893,0.9187724507037223
0.4661005873022945,0.7195212715226492,0.6894252988035103,0.4960561676149841
1.0,0.926970134390396,0.9997980118915293,0.9267828974463417
0.392799345275049,0.7514778334158118,0.27233236150907414,0.20465173299585065
1.0,0.6410880773763286,0.7182924891874556,0.46048875088704316
1.0,0.8660107689550403,0.9989662636088972,0.8651155421080845
1.0,0.6415532219445516,0.9402365582883602,0.6032117933599536
1.0,0.8315489813726732,0.9990388552367283,0.8307497424238229
1.0,0.9453873123051122,0.993769673762974,0.9394972409291061
1.0,0.9129583753721243,0.9998039754740055,0.9127794131393393
1.0,0.5112277412530299,0.9655026740665628,0.49359175123680926
1.0,0.8887172226691803,0.9891575347434505,0.8790813370594925
1.0,0.8097094158613771,0.9992673095163653,0.8091161494778661
1.0,0.9090786186326375,0.9990969026363368,0.9082576321287877
1.0,0.9061178908537323,0.9997831428480939,0.9059213927086306
1.0,0.9049550104438847,0.9994944879611886,0.9044975447915226
1.0,0.5282791820147101,0.9628876351443948,0.5086734922661595
0.5338779068451353,0.5022842064369265,0.5358267755574131,0.2691373267485124
1.0,0.8079536027032255,0.9778533189200062,0.7900601119367251
0.025678591614587038,0.6265541124883867,0.30112324773903154,0.18867000923674948
1.0,0.8219197931461534,0.9991116399383949,0.8211896324280796
1.0,0.8070352975011106,0.9573888163070003,0.7726465681925562
0.9964269758639263,0.7330828603742512,0.7206370863459358,0.5282866965502448
0.7699167103384782,0.5575250941201589,0.7692264096656345,0.4288630264485448
1.0,0.9377500584527795,0.9997768333235382,0.9375407838888827
1.0,0.9066323970255542,0.998750875025914,0.9054998998561141
1.0,0.9553372408174755,0.9991857142178577,0.9545593232851268
0.25563511671060674,0.2227149632685794,0.13968612328691893,0.031110189816976403
1.0,0.777201600031081,0.9618550244928267,0.7475552640337595
0.02273039035456322,0.6528953282786363,0.12226086840476612,0.07982354981276092
0.06255328279480873,0.7672674399377657,0.18765478920559112,0.14398140970583495
1.0,0.9063139469451564,0.9989553140876084,0.9053671335325788
1.0,0.8572419079850871,0.9912495872535817,0.8497406874666905
1.0,0.5683173627156303,0.24813947776116052,0.14102197358685653
0.0,0.06784927990368883,0.5560547626429762,0.03772791523234254
1.0,0.8069250826488396,0.8775647836217721,0.7081290355537095
0.8904141388535332,0.9214718440669603,0.8263569053186579,0.7614646214014502
1.0,0.908486810846164,0.9993193926935642,0.9078684880849015
0.5103534558223877,0.8776509569596179,0.48701236572361206,0.42742686882849557
1.0,0.8181803144757857,0.995088621542483,0.8141619213049048
0.35037416109428127,0.43473079181255436,0.19983725337838518,0.08687540739483145
1.0,0.6219831012005104,0.6165187080573297,0.38346421798562996
1.0,0.9417349642513319,0.9995491965638515,0.9413104268935062
1.0,0.7756034394353472,0.9992481654810362,0.7750203139965527
0.22164043464668529,0.8157988878621809,0.8893186596119114,0.7255051734664827
1.0,0.9183477531176591,0.9988201942611663,0.917264281168286
0.9720620949719547,0.6630107286262487,0.3772690364082546,0.2501334187171596
0.20419202916398316,0.5780068478986398,0.3903365912133651,0.22561722270673706
1.0,0.937465880151419,0.9996913429562013,0.9371765247041893
0.2812365560231097,0.5662458301596545,0.45540517327032903,0.25787128039745877
0.20515049153404893,0.6215369203264431,0.5701806865393321,0.3543883479412735
0.4377064984232452,0.6531452409821975,0.8494755711565277,0.5548309266315201
0.867082462892372,0.554578225735331,0.5036183308482297,0.27929576036960013
0.7181532385571251,0.6408604022473906,0.7498217223492881,0.480531050598596
1.0,0.7820390214417736,0.9469613579232142,0.7405607336934436
1.0,0.6365826567636543,0.60626123644308,0.3859353885877539
0.17338582198125674,0.4944229717239004,0.44966272019447545,0.22232357839200526
1.0,0.8619155783097143,0.9993133722658627,0.8613237631691619
1.0,0.8908539645750925,0.9992004950978023,0.8901417224632724
0.06343780235648447,0.4890229374337735,0.3778686074991293,0.18478641640323384
0.7833439279889471,0.5460859712977737,0.5835195061190199,0.3186518162702022
1.0,0.9138902109936861,0.9997975329861676,0.9137051783716955
0.3996792982491849,0.45575413834218176,0.4465204219130143,0.20350353014115327
1.0,0.9114727294299122,0.9989107951973084,0.9104799489554948
1.0,0.9276425737404778,0.9993034479864157,0.9269964224378523
1.0,0.8676252407493869,0.9783401736054793,0.8488326286592509
1.0,0.8870051231473244,0.9994432692447778,0.8865113001152286
1.0,0.9505435871086673,0.9997790090178027,0.9503335255477308
1.0,0.6533188015809857,0.8720086368747847,0.5696996376113033
1.0,0.9400394047785794,0.9959601595145426,0.9362417955332296
0.9886181849747339,0.70302464748397,0.7496402291143147,0.5270155578128936
1.0,0.7388010220252387,0.9535431960139994,0.7044786877603553
1.0,0.8866174593585743,0.9990222721655317,0.8857505887900339
1.0,0.8475179561884031,0.9990728823058297,0.8467322072950938
1.0,0.8822954262321534,0.9992738717435601,0.8816547665926385
0.022747679068405156,0.801348257243916,0.043541862847162875,0.034892195909727586
0.498040168353421,0.8196526180440219,0.644555041311793,0.5283112270846838
1.0,0.9456395137597188,0.9998172208572492,0.9454666705800425
1.0,0.8796523962125405,0.9994366143326846,0.8791568126602948
1.0,0.1962420096315006,0.22756964346112937,0.044658724163936105
1.0,0.8551295800879548,0.9859139829158142,0.8430842102136433
0.019416941647181277,0.5776771003785217,0.4914054929397718,0.28387370027152553
1.0,0.9186761466302407,0.9952553370321299,0.9143173379378585
1.0,0.9021733805524466,0.9997880309206316,0.9019821476915402
1.0,0.9243671314953023,0.9992485211394908,0.923672489136634
0.14475002335319392,0.6535162265904504,0.49195602296452234,0.3215012437762196
1.0,0.9206365838218141,0.9992539209702501,0.9199497161726041
0.6420506803742183,0.7963568098539667,0.2762472491604233,0.2199913780723286
0.1526563286550564,0.2878184061665724,0.47002256690503413,0.13528114606892805
1.0,0.8532068436764527,0.9925592471192476,0.8468583423964895
1.0,0.9017521089317797,0.991335618464143,0.893938984609231
1.0,0.8029583529927677,0.9868661275960028,0.792412400438837
0.0,0.5420525526158418,0.9992606837008399,0.5416518043286916
1.0,0.8390715855342115,0.9554414294334757,0.8016837550798198
1.0,0.9046239073799052,0.9982063986144177,0.9030013726861977
1.0,0.9328629920639581,0.9997273808740875,0.9326086757704655
1.0,0.9362590040220015,0.9992413714265883,0.9355487311894364
1.0,0.932284714984728,0.9996745686325076,0.9319813202950382
1.0,0.9443637972727964,0.9995401482089118,0.9439295298891817
1.0,0.8146322047674619,0.9987857124237844,0.8136430070020276
1.0,0.8490582307738345,0.9976157089952354,0.8470338288716791
0.0,0.20423878450167218,0.4549233896194771,0.09291300013726263
1.0,0.8830609959888208,0.9990728576431889,0.8822422727357918
0.8713789561730009,0.8185786481814958,0.8021197371931337,0.656598090151252
1.0,0.5381474677747132,0.5147861514021337,0.2770308638225484
1.0,0.5346659728650766,0.7619470027261858,0.4073871354842252
1.0,0.9382529056380325,0.9998181562752917,0.9380822902349529
1.0,0.9366637244563385,0.9987607471372781,0.9355029612543982
0.1315804696886226,0.6546717549487613,0.37912884287203147,0.248204944914726
1.0,0.88632559861873,0.9575172211501303,0.8486720242236321
1.0,0.9309093494376408,0.9993855077884216,0.9303373128927259
0.0,0.5770452634840254,0.9986059687810988,0.5762408443720096
0.04361383283134933,0.5354340919803895,0.3168409107387248,0.16964742534362873
1.0,0.8564516388528773,0.9983480285783041,0.8550368052214278
1.0,0.812819109326917,0.33362116972626343,0.27117366202950566
0.18942857475712413,0.5996041568236212,0.30657364986956637,0.18382283483438142
0.11009929059441366,0.7649485827069477,0.7012903724287916,0.5364510764554316
1.0,0.9302617174859535,0.9983728441605741,0.9287480367001519
1.0,0.6726565299348332,0.8508974246287958,0.572361708981292
1.0,0.9572331868557984,0.9997160422339649,0.9569613730584842
1.0,0.8088952497095486,0.7038767097525538,0.5693625269000274
0.9833037601450333,0.8026681242435367,0.6698498733544608,0.5376671413701957
1.0,0.8851123570643165,0.9863316809163881,0.8730143589431135
1.0,0.8742001833549344,0.9982187795345314,0.8726430400974262
0.3494422609603887,0.5154331504812193,0.36273027139444475,0.18696320655974635
1.0,0.9441117379604904,0.9996127475698097,0.943746128395594
1.0,0.9153976402586685,0.9990342434354591,0.9145135889784235
1.0,0.8395407516601395,0.988011480332182,0.8294759008469272
1.0,0.8125335603290692,0.9993069343552807,0.8119704212332237
1.0,0.8850274994144904,0.9990342434354591,0.8841727782971317
0.3530416611123552,0.7330770205780681,0.41411978767258506,0.30358170010944086
1.0,0.8799001389950298,0.9992574471003737,0.8792467665954374
0.012210892522277849,0.492165872087275,0.1645887647350839,0.08100497293160991
1.0,0.9530266220947732,0.9995482968345288,0.9525961369527947
1.0,0.929348788703217,0.9997390604044689,0.9291062848061855
1.0,0.9379028431177343,0.9991611847318761,0.9371161158929103
1.0,0.9271173482434719,0.999593158778997,0.9267401586894994
1.0,0.7346959994022316,0.9688254971308923,0.7117922168609447
1.0,0.7486567556780073,0.8587783260308126,0.6429301954128182
1.0,0.9133347403527342,0.9520437712223176,0.8695346505937733
1.0,0.8649406663909193,0.998245042123504,0.8634227319557348
1.0,0.8559666336090678,0.978758229551427,0.8377843868663062
1.0,0.9251625507647917,0.9988816194752591,0.9241278669857967
1.0,0.9138207829456401,0.9985453175784094,0.9124914639162048
1.0,0.9251440465749952,0.9993750881113052,0.9245659130615352
1.0,0.9323428960098937,0.9983222807979122,0.9307786864303278
1.0,0.944780437474823,0.9997756150655454,0.9445684429782861
0.06315876723426207,0.4295388160334867,0.16324982599583263,0.07012213697592266
1.0,0.8852376268070552,0.8529254845224905,0.7550417317619472
1.0,0.5524859107626001,0.8421091942358986,0.46525346513897975
1.0,0.9120222608650005,0.9998210771934556,0.9118590792824556
1.0,0.6921388362482707,0.9988817710985195,0.6913648665977408
0.4290365918665953,0.6551162846705486,0.5762505803072105,0.37751113921010737
1.0,0.9099960334964678,0.9986606450042881,0.9087772257629263
0.5455189990751642,0.8174812642359547,0.7832816034567567,0.6403180354465952
0.017948915252100114,0.4519515640637703,0.24005852580727458,0.10849482620544071
1.0,0.8784672511011954,0.9980796148807112,0.8767802556643981
1.0,0.7753297062328045,0.5296317807209281,0.4106392529579143
1.0,0.8689076543525397,0.9956138922789062,0.8650965317808665
1.0,0.8724794347583084,0.9996486292102108,0.8721728709702425
1.0,0.9516368468793097,0.9995200064514641,0.9511800673322586
1.0,0.8650693356891179,0.9987953354431136,0.8640272173211639
1.0,0.854331772477826,0.9829268380700965,0.8397456277844506
1.0,0.8413252741605759,0.8445691814923181,0.7105573981665977
1.0,0.9394770758885903,0.9996506849589132,0.9391489024152262
1.0,0.7085936533598707,0.9790160010079851,0.6937245248520191
1.0,0.9593078597598486,0.9997931888679559,0.9591094642153928
0.5039576234631638,0.7322468670089709,0.36657958862656004,0.268426755281236
0.06394087125124835,0.5592529315098305,0.31329298387534504,0.17521001965374877
1.0,0.6387533198623785,0.9377153517052732,0.5989687939876611
1.0,0.557790594903548,0.45149412230996383,0.25183917507873
1.0,0.9368422235329125,0.9997384765653868,0.9365972173369235
1.0,0.8508312977151852,0.9992597482827974,0.8502014683860017
0.05118870588809971,0.4551680751311109,0.33372463986639755,0.15190080195181138
1.0,0.9485962462672386,0.99979555870318,0.9484023140204931
0.0,0.7384094105824276,0.897445526006565,0.6626822218883444
1.0,0.828022487594642,0.9990189168248039,0.827210128663379
1.0,0.9341684799815269,0.9988958561713426,0.933137023619429
1.0,0.8878702687854307,0.9992462010624489,0.887200993120137
1.0,0.8188770208823647,0.9988696286698854,0.8179513857750697
1.0,0.8169117098225036,0.9991880607797968,0.8162484271658554
1.0,0.9378397013777022,0.999774772179373,0.9376284737856635
0.12728108787015566,0.5919364097120429,0.3239739900003629,0.1917720004809001
1.0,0.6128910297699356,0.6893818608825684,0.4225159586210318
0.04848710779221033,0.487597140967628,0.17595275493655546,0.08579406025244214
1.0,0.956943796903603,0.9997784569837299,0.956731792688436
0.0,0.8074789889859757,0.9987323593346495,0.806455395783121
1.0,0.8378476121837363,0.9997838428669082,0.8376665054459188
1.0,0.903651866873954,0.9993780023173054,0.9030897975067959
1.0,0.5408895498743845,0.548868065867746,0.29687700108762916
1.0,0.7027274833488556,0.5007992159606807,0.35192537269512914
1.0,0.5499530065399448,0.7084779349147234,0.3896295703735635
1.0,0.9157106724339015,0.9526813075007863,0.8723804407067535
1.0,0.6549765862555745,0.6556840375092928,0.4294576925501087
1.0,0.8339423835387327,0.999321974930566,0.8333769496962299
0.7822798450444785,0.723835981786997,0.7184028797810695,0.5200058538049365
0.03191980198696785,0.38946677179130923,0.3337690376591959,0.12999194962101895
1.0,0.9459126962771798,0.99965356050949,0.9455849947646146
1.0,0.821636628713798,0.9992471364804913,0.8210180484697472
0.24231185971719216,0.6924633757748717,0.7408770050081104,0.5130301919218927
1.0,0.9190767152122298,0.9993274402732159,0.9184585812277529
1.0,0.9238024687118002,0.9993075145732714,0.9231627489650414
1.0,0.9387331622421832,0.9996166306176084,0.9383732806895438
1.0,0.795096755063376,0.998860666953638,0.7941908750552771
1.0,0.8935413519899116,0.9793827332342164,0.8751189715696767
1.0,0.9670102618892216,0.9994166590203026,0.9664461651756737
1.0,0.9396016937526888,0.9997807730128696,0.9393957077042647
0.12278964233557006,0.7495579484367735,0.625545974257203,0.4688829571171118
0.40770383512253877,0.8985628144863403,0.524520954417263,0.47131502505823725
1.0,0.8900014195411207,0.9980820832048749,0.8882944708708975
1.0,0.953414331498562,0.9997018623838119,0.9531300828225294
1.0,0.8023332987801871,0.7781978060424354,0.6243740128255314
0.7913642749192077,0.7681008367782052,0.976451917987514,0.7500135352798929
1.0,0.7640052501757048,0.9983627920500916,0.7627544147063453
1.0,0.8524965299128587,0.991436545889698,0.8451962149997583
1.0,0.821535129969848,0.9992527413304054,0.8209212307216015
1.0,0.9430423162856143,0.9997993695607542,0.9428531132914706
0.02255227843701275,0.47493469140240074,0.12701737350012396,0.060324957086024845
0.4561778582428157,0.5756617724067477,0.40964938510211757,0.2358194910932193
1.0,0.8922136570065925,0.9987230902219818,0.8910743806638795
0.13754944151964962,0.5631261008087154,0.3590530595786635,0.20219214942397215
1.0,0.8526830824529875,0.9918634699852009,0.8457452009594973
1.0,0.9517708432449308,0.9997020041807331,0.9514872195127436
0.013494373905344002,0.6385993836975135,0.10038506753069348,0.06410584225753413
0.036115760401531895,0.5236072601492683,0.31254254484539173,0.16364954558657538
1.0,0.7486340242296567,0.8788048738970334,0.6579032292581721
1.0,0.8129508570593573,0.9874334559003729,0.8027348742632913
0.026729431814400226,0.6784201739702793,0.20234605342530643,0.13727564476699583
0.8004908940512174,0.3882114077590515,0.27700854125231156,0.10753787576084116
0.6837076768160599,0.6217702288201443,0.3993129331973712,0.2482808938449725
1.0,0.9349543741930836,0.9957332377697158,0.9309651461822375
1.0,0.8322611969561668,0.9984385451952938,0.8309616587114091
1.0,0.8908565435305452,0.9885718366205605,0.8806756894034353
1.0,0.8496359542950194,0.9992709943207221,0.8490165648590196
0.6417888942377843,0.7290089370988533,0.934299641864587,0.6811127888475419
1.0,0.7472715382241651,0.9645784819508388,0.7208020459453335
1.0,0.918198535706659,0.9916218308729667,0.9105057130823143
1.0,0.9399413334763487,0.9994831493210659,0.9394555241599831
0.6413358943541702,0.6827811525836083,0.6951407402250185,0.47462899581866075
1.0,0.8340308571836423,0.8969216095892796,0.7480602988722791
0.13625734077851084,0.3520639639541181,0.2584419993671926,0.0909881147494415
0.07498007890179494,0.604137716513084,0.49959064520842084,0.30182155158751367
1.0,0.9000188656158944,0.9989284883026024,0.8990544848735085
1.0,0.9210061436213509,0.999467910790865,0.920516086190783
1.0,0.6490747888357218,0.9027740611958588,0.585967883137069
1.0,0.4908931658030669,0.3615009918620637,0.17745836633611717
1.0,0.8438946106594826,0.9993417641142766,0.8433391289429779
1.0,0.9349552634972949,0.9996749657330026,0.9346513709985487
0.6857831472735876,0.8719658330242113,0.9595649620429028,0.8367078614685853
0.2793959976513336,0.9103067718325704,0.87354405067508,0.7951930648235793
1.0,0.8746184077905645,0.9971008455609162,0.8720827539511141
0.0,0.4022062179076996,0.46598591610258194,0.18742243291387412
1.0,0.9229390222328344,0.9993449111838397,0.9223344152013718
1.0,0.9548267241383216,0.9997397967291738,0.9545782751016285
0.5103508059192557,0.946891498538818,0.5106606572144851,0.48354023495464143
1.0,0.8855601807679934,0.9988742046194982,0.8845632212073283
0.3377726896331291,0.32501208147461474,0.30048359424857396,0.0976607984157026
1.0,0.8955339232178862,0.9992021769946247,0.8948194456518489
1.0,0.8789281404236954,0.999333033063547,0.8783419244145146
1.0,0.49039884093167607,0.8189408651520667,0.4016076510621575
1.0,0.9348357303491407,0.9998048050021631,0.9346532550907773
0.6790370064117804,0.7200034719822151,0.5146215386408948,0.37052929457827394
1.0,0.892859245749315,0.9979852897538959,0.891060393078575
1.0,0.9061809102781143,0.987006618405747,0.8944065559174432
1.0,0.9052663339552636,0.9990567939160536,0.9044124812414851
1.0,0.9622579547536091,0.9997952625052149,0.9620609444706157
1.0,0.9405404616908826,0.9997790090178027,0.9403326107304572
1.0,0.9205739888671458,0.9303521331815484,0.8564579742939961
0.49515027189955535,0.33153230672222556,0.22208500152783486,0.07362835284493208
1.0,0.9288849460400764,0.9995491530328436,0.928466161079317
1.0,0.7913047412809232,0.9992239460660499,0.7906906461234988
1.0,0.9063618191415209,0.9997918738988233,0.9061731815898476
1.0,0.9155605628975784,0.998435924722648,0.9141285572562318
1.0,0.8456684292735285,0.8207186326917092,0.6940558369839157
0.04080619479083881,0.49058382065839257,0.23594497289309913,0.11575078626703744
1.0,0.9282294374845285,0.999520019240482,0.9277839052141176
1.0,0.8642559079287921,0.9989594126059619,0.8633565741257785
0.15707050637128162,0.7037698041133644,0.4573031433080136,0.3218361435863065
1.0,0.8509523895226753,0.9993162456240009,0.8503705471025722
1.0,0.8864311005280614,0.9997009827844424,0.8861660423685979
1.0,0.8268568084065673,0.9950828109196277,0.822790997137239
1.0,0.8522388117209624,0.9956075399170546,0.8484953867593412
0.07244318547437976,0.6433071684644753,0.5106052227215419,0.32847600003216787
0.6278026965856328,0.5595859724591454,0.47275627799970826,0.26454778156063286
1.0,0.5407176163683504,0.5364294038489389,0.29005682859909343
1.0,0.7873488242256235,0.5098629763943401,0.4014400149802605
1.0,0.8949182606155669,0.9994516549079697,0.8944275365795901
0.9961771040661958,0.9348029960585684,0.9295953245404847,0.8689884945024823
1.0,0.9459439126240637,0.9995742642422428,0.9455411904756269
1.0,0.9471448111284764,0.9996862673576077,0.9468476608841528
1.0,0.8855981142839319,0.8760964619604699,0.7758693746430165
1.0,0.9159404156420153,0.999403520807581,0.9153940762425893
1.0,0.8327906608492909,0.9879528430984911,0.8227579010919281
1.0,0.8150854136648344,0.8499955518777291,0.6928189760155281
1.0,0.8373576360827041,0.9991229667139696,0.8366232455635478
1.0,0.7233557998532641,0.702404547978563,0.5080884036236039
1.0,0.9468073060493296,0.9995419074700689,0.9463735806951442
0.910911480320649,0.5390215019195849,0.22214567560261642,0.11974129570826318
0.0,0.5867352215178616,0.9992597482827974,0.5863008897625898
0.06791347187673709,0.28188768675356163,0.1769736026281608,0.04988667946129628
1.0,0.939110153279358,0.9994871002705362,0.9386284839358043
0.4981768462773179,0.6065187537774123,0.5225270349752466,0.31692244606819286
1.0,0.8134236951524787,0.9701672366404089,0.7891570185439106
0.176912920017844,0.6419443137056993,0.2044004673714754,0.13121371774790597
1.0,0.36161782267914716,0.6295365412857679,0.2276516333567204
1.0,0.8428616554489768,0.9957689162711493,0.8392954372129345
0.3309358153963181,0.6501865075420562,0.29768584685876703,0.1935513211138011
0.6902805404278106,0.7205857070671327,0.9044361457106068,0.6517237595539498
0.0,0.5611813300787207,0.5096101790589761,0.28598371810597123
1.0,0.8542413959557084,0.9676323711004254,0.8265916274607594
0.0,0.3712786848220269,0.4101936534970055,0.15229616019271042
0.02995388032729306,0.7020440010596326,0.15577317858665127,0.10935962555274935
1.0,0.8378771990533186,0.9895937494003452,0.8291580389482329
1.0,0.8585323961227599,0.9714689905917573,0.8340376002517003
1.0,0.8752513772470308,0.9979506252021664,0.8734576591327317
0.0,0.1329113047926657,0.33413445621671123,0.044410246551950916
1.0,0.9442723042831667,0.9994618573852005,0.943764151116257
1.0,0.9395759300104402,0.9994265041595383,0.9390370871227812
1.0,0.9286740926953836,0.999739986110214,0.9284326245321983
1.0,0.884413777473075,0.9988592058498442,0.8834048434094166
1.0,0.944204020137849,0.9997566636094298,0.9439742609396268
1.0,0.4038132114135376,0.9110204959163761,0.36788211211954547
0.5534925582048319,0.2247917950643884,0.45736140501990663,0.10281109122759559
1.0,0.8033635757745238,0.9730738686547409,0.781732102615222
1.0,0.9283117514479312,0.9997839134464502,0.928111155760941
1.0,0.9279184685560938,0.9986191324073981,0.9266371360142879
1.0,0.8417053959452528,0.9844382986276945,0.8286070279300947
1.0,0.8064051850353161,0.9997378321072656,0.8061937714872653
0.3412119858522684,0.3527796165471683,0.3047721108710501,0.10751738840736011
1.0,0.7670501369949065,0.9951427035249248,0.7633243470682752
1.0,0.7276245421083144,0.4123829622977174,0.3000599641151469
1.0,0.871675731263512,0.9990762709122211,0.870870539035433
0.09548335565818661,0.3166452273306944,0.4930370186919933,0.15611781886617404
1.0,0.8651876266453685,0.998837341521777,0.8641817089159956
1.0,0.8178173498526863,0.9726160449581654,0.795422276311888
0.4079807543050064,0.3349408593980725,0.5718544103948432,0.19153740766822683
1.0,0.9308232088269099,0.9993260852893231,0.930195913373442
1.0,0.9292217271755348,0.9996684903485211,0.9289136812046122
1.0,0.9180286513197273,0.9993640196346847,0.917444803122691
1.0,0.9446507044966097,0.9995911121273328,0.9442644482796345
1.0,0.949365224126169,0.9939708276237889,0.943641337541932
0.3316826741173755,0.62533332439355,0.36388373735499696,0.22754862717294969
0.0,0.2031869730076151,0.08006537455048374,0.01626824109763373
1.0,0.898088642110104,0.9683814784511763,0.8696924070267918
1.0,0.8994980126616156,0.9908821064302817,0.8912964855159938
1.0,0.9443064606765433,0.9992783714229035,0.9436250221489824
0.6902207832028168,0.4837571373636277,0.34929531812907555,0.16897410319263922
1.0,0.8810356950207472,0.9980406380540225,0.8793094272068758
1.0,0.8698896549434731,0.9977581711252794,0.8679395111972001
1.0,0.8181900246347182,0.9978052598837058,0.8163943101649007
0.0,0.38309207555394875,0.4085956304165476,0.1565297481185494
1.0,0.9223949458788582,0.9998086613383694,0.9222184560644189
1.0,0.6268968272510511,0.35831273510029016,0.22462511679801825
1.0,0.8908860117180107,0.9984145969539676,0.8894735983213654
0.8321038821389688,0.6252297057657595,0.7084379237657832,0.4429364346293862
1.0,0.9436098680002363,0.9997220679173858,0.9433476085444477
0.9987499997222309,0.9542437787948227,0.9842829196578561,0.9392458526575135
1.0,0.7047606977027623,0.7231904878820437,0.5096762328117501
1.0,0.8560416137146356,0.9924794989415497,0.8496037518526173
1.0,0.8717084984416781,0.869513071628467,0.7579619340446623
1.0,0.8795693075108791,0.9924867079497346,0.8729608464251002
0.5510151782422268,0.8111387922401642,0.903036907263986,0.7324882663064027
1.0,0.845211127123753,0.9992503843646916,0.8445775436477244
1.0,0.9342115319776956,0.9996434053085974,0.9338783971047453
1.0,0.7786333790075062,0.9992471364804913,0.7780471743413797
1.0,0.6717997666718213,0.7977157095941658,0.5359052275758069
1.0,0.9348910827325144,0.9997921116529922,0.9346967297706928
1.0,0.9372949391206882,0.9996022988827141,0.9369221758761734
0.5103789585543757,0.7313527814939067,0.519391083686667,0.3798581137373784
1.0,0.9206239485178783,0.9946108157975153,0.9156625364780967
1.0,0.8474239928639727,0.9984533735987197,0.8461133445435309
0.8248377007107494,0.7048019432095259,0.596155773653988,0.420171747726909
1.0,0.7795530662576803,0.998683580204188,0.7785268471693727
1.0,0.8512969224378284,0.9950733630276716,0.8471028915453168
1.0,0.9389335316865011,0.9995200064514641,0.9384828496487875
1.0,0.9300868775757674,0.9998115656288218,0.9299116172398503
1.0,0.8759030135982124,0.997531012217306,0.8737404197588136
0.8398847760534782,0.5351886390720911,0.32172981283388835,0.17218614067948732
1.0,0.9260087270439447,0.9998210771934556,0.9258430429636173
1.0,0.8850811706205568,0.9992774848914671,0.8844416861025054
0.01363333851894157,0.6612728777134883,0.15652454754407047,0.1035054379872692
1.0,0.8419809659243441,0.9913492652250756,0.8346972119025979
0.5103988762625438,0.808971847290255,0.5363735575197852,0.4339111076644265
1.0,0.7957262782254308,0.7270057227633849,0.5784975580230977
0.924784162617866,0.458801235165716,0.2783289517580521,0.1276976668489733
1.0,0.8725302218772293,0.9989761032180288,0.8716368409908766
1.0,0.7062235052029081,0.9988341685974531,0.7054001676633258
1.0,0.7360432843087993,0.9099448408176681,0.669758789175284
1.0,0.9252562207740574,0.9378270101296826,0.8677302751324238
1.0,0.8610287011921086,0.9984861675690283,0.8597252480202465
1.0,0.8329002879729356,0.9881398265086865,0.8230219460566116
1.0,0.8603503015611738,0.9997802219299298,0.8601612154323123
1.0,0.8889431870851909,0.9954780062572844,0.8849233915555621
1.0,0.9055240364787257,0.998197034754362,0.9038914081118646
1.0,0.9405927386885443,0.9996030462044706,0.9402193668308745
1.0,0.9552142702284238,0.9998181562752917,0.9550405705076309
1.0,0.817980623029067,0.9738250692254435,0.7965700368463526
1.0,0.878471796430971,0.9971591778023807,0.8759762142516874
1.0,0.935820501604315,0.9998104277466154,0.9356430960030624
1.0,0.8942532426661738,0.9721637299798784,0.8693605679369488
0.14890139183603163,0.3557401040873981,0.21923497414496917,0.07799067252192936
1.0,0.9326019203127687,0.9996454582410889,0.932271273987577
0.436075060809684,0.6419939309875918,0.2506605558751782,0.16092255560984056
1.0,0.8758736873270991,0.9983506423177759,0.8744290583322483
1.0,0.3618324958306082,0.6916085097239569,0.2502464332111068
1.0,0.9429175746831285,0.9996752961054272,0.9426114056743677
0.0,0.48236679269281985,0.9992296128767119,0.48199518352702747
0.9987499997222308,0.9601070186752616,0.9783938813363727,0.9393628324999825
1.0,0.8468961216495795,0.9999351638261311,0.8468412121453873
1.0,0.81221924606776,0.9992522689410802,0.8116119245108226
0.5103660285661926,0.9253359826835331,0.4831618239646564,0.4470870211735036
0.025699583424021146,0.5411949720872347,0.5651997776334905,0.30588327788006814
1.0,0.7371049565494588,0.8575679612720865,0.6321175948316693
0.31094719551749955,0.49601581269199435,0.16474017191657978,0.08171373025622118
0.040703217199863855,0.3391143560890161,0.2280628849610168,0.07733939838135856
1.0,0.8454857963035124,0.9954767250364945,0.8416614315690932
1.0,0.8020461309071064,0.42123617963617255,0.33785084807528304
0.030908934902989915,0.7028437709263646,0.30943968612895667,0.2174877558731466
0.23518113878648303,0.7072835738631398,0.5914999241543207,0.4183581802956441
0.4179790966366224,0.5742953736037487,0.43442702461650645,0.2494894304057015
0.7729126912808466,0.6680918180957807,0.6010678819311679,0.401568534038374
0.17197088118242884,0.5404825459997484,0.42010311148461954,0.22705839927762334
1.0,0.8936446401658565,0.9989576874086558,0.8927131831052244
0.0769499932801101,0.49430507073298524,0.19487939616006816,0.09632987370330394
1.0,0.7973555528148099,0.9989797702218698,0.7965420669360707
1.0,0.578557172948203,0.564302194635482,0.3264810824167711
1.0,0.9418832532179917,0.9992785381822632,0.9412037204140292
1.0,0.9257072885800032,0.9966682752119546,0.9226230866601668
0.3814413649877995,0.2862033514165347,0.4355861550393039,0.12466621740289106
0.12288017926693985,0.528559640954142,0.23111749820191985,0.12215938186782631
1.0,0.7534383114944538,0.9963046315461773,0.7506540793262558
1.0,0.9237331776582688,0.9996296015934587,0.9233910283611948
1.0,0.8620183848874017,0.9768151307591476,0.8420326013505764
1.0,0.9092893404632031,0.9993108956777169,0.908662745248484
0.03961740138640696,0.567837136875255,0.32738936964233695,0.18590384230109916
0.21082519020706758,0.3563416052919673,0.16842036028786095,0.060015181548827866
1.0,0.8993435498653426,0.9973801431036471,0.8969873984640374
1.0,0.8975368188679596,0.9993294593000541,0.8969349839012086
1.0,0.9177475691697995,0.9992883499017746,0.9170944540220537
1.0,0.8111469639198258,0.9965531632922161,0.8083510727891795
1.0,0.8770364262730591,0.9980028846341229,0.8752848833497152
1.0,0.8899073119127309,0.9992741699903763,0.8892613904799611
1.0,0.9137607500472863,0.9987070107578944,0.9125792672276167
1.0,0.7011596640019097,0.9988969317454908,0.7003862370352067
1.0,0.7122621937296004,0.8445232238270336,0.6015219640586373
0.0,0.31386251456460745,0.22059498188860416,0.06923649571589134
1.0,0.9254344697042215,0.9993162456240009,0.9248016998358608
1.0,0.7709142321348552,0.9992419583211979,0.7703298470161153
0.06880480136431551,0.7462089900396398,0.6664460727124093,0.49730805083461127
1.0,0.6442041829557306,0.9392484650293063,0.6050677900066284
1.0,0.9241461318086351,0.995507906361981,0.9199947808493377
1.0,0.9147891105427413,0.9995316260284589,0.9143606471339139
1.0,0.5427937325998811,0.2983906218386129,0.1619645594005803
1.0,0.8708711610517575,0.9969187611190917,0.8681877989700632
1.0,0.9402947335096767,0.9996309198322212,0.9399476893716715
0.010978334104534677,0.21354592222678928,0.10441049581802593,0.022296435619616674
1.0,0.7160448111664854,0.9605651465526105,0.6878076889763713
0.11885399876488303,0.7395622275169553,0.44614700503286686,0.3299534728421253
1.0,0.7839482007637454,0.7034155973376476,0.551441391922004
1.0,0.8956617751628848,0.9940695306592591,0.8903500804656077
1.0,0.8796570138528855,0.999289843605127,0.8790323197992029
1.0,0.7748144933447462,0.9740661216421326,0.7547205485244308
0.3153959323155702,0.5348528468572618,0.5461595296881236,0.2921149792919161
1.0,0.9351980649755756,0.9992544740617778,0.934500850560761
1.0,0.9407578286871535,0.9998057404202055,0.9405750774666644
0.011966695803155649,0.5850148535227124,0.40614307960388935,0.23759973422373265
1.0,0.9235590330554174,0.999786953705668,0.9233622722258281
1.0,0.8940525564592585,0.9987883297171932,0.8929692595453294
0.07692074656171269,0.5283465039349656,0.37955691937630043,0.20053757139679396
1.0,0.9178560302457128,0.9991619012526546,0.9170867762565205
0.05517590761691978,0.5296152919037111,0.353991849160052,0.18747949652443544
1.0,0.8984157598219867,0.9998959290525591,0.8983222608426662
1.0,0.7924690813077817,0.8690097698190642,0.6886633739360006
1.0,0.9183284049357389,0.9981387630083851,0.9166191781380217
0.4801046884960379,0.7047205306878723,0.5557815832095025,0.39167069226594653
1.0,0.9549132073884913,0.9998060826815097,0.9547280331799236
1.0,0.9058561815478907,0.9954997675952092,0.9017796182056088
1.0,0.8113464681941273,0.9990239962473444,0.8105545909964659
0.6129224293087108,0.6937263103263698,0.704963794045445,0.4890519317568254
0.22519514462007112,0.7607533351684738,0.2612583685600647,0.19875317522274352
0.5089387113080225,0.9123121580826681,0.8616068064003675,0.7860543649658348
1.0,0.7641077736806072,0.9078095753144989,0.6936643535194993
1.0,0.7695113154762869,0.9992935825452786,0.7689677192514288
0.7360508783132725,0.8582409920910474,0.8197823299142071,0.7035708001242794
1.0,0.8305986066567742,0.9993577707547542,0.8300651719405188
0.5815592646163733,0.5251731127291923,0.31720570420523586,0.16658790705291918
1.0,0.7499783288507377,0.8548225810691804,0.6410984108141381
1.0,0.8224828770488131,0.9608071427549981,0.7902474230621805
1.0,0.9190104899024577,0.9995281225589753,0.9185768295842076
1.0,0.9495492621901649,0.9995727703207468,0.9491435865634442
1.0,0.7066112745720852,0.9987333165740542,0.7057162217819982
1.0,0.8682218332189359,0.9991916723571158,0.8675200255109894
0.9987499997222309,0.9456656630223504,0.9972336778585436,0.9430496471603166
1.0,0.9584395630189932,0.9997626525222522,0.958212079806137
1.0,0.8679249604178285,0.9990532452559842,0.8671032483441031
1.0,0.9345957376457485,0.9994062128969589,0.9340407867501773
0.9793310945674688,0.3612702345520766,0.5906820056934408,0.21339582674256038
1.0,0.8800771664121327,0.9532913652534337,0.8389699634973954
1.0,0.8960832460597286,0.9621546000943942,0.8621706172638848
0.0,0.2823718862701991,0.3213142191482269,0.09073010214632095
1.0,0.933388949940373,0.9995575547602484,0.9329759764426352
0.5103490051784427,0.8649234745419564,0.5264793687862585,0.45536436492526666
1.0,0.8674937105030616,0.9981961789761411,0.8659289071099908
1.0,0.8200149420806967,0.9972117644810526,0.8177285472931197
1.0,0.9403244088915599,0.9995157896584135,0.9398690940883283
0.11091026702705337,0.4255063959412159,0.31576823064130183,0.13436140177291497
1.0,0.6811996625843629,0.913538978218526,0.6223024437201236
0.8472263905714759,0.5162551513923112,0.6649676512115282,0.34329297544719706
1.0,0.9284223545691583,0.9992203345836042,0.927698495767492
1.0,0.9278913141112638,0.9997993695607542,0.9277051508693414
1.0,0.8264333743402565,0.8990629368175322,0.743015616618374
0.058420493359642764,0.6042785701466309,0.2888012121048103,0.17451638350730864
0.9296562566896628,0.6713496277162271,0.8589726071974322,0.5766709400604331
1.0,0.9324378787804365,0.9931910721072812,0.9260889764993808
1.0,0.8235558714962831,0.9767092619329266,0.8043746474096628
0.15828655520595272,0.6445576682630048,0.422677226247311,0.2724398473778413
1.0,0.8648840093509114,0.9947706285856605,0.8603612096356923
1.0,0.9031034396571294,0.9997881710125277,0.902912136169924
0.7903729571310282,0.8726297763420066,0.9746399724526822,0.8504998611753635
0.03499461036112454,0.6169047851486344,0.20862291629420648,0.128700475353559
1.0,0.7994228610380012,0.9986942364134079,0.7983790037757685
0.4474630154870489,0.5556685946609048,0.31087117060561487,0.1727413464910124
1.0,0.9499438586281275,0.9996899521619643,0.9496493305885045
1.0,0.5552086335106391,0.4545135781300562,0.2523498626256196
0.05297306307688753,0.7287928893481543,0.35535516074240325,0.2589803143422339
0.02375677794794015,0.6885793940955885,0.26013029549792355,0.1791203612598666
1.0,0.8534202060736934,0.9970145834658761,0.8508723912799256
1.0,0.8465030585673188,0.9978303203182299,0.8446664180805891
1.0,0.9525953584343614,0.9997790090178027,0.9523848434504644
0.4527905877300707,0.83583328789834,0.9241723793475431,0.7724540384148889
0.12185284138288277,0.43727950135318605,0.11912834155437961,0.052092381791931146
1.0,0.8714567740551327,0.9849943665198166,0.8583800131098384
1.0,0.8791447612512782,0.9980796148807112,0.8774564647340705
1.0,0.9197634567247167,0.9898655562648164,0.9104421657228621
1.0,0.9670107122552543,0.9995075905963781,0.9665345470871366
1.0,0.7754913891579682,0.8504197721983427,0.6594932105094957
1.0,0.9504000636603471,0.9984414058921791,0.9489187757210535
1.0,0.9441771041013506,0.9998086613383694,0.9439964465179096
1.0,0.9382159241988455,0.9988341596292898,0.9371221141979713
1.0,0.8366032770444299,0.9999351638261311,0.8365490348889002
1.0,0.9266102419486161,0.9996320711526149,0.9262693153103206
1.0,0.6491153225864156,0.9947514988738604,0.6457084400848263
1.0,0.9263093727792563,0.9992741699903763,0.9256370296382974
1.0,0.8587372402706489,0.9989095541935897,0.8578008338481875
0.9891567377306861,0.6563487453290112,0.5097900105347847,0.33460003379576936
1.0,0.7778673102416995,0.9996310201832328,0.7775802929040974
1.0,0.8201296619016748,0.9988965152174534,0.8192246613000512
1.0,0.9094315011163145,0.9832376499448792,0.8941872919434488
1.0,0.8268963141603468,0.9990385864343082,0.8261013248264926
0.5876741651341796,0.508040091679296,0.2939503345032659,0.14933855489019893
1.0,0.8683610211768996,0.9991527364584898,0.8676252905427878
1.0,0.9030302690514104,0.9978906502967214,0.9011254624213352
1.0,0.8316335370800754,0.9983627920500916,0.8302719800417574
1.0,0.7233195402018499,0.9861158984405439,0.7132768982457482
0.7932843042927372,0.7747215086726124,0.6341959611076867,0.49132525178342445
1.0,0.7250089786015215,0.6875780422634279,0.4985002541302416
1.0,0.940779608227545,0.9989455703544641,0.9397876223187143
0.6359417463912175,0.8789833523943591,0.9819889137961568,0.8631519074626413
1.0,0.9214180194370072,0.9990709847947392,0.920562008086549
0.04270189534616081,0.36730175077423055,0.3366823481894452,0.12366401594476231
0.21172506550999856,0.7208611054702522,0.668891208400708,0.48217765592706724
0.5255118025048703,0.5283891257456957,0.18986950943608844,0.10032498409669889
1.0,0.7517320911282647,0.989772081925742,0.7440434368864141
0.8094107525537685,0.7817649762880632,0.919760725939312,0.7190367221046381
1.0,0.9570578330039627,0.9998368816549335,0.9569017193141102
0.022644068180917153,0.4365047598177667,0.2579658990064104,0.11260334278696744
0.5103818278408047,0.9198554966770935,0.5109607081894827,0.47001001601411607
1.0,0.9186610660635719,0.99964416919479,0.9183341781567195
1.0,0.9035162475547532,0.999333033063547,0.9029136320910862
1.0,0.912068353744416,0.9994580639729453,0.9115740710443855
1.0,0.46044072828016674,0.8688134697372424,0.40003710674543447
1.0,0.9406999624737709,0.9997645788947446,0.9404785018488916
0.0,0.47042881993723074,0.9988860131287174,0.4699047684079477
0.36627621576660857,0.585379658736152,0.2835097282341945,0.165960827962112
1.0,0.7918064922097067,0.9974783518131712,0.7898098348043068
1.0,0.9298516920052415,0.9992943681581566,0.9291955590431707
1.0,0.9353669491288783,0.9992978164343854,0.9347101498293809
1.0,0.9017111156423829,0.9991098091655489,0.9009084206719155
1.0,0.8640901978836706,0.999832624088856,0.8639455699994892
1.0,0.7476183543864724,0.8815367120374188,0.6590530259846766
1.0,0.816505544239675,0.8290039000058989,0.6768862805511295
1.0,0.8438850270160363,0.9560500522266089,0.8067963241519347
1.0,0.9264273782047422,0.9980904782350966,0.9246583449624578
0.0,0.5587562418442247,0.999256998896483,0.5583410853399374
1.0,0.9324579392299222,0.9994842869615232,0.9319770585128301
1.0,0.6859750410492244,0.9343895928954283,0.6409679393424095
1.0,0.9161407700492051,0.9990491251937725,0.9152696348720075
1.0,0.3745312299341712,0.6139461263399815,0.22994199781143332
1.0,0.9191106694427176,0.9990001072006912,0.9181916573025739
1.0,0.6783353277752314,0.4332346078757153,0.2938783397369472
1.0,0.6314593273074264,0.9220982263068551,0.5822675256950978
0.014388610861014521,0.7974324657956218,0.41445795033049065,0.3305022253006425
1.0,0.9392808304401491,0.9997660411286436,0.9390610773571727
1.0,0.8231727893402754,0.9998977431476179,0.8230886142818709
1.0,0.8463791590030142,0.9751151404541848,0.825317132508719
1.0,0.9106339137927076,0.9985316957938971,0.9092968261868659
0.9525143362189135,0.6403420977613983,0.28330597569517957,0.181412742784991
1.0,0.8464705735727678,0.9956889289817178,0.8428213788152095
1.0,0.903058995781604,0.9992574471003737,0.9023884267057527
0.22922179485070587,0.6520541164245323,0.4302517754359026,0.28054744127194375
1.0,0.9130163204372522,0.9992533824967306,0.9123346464716431
1.0,0.928538280671634,0.9983005233185888,0.9269602515158349
1.0,0.8131180527301012,0.999737469152769,0.812904584158819
1.0,0.8949134550451845,0.99909651977631,0.8941049184366371
1.0,0.8284218986703756,0.9796039605910372,0.8115253729778469
0.07096597994853172,0.5489893402017452,0.560436370254773,0.3076735931312288
1.0,0.5481228240303428,0.4440337592485274,0.24338503808411222
0.6730673891231802,0.7321220740778424,0.8982421565972096,0.6576229107121032
1.0,0.8855918072246232,0.9888592099801699,0.8757256148570517
0.4933802060570917,0.7000661365927067,0.7865340845336442,0.5506258778579496
1.0,0.9496151866807306,0.9336629638858689,0.8866205297473636
1.0,0.8607470616695765,0.998843760776325,0.8597518321552111
1.0,0.9408206189087087,0.9998181562752917,0.940649536583084
1.0,0.9138866373107197,0.9995306165466766,0.9134576740449527
0.751101129158449,0.34678680889027924,0.19715114353299446,0.06836941593487655
1.0,0.9505690596704375,0.9997713827463147,0.9503517431825774
1.0,0.9066225795002378,0.999702920724538,0.9063532407212025
0.5012151456114137,0.4882627894622455,0.24554205199848245,0.11988904723906277
1.0,0.8867667125820609,0.99844611284943,0.8853887771818264
0.20367491556430983,0.45090573671149514,0.41313060132395485,0.18628295814804086
1.0,0.7514140013521672,0.9636074719076585,0.7240681461989797
1.0,0.7048247290360421,0.7759280815081143,0.5468932998004127
0.0,0.4467815505504508,0.2657035159065321,0.11871142882342678
0.4959246117759696,0.669629053852039,0.9588199384736396,0.6420536882145734
1.0,0.6944403872639571,0.9250452890682354,0.6423888087772445
1.0,0.9268330187655104,0.9998181562752917,0.9266644799971954
1.0,0.9732716931631612,0.9291460278681292,0.9043115277390399
1.0,0.7978015825768958,0.991936799044696,0.7913687480941187
1.0,0.9241653230984659,0.9996609507078074,0.9238519854998004
1.0,0.8444233508634886,0.9979732263661887,0.8427118958801839
1.0,0.930347347732802,0.999673735125025,0.9300438080717107
1.0,0.8989823445554783,0.999832624088856,0.8988318765664559
0.904440163976121,0.9050512038537147,0.9473694845046383,0.8574178924451961
0.012684581343742136,0.46565361389937066,0.22174424215490607,0.10325600772080919
0.025320622902943842,0.41638851731669146,0.4993991067168283,0.20794405359510032
1.0,0.8901911161976279,0.9998181562752917,0.8900292405293563
0.017702505097740955,0.582841941658451,0.04097316419456457,0.02388087857505054
1.0,0.9080626653811688,0.9903395835844079,0.8992904019021342
1.0,0.94444708798323,0.9996900971545004,0.9441544011432401
1.0,0.946920359937866,0.9998172208572492,0.9467472826462233
1.0,0.787945865754478,0.9690992460798488,0.7635977444543983
1.0,0.9497514990566748,0.9996801913769601,0.9494477603375313
1.0,0.941407558329262,0.9998076783603012,0.9412265052840193
1.0,0.8704070768482204,0.9885589113534852,0.860448672323446
1.0,0.9575408112695537,0.9998131348230214,0.9573618802363916
1.0,0.9125871065082929,0.999493552543146,0.912124929089044
1.0,0.9271070804878356,0.9988787703691132,0.9260675805581877
0.20824436926973253,0.33819526736635747,0.04703442138638334,0.015906818716189836
0.34708053574371217,0.44651591289263964,0.2511934109092242,0.1121618551847482
1.0,0.9394930547771452,0.9998045275080785,0.9393094097285849
1.0,0.9228338196913519,0.999810635621357,0.9226590678384953
1.0,0.876602238866562,0.9992669185859689,0.8759596180577509
0.04438775475833261,0.6260701561870274,0.39017767659116664,0.24427859892412318
1.0,0.9317004269818401,0.9996905237436893,0.9314120878216946
0.0577982388106586,0.11496378285809813,0.4313565829908078,0.04959038454136642
1.0,0.9574702281969499,0.9967848371341654,0.954391805474109
1.0,0.6282546814462383,0.9704769431477982,0.609706682768239
1.0,0.9209341480975423,0.9981631496998071,0.9192425299311514
1.0,0.7907018866096166,0.9947864236127992,0.7865795019242736
0.21277705669620894,0.5731775837479183,0.5230016544418291,0.2997728245891313
1.0,0.9174556901049874,0.9994492228409144,0.9169503764664044
1.0,0.9202535961206287,0.9319627660695349,0.8576420869260177
1.0,0.9057406713084792,0.9994757616304135,0.9052658472956843
1.0,0.8337099361215354,0.9993417641142766,0.8331611583232961
1.0,0.7907748235524913,0.6924115282896663,0.5475416041089717
0.22099810173746803,0.6017327765187973,0.6525681990583675,0.3926716742872627
0.59433560138786,0.78124393235454,0.959935342472725,0.7499436617594938
1.0,0.7617309839687237,0.9643078686213558,0.7345431816137281
1.0,0.9015356258292799,0.9967536540315328,0.8986089292849395
1.0,0.9378381669021563,0.999669890134409,0.9375285772709341
1.0,0.8756679401270502,0.985342756504101,0.8628330619070557
1.0,0.6828983095071857,0.5377902824672509,0.36725607476627753
1.0,0.9418537942657956,0.9997142782388981,0.9415846861409976
1.0,0.7373632516560842,0.4353035510173659,0.32097684183560504
1.0,0.8642179880209959,0.9799457235865618,0.8468867216077575
1.0,0.6875041930378879,0.6519372113574484,0.44820956640567355
1.0,0.8916532417425508,0.9992821618457697,0.8910131790252849
1.0,0.7743349521862588,0.9424803647049254,0.7297954881402762
1.0,0.7525764892853762,0.9984467439176246,0.751407545275941
1.0,0.7892715172106003,0.9549571198895292,0.7537204548862739
1.0,0.9480086673382104,0.9997738510704786,0.9477942761929149
0.031790418100486544,0.3164741619776462,0.26008148412047605,0.08230906973293016
1.0,0.7599141253227328,0.9833028148583506,0.7472256984804646
0.3281501564784811,0.8367622086396936,0.8333646195452568,0.6973280196528671
1.0,0.9335214036195364,0.999531189115483,0.9330837586245899
1.0,0.919865211453272,0.9993956160673413,0.919309259699258
1.0,0.9180534023305864,0.998433240559358,0.9166150334954715
0.577323751027852,0.8336528978022787,0.5112049098675904,0.42616745448186943
1.0,0.8688894144125414,0.9986300510241715,0.8676990802491586
0.03497810751234196,0.6480416598773818,0.6011527711296959,0.3895720396427759
1.0,0.8362549107982877,0.9981015660159597,0.8346673360563076
0.06877963452585106,0.6180088213509278,0.5935598450682632,0.3668252202518767
0.05516023531955355,0.5456973382906487,0.18002361554030244,0.0982384078298021
1.0,0.9446966323456347,0.9995559456382914,0.9442771356855503
1.0,0.9300244915841396,0.9992413714265883,0.9293189484308512
1.0,0.6072680000153772,0.98851660193027,0.6002944998361918
1.0,0.9058640821763159,0.9982017508001326,0.9042351128153537
0.16588734250499862,0.5804594001610921,0.598539148523556,0.3474276751249142
1.0,0.6722954995920221,0.798877429707809,0.5370817007182019
0.08670929399403939,0.6001543594614664,0.35675460765348704,0.2141078330412053
1.0,0.8535510027876478,0.9991223845191801,0.8528019132139321
1.0,0.9265830031810357,0.9993904181723917,0.9260181750205259
1.0,0.9510402942653703,0.9998071055985802,0.9508568439170819
1.0,0.9500484487857664,0.9997009269657694,0.949764314913522
1.0,0.9353991643687652,0.9989033005317143,0.9343733126025671
1.0,0.9077433727561939,0.9990052919297173,0.9068404330975677
1.0,0.9195974102045139,0.9992413714265883,0.9188997773330974
1.0,0.9252553513075347,0.9997947601073366,0.9250654519985461
1.0,0.8697747799334026,0.9885403434036988,0.8598074596392423
1.0,0.7837526276283202,0.7702893582367798,0.6037163085522086
1.0,0.8613544566333515,0.9994236021922722,0.8608579738128715
1.0,0.8680521757808144,0.9971283119365502,0.8655594007091729
1.0,0.7567534836353275,0.6543036771145302,0.4951465870118252
1.0,0.9594230172320347,0.9997151068159225,0.9591496841537782
0.40410189382641326,0.5273329539199328,0.5987866096588945,0.31575991163912664
1.0,0.9290937274219462,0.9998267308702222,0.9289327441603138
0.9534139540124927,0.7235473249507978,0.5174308032611737,0.3743856735467648
1.0,0.5537241128417247,0.47547131976187695,0.2632799347168293
0.7834204265931466,0.9564835202806786,0.90239151881037,0.863122616583171
1.0,0.8980531572325025,0.9983576495199905,0.8965782391986477
1.0,0.9428631383029709,0.9993449111838397,0.9422454792058989
0.0,0.39971448782660524,0.30664202361065473,0.12256925941364664
1.0,0.8572893689145582,0.9946480366798195,0.8527011876573468
1.0,0.8956940811725136,0.9993416424516335,0.8951043942131465
0.0,0.19825767428777308,0.05324650051203696,0.010556527355479165
1.0,0.7589462545352239,0.8342483571377315,0.6331496660018452
1.0,0.8722205375112156,0.9970364784297502,0.8696356931342862
0.5003411112741836,0.6140719808065955,0.6331151855502237,0.38877829606956116
1.0,0.8454544470906632,0.9956320038303207,0.8417615053041329
0.01491324473742404,0.5159638148977499,0.44196077066688744,0.2280357652684368
0.07159208292823914,0.4724205383000967,0.33043686080109025,0.1561051596538452
0.0,0.1378200832441177,0.5373167466090542,0.07405303874611835
0.5102713349154634,0.8704357693208072,0.5514161412685651,0.4799723331410144
1.0,0.6350597609764644,0.9528548765291253,0.6051197901338449
0.0,0.41224781552868095,0.3193421609098837,0.1316481082413081
1.0,0.9180153175418008,0.999764417468452,0.9177990491692944
1.0,0.8944668993718787,0.9987925872832709,0.8933869086628838
1.0,0.9259534768855441,0.9997757551574415,0.9257458365939034
1.0,0.7806041081524312,0.9968709149647091,0.7781615315191248
1.0,0.8984027017170536,0.9992771669523102,0.8977533065541187
1.0,0.6841536402998301,0.7560860296100301,0.5172790095375472
0.7526927717319294,0.888093109560427,0.6592368924149226,0.5854637417217212
0.028283181613898922,0.769287435936183,0.4936915668591651,0.3797907196124038
0.5103530683081016,0.9218019582065169,0.48701236572361206,0.44892895239481395
1.0,0.8270015123148349,0.9992105923265788,0.8263486709750826
0.10595674352948954,0.43762529602775346,0.27589144376916525,0.12073707475100524
0.7510357846712902,0.5792163247659399,0.4160021351588935,0.24095522782151807
1.0,0.9568234781124884,0.9946508065949979,0.9517052442736179
1.0,0.6943616638364906,0.9581088031188167,0.6652740226699702
0.07874398960527594,0.4086256985376419,0.47016536893493854,0.19212165230924738
0.07101995963186938,0.5693121062960967,0.2767360785623958,0.15754919977447965
1.0,0.9175383202441926,0.9978776349632309,0.9155909689934104
0.014076117252320433,0.7522340078639332,0.5664252626566273,0.4260843454835758
1.0,0.901349209955889,0.9996317533397039,0.9010172911195622
1.0,0.9347165138987217,0.9997802219299298,0.9345110837072342
0.5103672778814905,0.9259568067714925,0.4831618239646564,0.4473869796722032
1.0,0.9438333647187888,0.9998057404202055,0.9436500160459624
0.0,0.20200669821376105,0.186205535925327,0.03761476550139917
1.0,0.6697232542645931,0.7842533952518859,0.5252327360361492
1.0,0.9197775145913344,0.9998207809954905,0.9196126729807992
1.0,0.39654248096781103,0.22303538793570404,0.08844300607564227
1.0,0.9002451502326884,0.9989247863674398,0.8992771943745119
1.0,0.8873299414355301,0.9993012050487157,0.8867098797523315
0.7050991954931193,0.35066234019447956,0.1968071360810753,0.06901285090516326
1.0,0.9171649880413392,0.9990956293153959,0.9163355309132093
1.0,0.8417609273473791,0.9947799970341602,0.8373669328100977
1.0,0.32761729161187214,0.294306461282702,0.09641988574931314
0.8924361383424184,0.6813055882011444,0.8524029634260374,0.5807469023813749
0.7768568511178556,0.5688958673541877,0.35539014753123455,0.20217998622891442
1.0,0.8884619820805533,0.9117596144268783,0.8100637542147052
0.9798634253132864,0.32892429116449995,0.32140640034721035,0.10571837240993966
1.0,0.6978491696346275,0.6972543269856293,0.48657835311107245
1.0,0.7528627670378099,0.9789916999026168,0.7370464000957333
0.04163202092270197,0.6576321244526144,0.4397555552474654,0.2891973800372297
0.04707154432183671,0.6963365998259803,0.44170663001653926,0.3075764928663092
0.5100132913699856,0.9346176262819301,0.48698600776879103,0.45514570661338105
1.0,0.9239472905189716,0.987144392038563,0.9120693863750278
1.0,0.8774944359868124,0.998731431491087,0.8763812741785731
0.13207710707757495,0.4634130838097869,0.5630278557571353,0.26091447490722597
0.7674647711753767,0.44598293645271647,0.43317409154518366,0.19318825334255882
1.0,0.9097486973252024,0.999403520807581,0.9092060511569175
1.0,0.9648330601094169,0.9993751706905486,0.9642302041347329
1.0,0.7949988464004184,0.9744054394391949,0.7746512002804526
1.0,0.9159057799111117,0.998245042123504,0.9142984038485285
1.0,0.8094446362418006,0.9798108873124102,0.7931026672663498
1.0,0.45867550853500966,0.4320915844748626,0.1981898272427057
1.0,0.9432718377162815,0.997611043580292,0.9410184024040394
1.0,0.7437870383188989,0.4327962594148829,0.3219082479856936
1.0,0.8103218848407423,0.8939448024318538,0.7243830372501647
0.09579217746233593,0.4934224243384013,0.11362181447691701,0.056063551156928446
1.0,0.981350119310509,0.9923539142713078,0.9738466321683985
1.0,0.8111249027263548,0.9116208883080498,0.7394384043521801
1.0,0.9066720809862819,0.9646307939653259,0.8746038093479914
1.0,0.7929741912202124,0.9992574471003737,0.792385365935193
1.0,0.9408924346039979,0.9997626525222522,0.9406691161578126
1.0,0.9229864344344731,0.99979555870318,0.9227977378908702
0.0,0.470977649864932,0.9660899644696008,0.4550067810239883
1.0,0.786679667207893,0.7386906004408111,0.581112875724376
1.0,0.921183709566845,0.9986557926488979,0.9199454476527298
1.0,0.7953998222914228,0.9757227398977346,0.7760896939203583
1.0,0.8865929003636966,0.9956990807029296,0.8827797358498768
1.0,0.7010503756913858,0.9963609870694284,0.6984992443092628
0.6477086562786114,0.8289839809362995,0.7044348745500799,0.583965226614888
1.0,0.7079494108548974,0.9438797954281012,0.6682191450911653
1.0,0.8719236520302903,0.9069057175331475,0.7907525452786529
1.0,0.6971153369385366,0.8098587753501688,0.5645649730508635
1.0,0.8691478221033262,0.9663482256763176,0.839899455739985
0.15349631483685822,0.7548057642728524,0.22589335522700568,0.17050560663627895
0.6544189126446556,0.7033604684267406,0.7235996528829838,0.5089513908052024
1.0,0.6871559822217119,0.7030532269934416,0.48310723074882256
1.0,0.9606310523946173,0.9969040910351794,0.9576570261076238
1.0,0.9263383932823831,0.9991032211551257,0.9255076726080926
0.16088274965978788,0.3630535213533785,0.24899449816213934,0.09039832935538201
0.052808489791366986,0.5727168842737914,0.22693003757556865,0.1299666640684141
0.6355903226367646,0.5169934949764579,0.6383334130378071,0.3300142221666667
1.0,0.9200277829987619,0.999817392389099,0.9198597789233459
0.04830190616325766,0.2927145096854316,0.20598192512063002,0.0602938982157465
1.0,0.7486502650735423,0.9474000491419821,0.7092712979208319
0.0,0.33199428401719033,0.3229985649581168,0.10723367731184993
1.0,0.5835529800036923,0.8723072446112415,0.5090374920716997
1.0,0.800105764270901,0.930073555530809,0.7441572129761321
1.0,0.9123384877118602,0.9960728604756827,0.908755607177211
1.0,0.7646047548161269,0.9992419583211979,0.764025152544166
0.5735150549559306,0.47498580767548704,0.3435434092285379,0.16317824370400744
0.2945844511605925,0.8208703084867429,0.5519422755192732,0.45307302597238064
1.0,0.9212967723794943,0.9986017102645549,0.9200085325593773
1.0,0.944873807748024,0.9997142782388981,0.9446038367396552
0.979638704380382,0.6783676844182479,0.8619073357135331,0.5846900835110909
0.36307096763387836,0.6470691958516795,0.41049855033673543,0.26562096686467157
1.0,0.8833307104865007,0.9824403763508005,0.8678197556525777
1.0,0.8670656433680852,0.9950828109196277,0.8628021176545497
1.0,0.9320384324031533,0.9998086613383694,0.931860097416909
1.0,0.8788467614887439,0.9988941921457163,0.8778749258371777
0.4920086979189083,0.3893838614221006,0.28221872603680986,0.10989141730983894
1.0,0.9352242402751216,0.9993075145732714,0.9345766111180077
0.45659345896425974,0.5731216492384653,0.37118224052016763,0.21273257785494717
0.0,0.12342501219822148,0.4435243972068755,0.05474200413546743
1.0,0.8877276978762819,0.9958492568358323,0.8840429682026796
1.0,0.9109062631688647,0.9930419545467873,0.9045681359861196
1.0,0.8361848001999418,0.9998031068639781,0.8360201611523366
1.0,0.7498504684352346,0.9522452440651078,0.7140415423274454
1.0,0.8620675587833173,0.9985824165966762,0.8608455061194422
1.0,0.9275129036026654,0.9993998360032244,0.9269562437513782
1.0,0.8911845647701753,0.9992471364804913,0.8905136244222106
1.0,0.7203293317385666,0.8733518556786971,0.629100958573673
1.0,0.913271420185916,0.9998201417754131,0.9131071608097154
1.0,0.5999655756335822,0.6534176737486891,0.3920281107597885
0.025191727586949913,0.6869283986277475,0.26502622160893025,0.182054038004185
1.0,0.9500453552915437,0.9991492951433248,0.9492371470937355
1.0,0.891754385707015,0.9982070975613793,0.8901555570942302
1.0,0.5676616817572543,0.7853978259725183,0.44584025074005107
0.04475480029802395,0.5667535869397239,0.3649396964734961,0.20683088199304803
0.0,0.38848570007120886,0.6972967814480575,0.27088982829824937
0.37176547902662016,0.5562314281106595,0.3554855988878164,0.1977322623421432
1.0,0.6033942422639307,0.8703315557267679,0.5251530495861411
0.6913804427698452,0.7671590976622585,0.6411171205612658,0.4918388317056061
1.0,0.8994334112650507,0.9979324770555769,0.8975738120502794
0.07812158563229885,0.407741476188638,0.1906861544277634,0.07775065409511084
0.5670399757952173,0.56094471610174,0.5769176255418627,0.3236188936736701
1.0,0.735815937617505,0.971947401991576,0.7151743889113296
1.0,0.8104156814639042,0.998998770996087,0.8096042697783966
1.0,0.9154444842104345,0.996578149708235,0.9123119702350443
0.03282380036970566,0.5494847492018499,0.49893375561186043,0.2741564895707202
1.0,0.7878966807693396,0.9987208771134128,0.7868888640927015
0.6232525059534278,0.6316312023626811,0.7644459742399199,0.48284792985047176
0.19162241463568008,0.7143666164528935,0.7659433828214138,0.5471643827806166
1.0,0.8587908959152396,0.9804392907758556,0.8419923369158991
1.0,0.9441232959419986,0.9997536872347473,0.9438907463222357
1.0,0.9110815596116386,0.9997439271426103,0.9108482563533538
1.0,0.5044186267306627,0.4725475042688999,0.23836176316832047
1.0,0.9237205395877132,0.9993193926935642,0.9230918486393649
1.0,0.7833826353125869,0.9997464221883949,0.783183986858275
1.0,0.8756477130159332,0.9712734846288806,0.8504934055282956
0.09304824643062445,0.672225482446829,0.25185974232046177,0.16930653679030644
1.0,0.8775877110856505,0.9979719401880529,0.875807910717339
1.0,0.8867329859156153,0.9793015687699927,0.868379004187262
0.0,0.5302257803176272,0.2272321387290141,0.12048433807083482
0.016017143467861872,0.7628746953262068,0.30008178705741284,0.22892480187436748
0.25514487817373244,0.3761750037725175,0.21939181115356718,0.08252971538835258
1.0,0.9502551053480726,0.9996386045955766,0.9499116875199699
0.32668473777221035,0.8672085784696197,0.6191989869090412,0.5369746732272183
1.0,0.9147341185051421,0.9918045940011564,0.9072375010229982
0.5103027241935146,0.7924944539328257,0.5551012081443392,0.4399146288257999
1.0,0.9217346049672647,0.9994944879611886,0.9212686570278646
1.0,0.8942174841206872,0.9983750496762801,0.8927644251303893
1.0,0.8378637112613164,0.7385406100689095,0.6187963764695332
1.0,0.9438410687930042,0.9994746844154498,0.9433452543702288
1.0,0.7841371705273739,0.9975383768422487,0.7822069203095501
1.0,0.677155917460901,0.7567967766909364,0.5124694156516036
0.06815849436045027,0.5924199372777939,0.630666038390648,0.37361913490662246
0.0,0.4275268660716117,0.5070636559587323,0.21678333573085073
0.03836698281360187,0.7586458065456589,0.28142274895481434,0.2135001883611216
1.0,0.9248742140817511,0.9972442191834671,0.9223254634648786
0.02198338302697217,0.7042806162708288,0.5663099202132889,0.398841099608099
1.0,0.9441184224524529,0.9996912687556445,0.9438269435970702
1.0,0.8790348819220489,0.9967548010592959,0.8761822388543936
0.4267902149843171,0.9194479237022176,0.5583629515502295,0.5133856564751005
0.6009583446501324,0.5352649288839029,0.25484992023983505,0.13641222443324363
1.0,0.792425287322465,0.9983508462338138,0.791118456175456
1.0,0.9397404816173708,0.9997219261204647,0.9394791643358911
1.0,0.7218437021354576,0.8842399724362706,0.6382830552795525
1.0,0.9369487776870351,0.9995241170621513,0.9365028997500956
1.0,0.6363017908131431,0.8904143426316634,0.566572240782235
1.0,0.8828959137711031,0.9980721195374131,0.881193795988446
0.26842525081130025,0.6759661774850555,0.2964079217163863,0.20036172981891523
1.0,0.9164030021944556,0.9990715781979073,0.915552193667715
1.0,0.9163321743413126,0.9993426895392499,0.9157298596175962
0.021546665150683295,0.5693304880840175,0.3277871888353191,0.18661924020730025
1.0,0.8604731713615418,0.9991144330374336,0.8597111647488093
0.05244772705643481,0.4740863065233355,0.3848479597058194,0.18245114778997337
1.0,0.8501037518206913,0.9982092026691771,0.8485813882910083
0.4845038596244456,0.49432658299555804,0.5986887587142621,0.2959477683730733
0.013346116847688012,0.19101337321195155,0.15807237899268645,0.030193938323031067
1.0,0.6593881643770578,0.608348271226546,0.4011376498660287
1.0,0.9347848029982573,0.9992471364804913,0.9340810376214889
1.0,0.7855352571494205,0.9940946283840713,0.7808963795385391
1.0,0.9007677402174218,0.9992356958099794,0.9000792796593382
0.579153789705082,0.5307242595239695,0.4456527326463256,0.23651871653855472
1.0,0.9372894281997286,0.9998002906696487,0.9371022427556774
1.0,0.8468826626364243,0.941922244456176,0.7976976183815233
0.17434424654102168,0.6854638474565307,0.514247677986658,0.35249819189832166
1.0,0.8391712489857437,0.9991359963460107,0.8384462019602973
0.14099702804068912,0.7210505797355229,0.5432648928614344,0.391721465947694
0.10768171016961335,0.20726615738528584,0.3025091113279991,0.06269990107899202
1.0,0.5178032009990646,0.9754492523497303,0.5050907452788347
1.0,0.8265087889399951,0.9840765866585193,0.813347947863337
0.36978720792798203,0.5843798355582477,0.6457687099575741,0.3773742125336689
0.03971094342559141,0.598625803804945,0.5149128452915932,0.30824011590217126
1.0,0.9351499729024016,0.9997790090178027,0.9349433131913881
1.0,0.9460484868861098,0.9998207809954905,0.9458789370180724
1.0,0.9338197280599445,0.9988621150590984,0.9327571486538683
1.0,0.8524965299128587,0.991436545889698,0.8451962149997583
1.0,0.8654495432264617,0.9956320038303207,0.8616692629365978
1.0,0.8769989842876833,0.9974514457191956,0.8747639047720158
0.14491182540355502,0.6567162590784217,0.19185049065670054,0.12599133652642808
1.0,0.9294943106883011,0.9994873758754763,0.9290178294810348
0.08584305571132579,0.6699040161149717,0.204565100585856,0.1370389824394281
0.04684146013458359,0.4518236168489079,0.3513247766959213,0.1587368312953861
1.0,0.8764270371466758,0.9992771669523102,0.8757935267203373
1.0,0.9340335966695696,0.9998049765340127,0.9338514382001986
1.0,0.8006891965098899,0.9792096834182535,0.7840426146308651
1.0,0.9448430676677372,0.9989284883026024,0.9438306572685261
0.06380491649289535,0.5998524203301091,0.6334939882696518,0.3800029021281244
1.0,0.767508029792227,0.9988925030973749,0.7666580170264922
1.0,0.8625778087469266,0.9973463350374098,0.860288816238347
0.570066408298503,0.4130525795413552,0.5175047423842031,0.2137566687666796
1.0,0.4763238918384859,0.3849873066590487,0.1833786522162547
0.5392566320337351,0.6924517153563129,0.2757817346379221,0.19096553521396864
1.0,0.7889361268795604,0.9991916723571158,0.7882984079997336
0.048153437871474504,0.7028497901031369,0.22676767921456947,0.15938361573813561
1.0,0.7636730752465413,0.2792170969253159,0.21323057907036755
1.0,0.9160963561147483,0.9988500997550775,0.9150429366904793
1.0,0.7952415762462851,0.9989266414064177,0.7943879968664472
1.0,0.7992916507302077,0.6474784978685528,0.5175241573736709
1.0,0.7297386513385052,0.8635400705304361,0.6301585664456382
1.0,0.9258956644194337,0.9989863735197033,0.9249571520559863
1.0,0.9410705403300826,0.9997223483416658,0.9408092505339506
0.09065805758434994,0.8328674592647384,0.4099396160187518,0.34142536644550026
1.0,0.8675344331879669,0.9992700589026796,0.8669011841518424
1.0,0.9076067211674388,0.9995658957403524,0.9072127252236952
1.0,0.9350223280683327,0.9994134708047209,0.9344739101746828
1.0,0.8948725268593732,0.9984108544827685,0.893450444194821
1.0,0.945176500637549,0.9998331968505768,0.9450188422204818
1.0,0.6995329252506696,0.9821112556333234,0.6870191595747868
1.0,0.8640116587888891,0.9961940983095423,0.8607233153561293
1.0,0.8309387653509519,0.9988784769917616,0.8300068484071735
1.0,0.9102273019262449,0.9917072358406827,0.9026790015799988
0.052673928670198725,0.6101698086510632,0.4186210869360946,0.2554299485130969
0.018893135806544257,0.5561880411703606,0.3998945500922857,0.22241656649053101
1.0,0.8607373727663369,0.9871996549420058,0.8497196373906164
0.18820401621648195,0.3638250444536362,0.26554593614845456,0.09661226202369393
1.0,0.6571742955086881,0.930652738400091,0.6116010577213112
0.11312298892697509,0.8327679510142123,0.46004811778582405,0.3831133284164457
0.836993665537287,0.8368246743114903,0.925519142378596,0.7744972548900184
1.0,0.7909098600605353,0.9908341235070884,0.7836604779661945
0.014756011307788431,0.5849617291860247,0.21215701696635547,0.12410373550358808
1.0,0.6509913980739076,0.7359670852763627,0.4791082417804381
1.0,0.8749636926931765,0.9993083492506811,0.8743585233994985
1.0,0.8360576939714364,0.9992709943207221,0.8354482031643272
0.24984332273094706,0.4779932205980469,0.43360094008423855,0.20725830980520596
0.0,0.2263891052588205,0.5877261669681476,0.1330548010771151
1.0,0.7274682018964777,0.9992253823935122,0.7269046922191287
1.0,0.949369579752141,0.99962043384179,0.949009231188033
1.0,0.885713586134153,0.9790937526781746,0.8671966388461314
1.0,0.7985126347745413,0.990429110631082,0.7908701586874308
1.0,0.949050207456871,0.9993904181723917,0.9484716836969174
1.0,0.8566778282165847,0.9992626405324775,0.8560461487093326
1.0,0.725734275254621,0.9925856351384023,0.720353416545316
0.19421303964396067,0.654079832267572,0.29054350476129376,0.19003864686069954
1.0,0.9404679924284233,0.9998002906696487,0.9402801721954386
0.17399528974540715,0.8008670310859293,0.31933209271346535,0.2557425450218897
1.0,0.935121979072964,0.9996862673576077,0.9348286007835104
1.0,0.9379071457449897,0.9992787769443929,0.9372307054874598
1.0,0.8538398230187376,0.9989957221266971,0.852982330577135
0.5880588811319922,0.23355858467081003,0.4275649990814857,0.09986147604024799
0.05025211590033707,0.5655894283027234,0.20948879590350966,0.11848464831089194
1.0,0.8541759748838669,0.9993454489186333,0.8536168730758292
0.09350544847468276,0.5553778462725889,0.2737663895049346,0.15204378778507327
0.0,0.25254633319077124,0.9905605617745487,0.2501624376795527
0.5918318637965042,0.9313270878389979,0.942695435353775,0.8779577945271475
1.0,0.8973226273943304,0.9987108964579648,0.8961658856170082
0.09661080434928203,0.6013692034656082,0.33410907322591904,0.2009229072365035
1.0,0.7703112614175539,0.9992029054091648,0.7696972504778186
1.0,0.7955793850100014,0.9979105290669699,0.793917045010105
1.0,0.8531759861695883,0.9991309281739693,0.8524345149573624
1.0,0.9007917680165449,0.98037325460691,0.8831121573334928
1.0,0.9220232800097132,0.9993324953287537,0.9214078251633089
0.5460004515646317,0.6986932597678664,0.7652444063660688,0.5346711088030345
1.0,0.9310392328625295,0.9992503334498976,0.9303412638928195
1.0,0.8793169832929124,0.8893470487385234,0.7820179639972131
1.0,0.9448499202109546,0.9992783714229035,0.9441680895074631
1.0,0.898877662608501,0.9995044265619103,0.89843220271482
0.9147889109137405,0.47368197546403024,0.41468885652499277,0.19643063676167838
1.0,0.6877960972995091,0.9448353759441827,0.6498540841649233
0.2255886578022322,0.48393788522835895,0.22694782144451267,0.10982864876704067
1.0,0.910512785965721,0.9967848371341654,0.9075853390674165
0.5481160796670329,0.6195567636893556,0.4779905119773344,0.29614225467489547
1.0,0.9553835929713758,0.9998076783603012,0.9551998520322341
1.0,0.947402275884777,0.9997020250628789,0.9471199737511918
0.9806297279772285,0.6753817321928989,0.7019808742396996,0.4741050588102938
1.0,0.8675361625142572,0.99947511471929,0.8670808055520698
1.0,0.8486343176847599,0.9955095821774224,0.8448235950197773
0.7007793631159825,0.5012472676363852,0.603009344993551,0.30225678653722376
1.0,0.9502313241894623,0.999803592090036,0.9500446912410959
0.37389832823506935,0.4864268257254444,0.3856372520038237,0.18758430437370324
1.0,0.9055022616021878,0.9994295470946765,0.9049857152062798
1.0,0.8611193607990227,0.9991418353834405,0.8603803786329507
0.029163834454956267,0.39265133188675627,0.25128124064183444,0.0986659138161728
0.717360155453505,0.801201444590143,0.8126717947745898,0.6511138159510655
1.0,0.86495993507571,0.9982808337179503,0.863472925120004
0.8696723979417442,0.6809525958539033,0.7439496739367122,0.5065944616518692
1.0,0.8443788915300994,0.9941741685811684,0.839459682454425
1.0,0.896428009244143,0.973397566094938,0.8725808423775794
0.06814162979082995,0.49988481507252575,0.42354693925882353,0.21172468340593129
0.4632509262418199,0.6899943005919325,0.36882348876628496,0.2544861051731692
1.0,0.8840642958396707,0.9991296893049936,0.8832948852279281
1.0,0.8114373641583178,0.9986611365466126,0.8103509603267333
1.0,0.6722821823133159,0.5758941062269151,0.387163346515607
1.0,0.9162046529877241,0.8815241814814901,0.8076565567945362
0.684114749855661,0.5587592618918457,0.6134936217252794,0.3427952432505723
1.0,0.9380925570453421,0.9989293962643998,0.9370882316494307
0.3454282838545431,0.5287138536491566,0.4032836735220644,0.213221665141639
1.0,0.911204558738309,0.9985223075177047,0.9098580786120282
0.0,0.2945612821844543,0.22959372335597864,0.06762942153323996
1.0,0.4854583465382876,0.3908865635598935,0.18975914482981915
1.0,0.8852545672240976,0.9989374040377227,0.8843138992953777
1.0,0.8501439504495939,0.9991607552095639,0.8494304715680583
1.0,0.9337999218264591,0.9996913429562013,0.9335116979030887
1.0,0.694894397710108,0.7203283804777425,0.5005521561055783
1.0,0.953643085719571,0.9994013265186383,0.9530721648934668
0.014081942187040255,0.5187515080448596,0.19686467526656665,0.10212384717529302
1.0,0.6669012862027998,0.8283894091795717,0.5524539624586338
1.0,0.8948683253539751,0.9992165651285667,0.8941672543025517
1.0,0.7666940723611677,0.9424759302509331,0.7225907090664678
1.0,0.8149472572072987,0.9983565884687997,0.8136079634874841
0.020697820802216337,0.3085740805896446,0.20172237150834482,0.06224629532255022
1.0,0.43363163935796334,0.4061215678054988,0.17610716122612471
0.8660243864667955,0.5506540851666011,0.3817646698209108,0.21022027500916315
0.0393301440725569,0.6571395408216906,0.339450338707533,0.22306623971003556
0.136000920013871,0.7479015032948381,0.34248666016503165,0.2561462879958555
1.0,0.9099997396024313,0.995430015679312,0.9058410550606181
1.0,0.9263195150099943,0.9993324953287537,0.9257011924066585
1.0,0.9149478481274766,0.9963875837183761,0.9116426756240642
1.0,0.8978957521587521,0.9993411913525557,0.8973042106727264
1.0,0.9400036436779128,0.9997614352153923,0.9397793919111282
0.40044343775468255,0.531289119173713,0.647170361357033,0.3438345712407116
1.0,0.9436231590772496,0.9996862673576077,0.9433271136901297
1.0,0.8138960334014772,0.9991692059045486,0.8132198533826159
1.0,0.9235029940645981,0.9997221100175276,0.9232463618337643
0.21733130892533709,0.5044991791101545,0.2953261989145268,0.148991824922101
1.0,0.8699636107384774,0.9977658449858829,0.8680199771754467
1.0,0.860397388043101,0.9991479878500644,0.8596643190147154
0.9516004458177456,0.6935510387692796,0.8441059899856908,0.5854305861859469
0.5464628920913588,0.5261594191256752,0.3437754100736388,0.1808806700740366
1.0,0.9451446617318109,0.9997790747445614,0.9449358554059913
1.0,0.9604081919815148,0.9997676146265866,0.960185007165192
1.0,0.924269389998635,0.984425384406145,0.9098742495442393
0.23420387210110957,0.5660168544197606,0.38392391227058253,0.21730740515992325
1.0,0.9150664876805337,0.9933244147302019,0.9089578833144877
0.3931328415221628,0.6487395271047083,0.32878643500872984,0.21329675636600628
1.0,0.9560715695052455,0.9997728342392774,0.9558543827798537
1.0,0.7938318009295117,0.9991721645948989,0.7931746388590071
0.9117213594280307,0.5320656366940946,0.662842887744855,0.3526759230961185
1.0,0.8669746049546443,0.9992113974397454,0.8662909065615013
0.04817524495239491,0.5059551754761732,0.1976218309368755,0.09998778814958947
0.0,0.4969391085226167,0.7544379961424457,0.37490974523861625
1.0,0.7529539485164841,0.9990683036094705,0.7522524240404164
0.9568715157675286,0.7262012241242946,0.23156768659460614,0.16816473747263397
0.02647514088476903,0.5101747622233641,0.3416545360811862,0.17430352170775293
1.0,0.9494393838632021,0.999748210044379,0.9492003245628744
1.0,0.6226285609951097,0.996327324413414,0.6203418482796318
1.0,0.957603515175563,0.9995376499039914,0.9571607670983834
0.0,0.5273943707294947,0.993690566194177,0.5240668108578133
1.0,0.7306085301499455,0.7068093986518444,0.516400975845191
1.0,0.6912681691787596,0.934508665310811,0.6459960941510905
0.07700941652893437,0.5779020702403661,0.5490739763216755,0.317310987631406
1.0,0.894501855869951,0.9988072014192728,0.8934348953258116
1.0,0.9514847318262482,0.9997852500943637,0.9512804005698741
1.0,0.6789787831933957,0.9764465705500068,0.6629865043254078
0.6374332112671985,0.6374850347279053,0.7933448874086162,0.5057454931008878
1.0,0.9212728709981711,0.9998086613383694,0.9210965958800378
1.0,0.8882686876335069,0.9992471364804913,0.8875999425430657
1.0,0.9003734444281565,0.9794126494359303,0.8818371406891351
1.0,0.8886649671286925,0.9989143967615051,0.8877002295624405
0.0,0.2933635307092361,0.5108163378485674,0.14985488441521772
1.0,0.8514802190501983,0.9956438755086299,0.8477710652140765
0.16264151941174163,0.5591660450006168,0.3176811314983726,0.1776365018712659
1.0,0.9268089785444218,0.9992471364804913,0.9261112178749226
1.0,0.912074295051864,0.9992267196879949,0.9113690059564145
1.0,0.839433132131407,0.999051124826506,0.8386366148725193
0.11793827376710594,0.6438282712812642,0.43369832306376194,0.2792272415957251
1.0,0.889453702839665,0.9986172666783507,0.8882238255666842
0.27584113772335445,0.6617442780429118,0.28712670076275154,0.19000445130309018
1.0,0.9515664263454954,0.9963193062854314,0.948064001781051
1.0,0.9180024804798249,0.9992202499329234,0.9172866679840942
1.0,0.9525746920757677,0.9995133107165093,0.95211108418141
1.0,0.9016124768519725,0.9991172125489629,0.9008165446717091
0.38752117147373544,0.6299069207394128,0.2261018811148648,0.14242313970645326
1.0,0.8770495965948472,0.9801002199200604,0.8595965025034099
0.4066345587658706,0.40533814627736325,0.24027138043385426,0.09739115594856161
0.5268208888764322,0.584803998856758,0.24863591998964094,0.14540328026937097
0.0728388733789761,0.46857284816514655,0.25654302642822235,0.1202090965703786
1.0,0.9479601183632984,0.9997831428480939,0.9477545464319096
1.0,0.7530684534910828,0.9075152773923407,0.683421126465381
1.0,0.8582002916475807,0.9801269218474292,0.8411452101811093
1.0,0.8806715193806383,0.9661079525832481,0.8508237584872067
0.019203501348128482,0.3250502811172374,0.20272504292314364,0.06589583219167186
1.0,0.9066742679590495,0.9996923259342697,0.9063953078007335
0.49882073113502357,0.6744986129455047,0.26314307996828057,0.17748964244481327
1.0,0.6293704702869068,0.6937721656427444,0.4366397141625398
1.0,0.9588178858395823,0.9997531161680897,0.958581169205822
1.0,0.9414344270791284,0.9994491348973911,0.9409158237068559
1.0,0.7363874435625003,0.7629472691405593,0.5618247890954073
0.9987056128061061,0.9685032306971276,0.9834260054065179,0.9524512633877835
0.9631418741717688,0.55277685452248,0.5389264280949688,0.29790605574137236
1.0,0.7875342267981159,0.9986943490124552,0.7865059819571717
1.0,0.6978130325992205,0.9987861807685146,0.6969660137202703
0.2351549890664857,0.3937372451261683,0.24432481116675184,0.09619977806476815
0.1251976985276282,0.5959567417631566,0.2559587969941989,0.15254037068228002
1.0,0.8420174413485297,0.9988166824321345,0.8410210673177329
0.8263422464506885,0.40346685791646136,0.45737595465830977,0.18453603931253015
1.0,0.9456322449074156,0.9997614352153923,0.9454066503545911
0.0,0.2625180335894515,0.33215208166555277,0.08719591133148383
1.0,0.933468448499296,0.9996462593749866,0.9331382427868936
0.5671060595622354,0.4083656608495934,0.27174505710126035,0.11097134982576667
1.0,0.8429850819590196,0.9986480918090709,0.8418454435218881
1.0,0.6200239435539179,0.7415741634296817,0.4597937372473689
1.0,0.6905652139622035,0.9607978793210903,0.6634935931078001
1.0,0.9102891031408571,0.9998210771934556,0.9101262316597564
0.9180083512493985,0.7362707330087921,0.9657443068060273,0.7110492686711415
1.0,0.7552094079661541,0.8784157284014203,0.6633878221941947
1.0,0.9325184350911933,0.9996281607174873,0.9321716881053591
0.5103270793699922,0.8600866961586183,0.4887820361838233,0.42039492664302686
0.1424190012965652,0.5444952239963632,0.31755832190318695,0.172908989616585
1.0,0.9394840158325991,0.9997807730128696,0.939278055582351
1.0,0.9448502927142433,0.9997068905482459,0.9445733481629561
1.0,0.9333296824923187,0.9939194077606586,0.9276544852682089
1.0,0.9449559637117086,0.999461820577102,0.9444474078564943
1.0,0.9112601817899462,0.9991500123225242,0.9104856218644504
0.34783043167569055,0.658251560102526,0.3687100181682659,0.2427039446846917
1.0,0.9584322328935971,0.9994555282245493,0.9579103935941043
0.038788538785872774,0.47463291919952555,0.1929365289420223,0.09157402795197579
0.4378687287135846,0.7980287087387883,0.6379953194474525,0.5091385809600413
0.12064257786748278,0.6874641991164877,0.3565976939219268,0.24514814805882382
1.0,0.9621449778270315,0.9997802286420935,0.9619335259187515
0.008592663484955732,0.2818965123508829,0.11097034464231431,0.031282153129043894
1.0,0.8903116151735315,0.9986677089422714,0.889125460970044
1.0,0.8715966251479078,0.9461988270941047,0.8247037044141304
1.0,0.7132568594218793,0.48736421541294894,0.34761586968004826
1.0,0.874391542367844,0.9993629291560159,0.8738344930099752
1.0,0.9462855675976115,0.9996065285400312,0.9459132312337815
0.35042446055367255,0.36581981197256414,0.44018205566349705,0.16102731683651725
0.0,0.17980997977846813,0.08420414926497857,0.01514074637659891
1.0,0.7594138472892833,0.998714452583845,0.7584375847801081
1.0,0.9251509421080288,0.9669454608234372,0.8945705040478851
0.5263435980776487,0.653716979656796,0.5005553640089837,0.32722154071096093
1.0,0.8519282665124696,0.9992226181823715,0.851265992968159
1.0,0.9254452217609616,0.991470205655217,0.9175513643419785
1.0,0.8855209308496805,0.9843065281977311,0.8716240330910722
1.0,0.938794693699307,0.9998368816549335,0.9386415590625136
1.0,0.8279585339669394,0.9980604579964313,0.8263526736130974
1.0,0.8744152188627001,0.9988451185515922,0.8734053729482302
1.0,0.9052657625412863,0.9992016019486775,0.9045430001205443
1.0,0.8689910743701735,0.999333033063547,0.8684114860554959
1.0,0.9564567104894421,0.9997551247397037,0.9562224979034989
1.0,0.907950044637165,0.999049196127531,0.9070867622187155
0.02867337760512178,0.24908651400513912,0.2916148461114869,0.07263732545005537
1.0,0.9346461450306316,0.9997230033354283,0.9343872511659033
1.0,0.787085748102805,0.9992439151528356,0.7864906444952454
1.0,0.9159736691030967,0.9823139233554812,0.8997736885869783
1.0,0.9304012638293707,0.9997397967291738,0.9301591703773415
1.0,0.9178150569480451,0.9995512468123127,0.9174031845155323
0.02562922111559691,0.5831107479605069,0.6993708937617168,0.4078106849632029
1.0,0.6261117871470744,0.9578433508504344,0.5997170122079076
1.0,0.9009242193127533,0.9923517442450002,0.8940337204675759
1.0,0.9634793024038016,0.9988392176481898,0.962360912633237
1.0,0.9330836315839085,0.9998113631646579,0.932907617640537
0.6273463178998441,0.5890725692386237,0.7104892681606921,0.4185297386118884
1.0,0.9009476659242245,0.999066316801644,0.900106466225953
0.08940024733593815,0.36065794657575945,0.2973100446524433,0.10722723020069756
1.0,0.917755529432875,0.9993075145732714,0.917119997103443
1.0,0.898106360587693,0.9992205353332916,0.8974063184126688
0.5011838003569247,0.8158562676061668,0.5415539026229188,0.44183014570148804
0.3938160775429107,0.4533134296904446,0.3789035099580125,0.17176204962081415
1.0,0.7539943342663362,0.9990930275319824,0.7533104821641153
1.0,0.6784037984635635,0.9987912025689668,0.6775837456947775
1.0,0.7959802272395913,0.8914591153661076,0.7095838292239193
1.0,0.9443346866276294,0.9997852500943637,0.944131890842787
1.0,0.9159235716689476,0.9947395064143842,0.9111053615952688
0.04651521585211021,0.6449602370802283,0.23257814876839034,0.15000365796934165
1.0,0.9216332589942816,0.9995501199491001,0.9212186345768143
1.0,0.9279012828487332,0.9986268780998476,0.9266271612760741
0.030163250051512113,0.5132604251827533,0.34254033427154484,0.17581239761045553
1.0,0.9164471824140829,0.9992659555678174,0.9157744694624423
1.0,0.8603941188647117,0.9982070849178633,0.8588515052724174
1.0,0.7333326128498169,0.9900318764069153,0.7260226627300901
0.5084576193601059,0.589344204190135,0.20953524693102246,0.12348838335234687
1.0,0.9364128637322221,0.9997831428480939,0.9362097959055848
1.0,0.9482181809151338,0.9997284580890512,0.9479606999382917
0.5104506636106658,0.8756668156215314,0.5514120867216762,0.4828532660747939
1.0,0.9479176390319841,0.9993041098071974,0.9472579924433971
0.10474571995446792,0.4708250767081166,0.347462902276552,0.16359424761758243
0.0,0.3213146060543145,0.6926430039378825,0.2225563139465777
1.0,0.9431823695555654,0.999310176693037,0.9425317403743294
1.0,0.929416663121238,0.9998331968505768,0.929261633494703
