COHORTE,AGE_PRET_BIN,AGE_MOIS,ER_obs,ER_pred,RA_sum,EAD_sum
1994,120+,295.0,0.23736047861416196,0.34462948183495207,265.82,1119.9
1995,120+,286.0,0.09489792474078439,0.35746257880495513,309.26,3258.87
1995,120+,291.0,0.12351459661035817,0.33550882614845157,177.53,1437.32
1995,120+,293.0,0.0,0.3374230998987695,0.0,1531.97
1996,120+,271.0,0.3401823377330249,0.3408264694202442,500.0,1469.8
1996,120+,272.0,0.12029483169659455,0.33656373238391507,165.0,1371.63
1996,120+,280.0,0.9534049146069035,0.34462948183495207,1323.04,1387.7
1996,120+,280.0,0.2665749764225086,0.3408264694202442,339.19,1272.4
1997,120+,261.0,0.04439678133849216,0.3408264694202442,126.68,2853.36
1997,120+,262.0,0.08106236086031032,0.3408264694202442,431.85,5327.38
1997,120+,266.0,0.03802093144491806,0.34462948183495207,86.79,2282.69
1997,120+,268.0,0.17110731981777594,0.3408264694202442,377.1,2203.88
1997,120+,271.0,0.0458014058640998,0.34462948183495207,86.79,1894.92
1997,120+,272.0,0.13213268764493302,0.3374230998987695,200.0,1513.63
1997,120+,274.0,0.21355135076014434,0.3408264694202442,312.4,1462.88
1997,120+,274.0,0.0523364147837256,0.34462948183495207,86.79,1658.31
1997,120+,278.0,0.06486256221694095,0.34462948183495207,86.79,1338.06
1997,120+,280.0,0.07797983791263095,0.34462948183495207,86.79,1112.98
1997,120+,281.0,0.0793305485224354,0.34462948183495207,86.79,1094.03
1997,120+,282.0,0.24733966532458942,0.3491920599261233,302.86,1224.47
1997,120+,288.0,0.0,0.3408264694202442,0.0,3756.15
1997,120+,289.0,0.1179783124680039,0.3408264694202442,177.45,1504.09
1998,120+,251.0,0.05036140394035208,0.3408264694202442,139.21,2764.22
1998,120+,254.0,0.05420688433756277,0.34001468309849675,299.95,5533.43
1998,120+,258.0,0.05899725732988246,0.3408264694202442,168.0,2847.59
1998,120+,262.0,0.07219369568552425,0.3408264694202442,160.0,2216.26
1998,120+,266.0,0.06409156416529813,0.3408264694202442,191.23,2983.7
1998,120+,273.0,0.06163866222557918,0.34462948183495207,99.56,1615.22
1999,120+,257.0,0.06665622443829514,0.3408264694202442,383.0,5745.9
1999,120+,281.0,0.138036888099778,0.34462948183495207,378.62,2742.89
2000,120+,250.0,0.29569264523683503,0.3408264694202442,1000.0,3381.89
2000,120+,285.0,0.07560975609756099,0.34462948183495207,77.81,1029.1
2006,120+,166.0,0.4514304915840458,0.3408264694202442,1330.0,2946.19
2006,120+,168.0,0.512142637022438,0.34452264992337556,5800.0,11324.97
2007,120+,148.0,0.07030964367072588,0.3408264694202442,500.0,7111.4
2007,120+,148.0,0.0,0.3408264694202442,0.0,5241.82
2007,120+,154.0,0.20543414397646548,0.34462948183495207,1000.0,4867.74
2007,120+,154.0,0.33050094027517507,0.3408264694202442,1000.0,3025.71
2007,120+,155.0,0.11343089903061954,0.34462948183495207,500.0,4407.97
2008,120+,124.0,0.0,0.34462948183495207,0.0,2706.7
2008,120+,131.0,0.0,0.3408264694202442,0.0,3495.74
2008,120+,131.0,0.0,0.3408264694202442,0.0,1203.24
2008,120+,174.0,0.44627396937489516,0.3483177760588111,2500.0,5601.94
2009,120+,121.0,0.048158421944829714,0.34462948183495207,50.0,1038.24
2009,120+,124.0,0.04723353202905807,0.34462948183495207,50.0,1058.57
2009,120+,142.0,0.16653917000102864,0.3408264694202442,1926.6800000000003,11568.93
2009,120+,162.0,0.0,0.3266011519868284,0.0,2609.11
2010,60-120,102.0,0.8231457612794978,0.3408264694202442,6000.0,7289.11
2010,60-120,103.0,0.0,0.3408264694202442,0.0,3067.51
2010,60-120,107.0,0.8811737233995682,0.3266011519868284,3000.0,3404.55
2010,60-120,108.0,0.0,0.3374230998987695,0.0,8422.36
2010,60-120,111.0,0.9890088153652409,0.3408264694202442,1500.0,1516.67
2010,60-120,119.0,0.1807088757423182,0.3408264694202442,4000.0,22135.05
2010,120+,127.0,0.42660036078201935,0.34001468309849675,700.0,1640.88
2010,120+,145.0,0.0,0.34462948183495207,0.0,4392.16
2011,60-120,91.0,0.13239421702060053,0.3408264694202442,1000.0,7553.2
2011,60-120,91.0,0.16965049106066676,0.3374230998987695,978.22,5766.09
2011,60-120,91.0,0.05012033438501901,0.3408264694202442,589.36,11758.9
2011,60-120,94.0,0.0,0.3408264694202442,0.0,12169.32
2011,60-120,95.0,0.7690754631164287,0.34001468309849675,9976.37,12971.9
2011,60-120,95.0,0.02666640438937047,0.3374230998987695,555.81,20843.08
2011,60-120,95.0,0.13725093244852232,0.3483177760588111,800.0,5828.74
2011,60-120,95.0,0.2875077866692223,0.3266011519868284,300.0,1043.45
2011,60-120,96.0,0.7372347797879713,0.3408264694202442,2500.0,3391.05
2011,60-120,97.0,0.17508504756185317,0.3408264694202442,1000.0,5711.51
2011,60-120,97.0,0.02541342487753623,0.3408264694202442,615.55,24221.45
2011,60-120,98.0,0.9890185968463494,0.3408264694202442,3000.0,3033.31
2011,60-120,99.0,0.026469121150356472,0.3408264694202442,615.55,23255.4
2011,60-120,100.0,0.02893279923385948,0.3408264694202442,200.0,6912.57
2011,60-120,101.0,0.03016756865603674,0.3374230998987695,555.81,18424.09
2011,60-120,101.0,0.10199200945360418,0.3408264694202442,290.0,2843.36
2011,60-120,102.0,0.5180224542052394,0.33550882614845157,21303.0,41123.7
2011,60-120,105.0,0.21118476766507788,0.3491920599261233,1000.0,4735.19
2011,60-120,105.0,0.07811467517510903,0.3408264694202442,165.5,2118.68
2011,60-120,107.0,0.03492148462018385,0.3374230998987695,555.81,15915.99
2011,60-120,107.0,0.46208670964689186,0.34462948183495207,5000.0,10820.48
2011,60-120,110.0,0.43028889596475073,0.3408264694202442,500.0,1162.01
2011,60-120,111.0,0.035722866464785515,0.3408264694202442,615.55,17231.26
2011,60-120,111.0,0.0,0.3483177760588111,0.0,11971.64
2011,60-120,112.0,0.031926669149115246,0.34462948183495207,187.77,5881.29
2011,60-120,114.0,0.3168969451134491,0.33550882614845157,4000.0,12622.4
2011,60-120,114.0,0.08902901576103497,0.34462948183495207,412.40999999999997,4632.31
2011,60-120,116.0,0.062318316102190026,0.3408264694202442,263.47,4227.81
2011,120+,124.0,0.7925507276496292,0.3408264694202442,4500.0,5677.87
2011,120+,125.0,0.06356636698411125,0.3408264694202442,615.55,9683.58
2011,120+,127.0,0.07193256767305652,0.3408264694202442,615.55,8557.32
2011,120+,128.0,0.0,0.3408264694202442,0.0,16307.56
2011,120+,141.0,0.08463430363741309,0.3374230998987695,500.0,5907.77
2011,120+,142.0,0.0,0.3266011519868284,0.0,1465.3900000000003
2011,120+,143.0,0.12753816898552314,0.3408264694202442,1000.0,7840.79
2012,60-120,75.0,0.3677308798329031,0.3408264694202442,2000.0,5438.76
2012,60-120,75.0,0.053767122505951934,0.34462948183495207,235.55,4380.93
2012,60-120,76.0,0.0,0.3266011519868284,0.0,11306.77
2012,60-120,78.0,0.02349146657178263,0.3408264694202442,459.51,19560.72
2012,60-120,79.0,0.027025639223931745,0.3266011519868284,100.0,3700.19
2012,60-120,80.0,0.023240858492435755,0.34462948183495207,450.3,19375.36
2012,60-120,80.0,0.0,0.3408264694202442,0.0,5911.47
2012,60-120,81.0,0.6527095605632883,0.3408264694202442,6000.0,9192.45
2012,60-120,81.0,0.398393386169701,0.3408264694202442,629.35,1579.72
2012,60-120,82.0,0.023914919606463348,0.34462948183495207,450.3,18829.25
2012,60-120,82.0,0.6189540759286438,0.3408264694202442,8000.0,12925.03
2012,60-120,83.0,0.19210585628262383,0.3408264694202442,963.14,5013.59
2012,60-120,83.0,0.7926411198433742,0.3408264694202442,2000.0,2523.21
2012,60-120,83.0,0.06544909733691391,0.35746257880495513,149.4,2282.69
2012,60-120,84.0,0.3063815602419679,0.3374230998987695,10000.0,32639.04
2012,60-120,84.0,0.8242066187088309,0.3408264694202442,2500.0,3033.22
2012,60-120,85.0,0.15216585393674964,0.33656373238391507,213.44,1402.68
2012,60-120,86.0,0.038576782071972626,0.33550882614845157,521.81,13526.53
2012,60-120,86.0,0.0,0.3483177760588111,0.0,13344.63
2012,60-120,86.0,0.03127218370531596,0.3266011519868284,100.0,3197.73
2012,60-120,86.0,0.023803285054368604,0.33656373238391507,277.07,11639.99
2012,60-120,87.0,0.3086610284585468,0.3408264694202442,1000.0,3239.8
2012,60-120,87.0,0.9425835630734586,0.3408264694202442,40300.0,42754.83
2012,60-120,88.0,0.6972803741141633,0.3374230998987695,3000.0,4302.43
2012,60-120,88.0,0.011499249099033835,0.3266011519868284,100.0,8696.22
2012,60-120,88.0,0.32003780211530986,0.3408264694202442,1909.96,5967.92
2012,60-120,89.0,0.0,0.3408264694202442,0.0,1268.71
2012,60-120,90.0,0.9346095738600917,0.34001468309849675,20000.0,21399.31
2012,60-120,90.0,0.9940012027414553,0.3374230998987695,2000.0,2012.07
2012,60-120,91.0,0.05186819436228525,0.3374230998987695,408.6,7877.66
2012,60-120,91.0,0.4946760490223965,0.3408264694202442,1200.0,2425.83
2012,60-120,92.0,0.08913609186741736,0.3408264694202442,766.59,8600.22
2012,60-120,92.0,0.0489303366784219,0.3408264694202442,675.84,13812.29
2012,60-120,93.0,0.0,0.3408264694202442,0.0,4389.93
2012,60-120,93.0,0.03751064364513431,0.3266011519868284,100.0,2665.91
2012,60-120,94.0,0.10321247290401626,0.3408264694202442,766.59,7427.3
2012,60-120,94.0,0.0,0.3408264694202442,0.0,7969.26
2012,60-120,94.0,0.11424198310736217,0.34462948183495207,1526.37,13360.85
2012,60-120,95.0,0.42385273660519385,0.3266011519868284,2000.0,4718.620000000001
2012,60-120,96.0,0.122835803915222,0.3408264694202442,766.59,6240.77
2012,60-120,96.0,0.07020196379942786,0.3408264694202442,408.6,5820.35
2012,60-120,96.0,0.20408529631246214,0.34462948183495207,1159.58,5681.84
2012,60-120,98.0,0.04411913932383007,0.35746257880495513,100.0,2266.59
2012,60-120,99.0,0.0386246355081729,0.3408264694202442,587.86,15219.82
2012,60-120,101.0,0.4604761784161001,0.3408264694202442,2000.0,4343.33
2012,60-120,101.0,0.04952897940585036,0.35746257880495513,100.0,2019.02
2012,60-120,101.0,0.39902319122787416,0.3408264694202442,5000.0,12530.6
2012,60-120,102.0,0.05167611478298615,0.35746257880495513,100.0,1935.13
2012,60-120,102.0,0.30048385237720376,0.3408264694202442,3675.84,12233.07
2012,60-120,103.0,0.061458374317890856,0.3483177760588111,1015.32,16520.45
2012,60-120,103.0,0.13143732678114076,0.3408264694202442,9999.0,76074.28
2012,60-120,104.0,0.4295877103547822,0.3374230998987695,1500.0,3491.72
2012,60-120,106.0,0.17434492646023478,0.3408264694202442,408.6,2343.63
2012,60-120,106.0,0.14194916390365248,0.3408264694202442,9000.0,63402.98
2012,60-120,107.0,0.0,0.3408264694202442,0.0,2580.78
2012,60-120,108.0,0.03620476527729503,0.33656373238391507,277.07,7652.86
2012,60-120,110.0,0.0,0.3374230998987695,0.0,6011.11
2012,60-120,110.0,0.038159601808060245,0.33656373238391507,277.07,7260.82
2012,60-120,111.0,0.743484031598666,0.3491920599261233,25000.0,33625.47
2012,60-120,113.0,0.5683287440787249,0.3408264694202442,2000.0,3519.09
2012,60-120,115.0,0.6128872448642579,0.3483177760588111,742.28,1211.12
2012,60-120,119.0,0.19129969009450204,0.34462948183495207,200.0,1045.48
2012,120+,121.0,0.0,0.3408264694202442,0.0,6668.25
2012,120+,124.0,0.45071573658970443,0.33550882614845157,1500.0,3328.04
2012,120+,124.0,0.5342400149587204,0.3408264694202442,2800.0,5241.09
2012,120+,125.0,0.28471480118365433,0.34462948183495207,1500.0,5268.43
2012,120+,126.0,0.0,0.33550882614845157,0.0,6924.12
2012,120+,126.0,0.5403302498487075,0.34462948183495207,5000.0,9253.6
2012,120+,127.0,0.9668125479377888,0.3408264694202442,3000.0,3102.98
2012,120+,132.0,0.3089786094108705,0.3408264694202442,1000.0,3236.47
2012,120+,135.0,0.1265116028007982,0.3374230998987695,1500.0,11856.62
2013,60-120,63.0,0.0,0.33550882614845157,0.0,3361.68
2013,60-120,65.0,0.02090590683477526,0.3408264694202442,529.44,25324.9
2013,60-120,66.0,0.99454327257779,0.35199211733057206,15000.0,15082.3
2013,60-120,66.0,0.017836601685145746,0.3408264694202442,428.74,24037.09
2013,60-120,66.0,0.930769373964519,0.33550882614845157,1000.0,1074.38
2013,60-120,66.0,0.0,0.3408264694202442,0.0,2386.21
2013,60-120,66.0,0.2912604392595771,0.3266011519868284,3000.0,10300.06
2013,60-120,67.0,0.017025191168585026,0.33656373238391507,491.18,28850.19
2013,60-120,68.0,0.0457269291048216,0.3408264694202442,535.68,11714.76
2013,60-120,68.0,0.3428187194453171,0.3408264694202442,3110.0,9071.85
2013,60-120,69.0,0.02673401261488942,0.3408264694202442,300.0,11221.66
2013,60-120,70.0,0.017454953116411705,0.3408264694202442,962.22,55125.9
2013,60-120,70.0,0.027955232629339917,0.34462948183495207,470.24,16821.18
2013,60-120,70.0,0.018468613361118335,0.33656373238391507,120.0,6497.51
2013,60-120,71.0,0.07211781165712308,0.33550882614845157,200.0,2773.24
2013,60-120,71.0,0.13352459141475026,0.3266011519868284,700.0,5242.4800000000005
2013,60-120,71.0,0.2521448067625237,0.3408264694202442,400.0,1586.39
2013,60-120,72.0,0.017874511721289732,0.3408264694202442,962.22,53831.96
2013,60-120,72.0,0.020907464009135228,0.3408264694202442,940.0,44960.02
2013,60-120,72.0,0.0,0.33656373238391507,0.0,21030.74
2013,60-120,73.0,0.03330375600443502,0.3408264694202442,210.56,6322.41
2013,60-120,73.0,0.1105392971469554,0.35199211733057206,315.96,2858.35
2013,60-120,73.0,0.15434877678594397,0.3374230998987695,300.0,1943.65
2013,60-120,73.0,0.021141777434211396,0.3408264694202442,940.0,44461.73
2013,60-120,74.0,0.0,0.3408264694202442,0.0,25191.31
2013,60-120,74.0,0.20841542329526339,0.3483177760588111,5049.17,24226.47
2013,60-120,74.0,0.05325498211548288,0.3266011519868284,104.22,1957.0
2013,60-120,74.0,0.07640470041716967,0.34462948183495207,100.0,1308.82
2013,60-120,74.0,0.07034897465288976,0.3408264694202442,865.96,12309.49
2013,60-120,76.0,0.0,0.3491920599261233,0.0,5049.89
2013,60-120,76.0,0.5354816858569916,0.3408264694202442,4000.0,7469.91
2013,60-120,76.0,0.0,0.33550882614845157,0.0,33732.13
2013,60-120,76.0,0.02198066650790977,0.35746257880495513,1135.33,51651.3
2013,60-120,76.0,0.0,0.33656373238391507,0.0,20770.8
2013,60-120,77.0,0.28523313815780466,0.3408264694202442,2500.0,8764.76
2013,60-120,77.0,0.0463009246666256,0.3374230998987695,2548.17,55034.97
2013,60-120,77.0,0.0,0.3266011519868284,0.0,14557.51
2013,60-120,77.0,0.5615706006559145,0.34462948183495207,3000.0,5342.16
2013,60-120,77.0,0.4717362440278344,0.3408264694202442,10058.28,21321.83
2013,60-120,78.0,0.6792370809107211,0.3408264694202442,2000.0,2944.48
2013,60-120,79.0,0.0787565321778091,0.3408264694202442,1588.32,20167.47
2013,60-120,80.0,0.0,0.3408264694202442,0.0,11095.2
2013,60-120,80.0,0.2584468405305312,0.3408264694202442,4192.0,16219.97
2013,60-120,81.0,0.18903019946466648,0.3266011519868284,250.0,1322.54
2013,60-120,83.0,0.06674037900426918,0.39843044794736593,173.84,2604.72
2013,60-120,84.0,0.025879838299817933,0.3374230998987695,410.94,15878.77
2013,60-120,85.0,0.1560556132267744,0.35199211733057206,5000.0,32039.86
2013,60-120,86.0,0.0671236402027158,0.3491920599261233,3463.8,51603.28
2013,60-120,86.0,0.0,0.35746257880495513,0.0,9553.71
2013,60-120,87.0,0.9457159069415547,0.3408264694202442,2000.0,2114.8
2013,60-120,87.0,0.029919500050473866,0.3374230998987695,637.23,21298.15
2013,60-120,88.0,0.0653549266177875,0.3491920599261233,3193.46,48863.34
2013,60-120,89.0,0.02612553821388033,0.3408264694202442,940.0,35980.12
2013,60-120,89.0,0.04531805125024968,0.34462948183495207,542.24,11965.210000000001
2013,60-120,91.0,0.7692153849230707,0.3374230998987695,5000.0,6500.13
2013,60-120,91.0,0.045793304930006086,0.34462948183495207,470.24,10268.75
2013,60-120,91.0,0.17025688033348613,0.33656373238391507,234.03,1374.57
2013,60-120,92.0,0.03128371346442835,0.33550882614845157,394.08,12596.97
2013,60-120,92.0,0.060162716081915146,0.3408264694202442,1000.0,16621.59
2013,60-120,93.0,0.03471733022570105,0.3374230998987695,637.23,18354.81
2013,60-120,94.0,0.04881155362591038,0.34462948183495207,1175.74,24087.33
2013,60-120,95.0,0.03184379230476556,0.3374230998987695,410.94,12904.87
2013,60-120,95.0,0.028077444761361134,0.3408264694202442,940.0,33478.83
2013,60-120,95.0,0.0,0.34462948183495207,0.0,24275.76
2013,60-120,96.0,0.029009648249902653,0.3408264694202442,107.28,3698.08
2013,60-120,97.0,0.039044640039704544,0.3374230998987695,637.23,16320.55
2013,60-120,97.0,0.02997629640306766,0.3408264694202442,940.0,31358.11
2013,60-120,97.0,0.7652096346451942,0.3483177760588111,7000.0,9147.82
2013,60-120,97.0,0.01027709757900573,0.3408264694202442,35.59,3463.04
2013,60-120,98.0,0.49561971297671187,0.3491920599261233,5000.0,10088.38
2013,60-120,98.0,0.030749220341145016,0.3408264694202442,1089.61,35435.37
2013,60-120,100.0,0.03202231902236428,0.3408264694202442,1089.61,34026.58
2013,60-120,100.0,0.031805184448076854,0.3408264694202442,940.0,29554.93
2013,60-120,101.0,0.0756815883940936,0.33550882614845157,1846.63,24399.99
2013,60-120,101.0,0.032475115079370565,0.3408264694202442,940.0,28945.24
2013,60-120,102.0,0.033426008668717734,0.3408264694202442,1089.61,32597.67
2013,60-120,102.0,0.03438825181690506,0.3408264694202442,428.74,12467.63
2013,60-120,102.0,0.9478643037462756,0.3408264694202442,3000.0,3165.01
2013,60-120,104.0,0.0827440120916583,0.3408264694202442,150.0,1812.82
2013,60-120,105.0,0.052787097094858224,0.3374230998987695,637.23,12071.7
2013,60-120,105.0,0.036754956677253245,0.3408264694202442,107.28,2918.79
2013,60-120,106.0,0.03206439556690493,0.33550882614845157,750.0,23390.43
2013,60-120,106.0,0.03618066053563618,0.3408264694202442,1037.28,28669.46
2013,60-120,107.0,0.10536075522589346,0.3408264694202442,150.0,1423.68
2013,60-120,107.0,0.058084875399588176,0.3374230998987695,637.23,10970.67
2013,60-120,107.0,0.30702774270293987,0.3483177760588111,5709.23,18595.16
2013,60-120,108.0,0.2882418660764731,0.3408264694202442,2035.59,7062.09
2013,60-120,109.0,0.06466917469496199,0.3374230998987695,637.23,9853.69
2013,60-120,109.0,0.03714081075245971,0.34462948183495207,541.89,14590.15
2013,60-120,110.0,0.04348284275975,0.3408264694202442,107.28,2467.18
2013,60-120,110.0,0.0,0.3266011519868284,0.0,17734.13
2013,60-120,110.0,0.08458752724777892,0.3408264694202442,487.0,5757.35
2013,60-120,111.0,0.039314169468309394,0.34462948183495207,541.89,13783.58
2013,60-120,112.0,0.04914409901720972,0.3408264694202442,428.74,8724.14
2013,60-120,113.0,0.23683786310732827,0.3408264694202442,367.3,1550.85
2013,60-120,115.0,0.09912977735741044,0.3374230998987695,637.23,6428.24
2013,60-120,117.0,0.6430575889498531,0.34462948183495207,13300.0,20682.44
2013,60-120,117.0,0.45709921835225054,0.3408264694202442,610.52,1335.64
2013,60-120,119.0,0.06626230682758706,0.3408264694202442,107.28,1619.02
2013,120+,123.0,0.06615288079809754,0.34462948183495207,541.89,8191.48
2013,120+,126.0,0.13827796920426402,0.33550882614845157,410.94,2971.84
2014,36-60,50.0,0.09664097518312013,0.3408264694202442,353.59,3658.8
2014,36-60,51.0,0.017120656969148926,0.3408264694202442,441.52,25788.73
2014,36-60,51.0,0.016292167467563835,0.3408264694202442,1441.5300000000002,88479.94
2014,36-60,51.0,0.6915576182755626,0.3374230998987695,900.0,1301.41
2014,36-60,51.0,0.8592726257223261,0.3266011519868284,1200.0,1396.53
2014,36-60,52.0,0.017316416088351178,0.3408264694202442,825.25,47657.09
2014,36-60,53.0,0.04140596648908336,0.3408264694202442,1228.85,29678.09
2014,36-60,54.0,0.30349750525050684,0.3408264694202442,500.0,1647.46
2014,36-60,54.0,0.44830111689466656,0.3408264694202442,1028.34,2293.86
2014,36-60,54.0,0.18965366323344907,0.3266011519868284,390.0,2056.38
2014,36-60,54.0,0.4396544901913083,0.3408264694202442,1500.0,3411.77
2014,36-60,55.0,0.15489704148501546,0.3408264694202442,1355.82,8753.04
2014,36-60,55.0,0.01720242181156984,0.3408264694202442,658.09,38255.66
2014,36-60,55.0,0.01675811371330445,0.3374230998987695,392.99,23450.73
2014,36-60,55.0,0.38374217046990977,0.3266011519868284,695.36,1812.05
2014,36-60,55.0,0.0,0.3408264694202442,0.0,5762.44
2014,36-60,56.0,0.08125686940553352,0.3491920599261233,179.65,2210.89
2014,36-60,56.0,0.046285661905455175,0.34452264992337556,85.84,1854.57
2014,36-60,56.0,0.017107174314824437,0.3374230998987695,484.19,28303.33
2014,36-60,56.0,0.10929354223891474,0.3408264694202442,1871.7,17125.44
2014,36-60,57.0,0.015426906581999885,0.39843044794736593,420.0,27225.16
2014,36-60,57.0,0.017511936691031894,0.3408264694202442,658.09,37579.51
2014,36-60,57.0,0.06546109156370182,0.33550882614845157,800.0,12221.0
2014,36-60,57.0,0.08061429225144949,0.3483177760588111,801.56,9943.15
2014,36-60,58.0,0.017432457732077536,0.3374230998987695,484.19,27775.2
2014,36-60,58.0,0.16745436219061482,0.3266011519868284,224.28,1339.3500000000001
2014,36-60,59.0,0.015711154171311432,0.39843044794736593,420.0,26732.6
2014,36-60,59.0,0.018159930243440224,0.3408264694202442,528.58,29106.940000000002
2014,36-60,59.0,0.33161704637759,0.34462948183495207,9990.0,30125.11
2014,36-60,60.0,0.02363034040276485,0.3374230998987695,1531.26,64800.590000000004
2014,36-60,60.0,0.11078764545582777,0.3266011519868284,934.65,8436.41
2014,60-120,61.0,0.0,0.39843044794736593,0.0,1770.0
2014,60-120,61.0,0.01851593670855037,0.3408264694202442,528.58,28547.3
2014,60-120,61.0,0.15661510897279282,0.3408264694202442,3000.0,19155.24
2014,60-120,61.0,0.02051758495637127,0.3374230998987695,1783.29,86915.2
2014,60-120,61.0,0.017003818712677848,0.34462948183495207,172.5,10144.78
2014,60-120,61.0,0.12234197494902417,0.33656373238391507,210.0,1716.5
2014,60-120,62.0,0.017510865770808,0.3408264694202442,912.95,52136.2
2014,60-120,62.0,0.017879598540478076,0.3374230998987695,392.99,21979.8
2014,60-120,62.0,0.0,0.3483177760588111,0.0,5543.21
2014,60-120,62.0,0.12625191780989165,0.3266011519868284,930.69,7371.69
2014,60-120,62.0,0.05066894406680599,0.3408264694202442,2000.0,39471.909999999996
2014,60-120,62.0,0.10880842126572028,0.3408264694202442,430.0,3951.9
2014,60-120,63.0,0.5596988820014832,0.3374230998987695,800.0,1429.34
2014,60-120,64.0,0.06294217053819494,0.34462948183495207,219.75,3491.3
2014,60-120,65.0,0.01711218541987095,0.3374230998987695,295.28,17255.54
2014,60-120,65.0,0.5548298716994765,0.35746257880495513,2579.97,4650.02
2014,60-120,65.0,0.23600268099045607,0.34462948183495207,1000.0,4237.24
2014,60-120,65.0,0.12604538894455894,0.3408264694202442,1000.0,7933.65
2014,60-120,66.0,0.515514406050077,0.35746257880495513,3000.0,5819.43
2014,60-120,66.0,0.029504356318210384,0.34462948183495207,100.0,3389.33
2014,60-120,66.0,0.7592863748458694,0.3408264694202442,985.25,1297.6
2014,60-120,67.0,0.4948853598064008,0.3408264694202442,5000.0,10103.35
2014,60-120,67.0,0.053909518264544785,0.3483177760588111,100.0,1854.96
2014,60-120,67.0,0.982335200344679,0.3266011519868284,1026.0,1044.45
2014,60-120,67.0,0.031049275612994823,0.3408264694202442,1895.6299999999999,61052.31
2014,60-120,68.0,0.0,0.34462948183495207,0.0,1577.4
2014,60-120,69.0,0.024548723954917823,0.3408264694202442,694.4100000000001,28287.010000000002
2014,60-120,69.0,0.2487930427513525,0.3408264694202442,2000.0,8038.81
2014,60-120,69.0,0.44021935240768056,0.3408264694202442,9650.0,21920.89
2014,60-120,70.0,0.022659333566130178,0.3408264694202442,1199.17,52921.68
2014,60-120,71.0,0.017765993941796066,0.39843044794736593,420.0,23640.67
2014,60-120,71.0,0.020601504052445013,0.3408264694202442,528.58,25657.35
2014,60-120,71.0,0.05912299927561072,0.33550882614845157,1050.42,17766.69
2014,60-120,71.0,0.5432420686657975,0.3374230998987695,1300.0,2393.04
2014,60-120,71.0,0.0,0.34462948183495207,0.0,7659.34
2014,60-120,71.0,0.0,0.3408264694202442,0.0,14612.61
2014,60-120,72.0,0.0,0.3408264694202442,0.0,5159.5
2014,60-120,72.0,0.8828169095619203,0.34462948183495207,6100.0,6909.7
2014,60-120,72.0,0.0,0.3408264694202442,0.0,3755.65
2014,60-120,72.0,0.016922953097603693,0.3408264694202442,1034.47,61128.22
2014,60-120,72.0,0.862663906142167,0.3408264694202442,3000.0,3477.6
2014,60-120,73.0,0.02109469064938268,0.3408264694202442,528.58,25057.49
2014,60-120,74.0,0.039192949907235625,0.3408264694202442,1014.0,25872.0
2014,60-120,74.0,0.041787340007290244,0.34462948183495207,523.9,12537.29
2014,60-120,75.0,0.019459268524461816,0.3374230998987695,295.28,15174.26
2014,60-120,75.0,0.2508956976405769,0.34462948183495207,1000.0,3985.72
2014,60-120,75.0,0.02196554358955888,0.3408264694202442,683.03,31095.52
2014,60-120,76.0,0.02016019955494971,0.3408264694202442,912.95,45284.77
2014,60-120,76.0,0.02092910926783641,0.3408264694202442,1228.41,58693.85
2014,60-120,77.0,0.5340286932173545,0.3408264694202442,9990.0,18706.86
2014,60-120,78.0,0.2491875266831049,0.34462948183495207,572.0,2295.46
2014,60-120,78.0,0.018255748124429986,0.3408264694202442,1034.47,56665.44
2014,60-120,79.0,0.01940848483504174,0.39843044794736593,420.0,21640.02
2014,60-120,79.0,0.02277128297297542,0.3408264694202442,528.58,23212.57
2014,60-120,79.0,0.4016289401311614,0.3374230998987695,417.67,1039.94
2014,60-120,79.0,0.6043208943949238,0.34462948183495207,1000.0,1654.75
2014,60-120,81.0,0.02340698294892205,0.3408264694202442,528.58,22582.15
2014,60-120,81.0,0.059784477137742584,0.3408264694202442,100.86,1687.06
2014,60-120,81.0,0.18841386613006397,0.34462948183495207,2000.0,10614.93
2014,60-120,83.0,0.7068158998236665,0.3408264694202442,49600.0,70173.86
2014,60-120,85.0,0.0,0.3408264694202442,0.0,16732.37
2014,60-120,86.0,0.023287752649605222,0.3408264694202442,912.95,39203.01
2014,60-120,86.0,0.23019707997262476,0.3374230998987695,5892.99,25599.76
2014,60-120,86.0,0.020277316849700855,0.3408264694202442,96.05,4736.82
2014,60-120,87.0,0.0922590789513471,0.33550882614845157,610.22,6614.2
2014,60-120,87.0,0.08106279835695518,0.3374230998987695,1095.28,13511.5
2014,60-120,87.0,0.026854191372061135,0.3408264694202442,733.03,27296.67
2014,60-120,88.0,0.02400755661478594,0.3408264694202442,912.95,38027.61
2014,60-120,88.0,0.33418522717494015,0.33550882614845157,8000.0,23938.82
2014,60-120,89.0,0.024382765755320904,0.3408264694202442,912.95,37442.43
2014,60-120,89.0,0.48314176552242405,0.3408264694202442,5426.17,11231.01
2014,60-120,90.0,0.026582103517571575,0.3408264694202442,767.34,28866.79
2014,60-120,90.0,0.019307944498961737,0.3408264694202442,889.93,46091.39
2014,60-120,93.0,0.16704320990232147,0.3408264694202442,800.0,4789.18
2014,60-120,93.0,0.5391329663634943,0.3266011519868284,1000.0,1854.83
2014,60-120,93.0,0.791851321995782,0.34462948183495207,3000.0,3788.59
2014,60-120,93.0,0.08727006481592012,0.3408264694202442,2683.0299999999997,30743.989999999998
2014,60-120,95.0,0.025613384886766566,0.34462948183495207,172.5,6734.76
2014,60-120,96.0,0.19577644939831373,0.3374230998987695,300.0,1532.36
2014,60-120,98.0,0.20100340901781694,0.39843044794736593,2000.0,9950.08
2014,60-120,99.0,0.3904473667839137,0.34001468309849675,15000.0,38417.47
2014,60-120,100.0,0.030875390666124044,0.3374230998987695,392.99,12728.26
2014,60-120,100.0,0.02228253908655626,0.3408264694202442,889.0,39896.71
2014,60-120,102.0,0.03227692830807921,0.3374230998987695,392.99,12175.57
2014,60-120,103.0,0.03499310836092858,0.3408264694202442,528.58,15105.26
2014,60-120,103.0,0.6300075758410995,0.34462948183495207,8000.0,12698.26
2014,60-120,103.0,0.09299021185030064,0.3408264694202442,1000.0,10753.82
2014,60-120,105.0,0.03768256344929821,0.3408264694202442,683.03,18125.89
2014,60-120,106.0,0.03703661894100456,0.3374230998987695,295.28,7972.65
2014,60-120,106.0,0.22703584220888584,0.3408264694202442,1914.23,8431.4
2014,60-120,109.0,0.2804313595172094,0.3483177760588111,2000.0,7131.87
2014,60-120,110.0,0.3962224154907116,0.3483177760588111,2000.0,5047.67
2014,60-120,110.0,0.12592343574474127,0.33656373238391507,603.07,4789.18
2014,60-120,113.0,0.050508165251316996,0.3408264694202442,683.03,13523.16
2015,36-60,37.0,0.24287143819601315,0.3491920599261233,490.27,2018.64
2015,36-60,37.0,0.02374886661234532,0.33550882614845157,253.28,10664.93
2015,36-60,37.0,0.154758704222004,0.35746257880495513,546.86,3533.63
2015,36-60,38.0,0.27193310445630375,0.3374230998987695,2000.0,7354.75
2015,36-60,39.0,0.024119302384362624,0.3374230998987695,357.84,14836.25
2015,36-60,39.0,0.015207228389751425,0.35746257880495513,942.73,61992.23
2015,36-60,40.0,0.014393309953570138,0.39843044794736593,544.3,37816.18
2015,36-60,40.0,0.3002700842579461,0.3408264694202442,2879.47,9589.6
2015,36-60,40.0,0.04120140652471186,0.3374230998987695,210.91,5119.0
2015,36-60,41.0,0.0,0.3266011519868284,0.0,2726.21
2015,36-60,41.0,0.06725282833251353,0.3408264694202442,164.07,2439.6
2015,36-60,42.0,0.1710233441910966,0.3408264694202442,882.0699999999999,5157.6
2015,36-60,42.0,0.8106250243187507,0.3408264694202442,2500.0,3084.04
2015,36-60,43.0,0.025485822991676788,0.3374230998987695,1095.0699999999997,42967.81
2015,36-60,43.0,0.05967920346305927,0.35746257880495513,430.0,7205.19
2015,36-60,43.0,0.07503395904483974,0.3408264694202442,2174.19,28976.08
2015,36-60,44.0,0.8490028490028491,0.3408264694202442,2640.28,3109.86
2015,36-60,44.0,0.1478675284386224,0.3483177760588111,1000.0,6762.81
2015,36-60,44.0,0.050387693742764576,0.35746257880495513,121.0,2401.38
2015,36-60,44.0,0.1054577922762713,0.34462948183495207,300.0,2844.74
2015,36-60,44.0,0.09816673620143815,0.3408264694202442,200.0,2037.35
2015,36-60,44.0,0.04846127378842777,0.3408264694202442,300.0,6190.51
2015,36-60,45.0,0.29920635514298327,0.34452264992337556,800.0,2673.74
2015,36-60,45.0,0.04715454793738349,0.33550882614845157,4566.76,96846.65
2015,36-60,45.0,0.013492747531590101,0.3374230998987695,781.02,57884.43
2015,36-60,45.0,0.11918487905108807,0.3266011519868284,1020.89,8565.6
2015,36-60,45.0,0.9342592658677762,0.3408264694202442,13090.0,14011.1
2015,36-60,45.0,0.7886124364181223,0.3408264694202442,3000.0,3804.15
2015,36-60,46.0,0.0,0.3408264694202442,0.0,1882.51
2015,36-60,46.0,0.08158205102012388,0.3408264694202442,87.85,1076.83
2015,36-60,46.0,0.051986578430403566,0.3374230998987695,720.6,13861.27
2015,36-60,46.0,0.7065589870770361,0.3483177760588111,1000.0,1415.31
2015,36-60,46.0,0.14844688563301392,0.35746257880495513,1149.16,7741.22
2015,36-60,46.0,0.04393731024574138,0.3266011519868284,100.0,2275.97
2015,36-60,46.0,0.16152949043906947,0.34462948183495207,2000.0,12381.64
2015,36-60,46.0,0.20399092353149087,0.3408264694202442,9950.0,48776.68
2015,36-60,47.0,0.21605643438470126,0.3408264694202442,334.76,1549.41
2015,36-60,47.0,0.10573710143285948,0.39843044794736593,224.04,2118.84
2015,36-60,47.0,0.019081493241335092,0.33550882614845157,200.0,10481.36
2015,36-60,47.0,0.0,0.3408264694202442,0.0,7588.44
2015,36-60,47.0,0.015758092499404713,0.3374230998987695,1193.19,75719.18999999999
2015,36-60,47.0,0.29241099886427574,0.3483177760588111,5000.0,17099.219999999998
2015,36-60,47.0,0.029418979519327045,0.35746257880495513,674.0,22910.38
2015,36-60,47.0,0.02006150813385314,0.3408264694202442,760.41,37903.93
2015,36-60,48.0,0.0,0.3408264694202442,0.0,2419.0
2015,36-60,48.0,0.2410648277637054,0.3408264694202442,7343.23,30461.64
2015,36-60,48.0,0.23254929203955868,0.33550882614845157,10189.71,43817.42
2015,36-60,48.0,0.021717931844786285,0.3374230998987695,200.0,9208.98
2015,36-60,48.0,0.04870220485626569,0.3266011519868284,275.71,5661.14
2015,36-60,48.0,0.013960685908933412,0.34462948183495207,676.08,48427.42
2015,36-60,48.0,0.8689869878644079,0.3408264694202442,1150.0,1323.3799999999999
2015,36-60,48.0,0.1264894128361456,0.3408264694202442,700.0,5534.06
2015,36-60,49.0,0.582177226391258,0.3408264694202442,2000.0,3435.38
2015,36-60,49.0,0.26115661039612237,0.3408264694202442,500.0,1914.56
2015,36-60,49.0,0.5943649448310458,0.3408264694202442,2500.0,4206.17
2015,36-60,49.0,0.013247371782087748,0.3374230998987695,953.21,71954.65
2015,36-60,49.0,0.02646673829636252,0.35746257880495513,528.13,19954.48
2015,36-60,49.0,0.05400384507376925,0.34462948183495207,500.0,9258.6
2015,36-60,49.0,0.44770052058616533,0.3408264694202442,5000.0,11168.18
2015,36-60,50.0,0.025656156194678915,0.3408264694202442,50.0,1948.85
2015,36-60,50.0,0.016397125173729658,0.3408264694202442,643.81,39263.59
2015,36-60,50.0,0.048777822702692944,0.33550882614845157,3455.1400000000003,70834.23999999999
2015,36-60,50.0,0.026720989095667783,0.3408264694202442,976.84,36557.03
2015,36-60,50.0,0.0,0.3374230998987695,0.0,58616.95
2015,36-60,50.0,0.01772900795834208,0.3266011519868284,625.1,35258.6
2015,36-60,50.0,0.02482125572445379,0.34462948183495207,1236.52,49816.98
2015,36-60,50.0,0.7854019949210671,0.3408264694202442,1500.0,1909.85
2015,36-60,51.0,0.8299727573647876,0.3408264694202442,850.0,1024.13
2015,36-60,51.0,0.0,0.3374230998987695,0.0,1687.32
2015,36-60,51.0,0.4439449760950329,0.34462948183495207,1724.3400000000001,3884.13
2015,36-60,51.0,0.016501252469074495,0.3408264694202442,747.68,45310.5
2015,36-60,52.0,0.7301043696927993,0.3408264694202442,10132.79,13878.550000000001
2015,36-60,52.0,0.014361475665187886,0.33550882614845157,668.91,46576.69
2015,36-60,52.0,0.05108851382045637,0.3266011519868284,3918.16,76693.56
2015,36-60,52.0,0.030108288634753566,0.34462948183495207,969.85,32212.06
2015,36-60,52.0,0.24369681832201412,0.3408264694202442,805.92,3307.06
2015,36-60,52.0,0.060944417117560254,0.3408264694202442,210.63,3456.1
2015,36-60,53.0,0.027944146528309774,0.3408264694202442,176.55,6317.96
2015,36-60,53.0,0.014491114711630261,0.33550882614845157,668.91,46160.01
2015,36-60,53.0,0.0,0.3266011519868284,0.0,27821.06
2015,36-60,53.0,0.21464294146686985,0.34462948183495207,300.0,1397.67
2015,36-60,53.0,0.027415748014540223,0.3408264694202442,1247.6799999999998,45509.61
2015,36-60,54.0,0.05004964976508067,0.3408264694202442,968.74,19355.579999999998
2015,36-60,54.0,0.014668243115940872,0.3408264694202442,734.94,50104.16
2015,36-60,54.0,0.06755638682694617,0.3374230998987695,520.12,7699.05
2015,36-60,54.0,0.032677183026717724,0.34462948183495207,276.63,8465.54
2015,36-60,54.0,0.18103020670029005,0.3408264694202442,3500.0,19333.789999999997
2015,36-60,55.0,0.9552649427318668,0.3408264694202442,1000.0,1046.83
2015,36-60,55.0,0.027348665585640777,0.35746257880495513,692.85,25333.96
2015,36-60,56.0,0.3704853094113006,0.34001468309849675,1343.05,3625.11
2015,36-60,56.0,0.016147398648663762,0.3374230998987695,2526.23,156448.11000000002
2015,36-60,56.0,0.02981913612416161,0.35746257880495513,528.13,17711.11
2015,36-60,56.0,0.0,0.34462948183495207,0.0,9970.63
2015,36-60,56.0,0.04283122807788902,0.3408264694202442,2825.06,65957.95
2015,36-60,57.0,0.6193974756953401,0.3491920599261233,696.37,1124.27
2015,36-60,57.0,0.032094752128325715,0.33550882614845157,602.25,18764.75
2015,36-60,57.0,0.19428589933532492,0.3374230998987695,239.98,1235.19
2015,36-60,57.0,0.035216476366400046,0.34462948183495207,276.63,7855.13
2015,36-60,57.0,0.3783734953363898,0.3408264694202442,3015.7200000000007,7970.219999999999
2015,36-60,58.0,0.016997503306284516,0.39843044794736593,544.3,32022.35
2015,36-60,58.0,0.031667086478273376,0.3408264694202442,976.84,30847.17
2015,36-60,58.0,0.016920834636416592,0.3374230998987695,1405.1100000000001,83040.23
2015,36-60,58.0,0.01625558028667952,0.3266011519868284,566.44,34845.88
2015,36-60,59.0,0.027727806118490947,0.3408264694202442,679.1,24491.66
2015,36-60,59.0,0.03372951866338696,0.33550882614845157,602.25,17855.28
2015,36-60,59.0,0.0,0.3483177760588111,0.0,1378.94
2015,36-60,59.0,0.032048901381647295,0.35746257880495513,528.13,16478.88
2015,36-60,59.0,0.8645498260237567,0.3266011519868284,15000.0,17350.07
2015,36-60,59.0,0.7611817600552111,0.34462948183495207,1500.0,1970.62
2015,36-60,60.0,0.6815928520213997,0.3408264694202442,3089.49,4532.75
2015,36-60,60.0,0.18715258362661583,0.3374230998987695,7340.1,39219.869999999995
2015,36-60,60.0,0.18828929573011868,0.35746257880495513,321.6,1708.01
2015,36-60,60.0,0.020181071117371444,0.3266011519868284,625.1,30974.57
2015,60-120,61.0,0.26305700458802084,0.34001468309849675,669.68,2545.76
2015,60-120,61.0,0.03972003457745719,0.3374230998987695,1163.4299999999998,29290.76
2015,60-120,61.0,0.05014753933942494,0.35746257880495513,95.0,1894.41
2015,60-120,61.0,0.0752371852264263,0.34462948183495207,300.0,3987.39
2015,60-120,61.0,0.5596338118641444,0.3408264694202442,7266.0,12983.49
2015,60-120,62.0,0.018981887291561444,0.3408264694202442,643.81,33917.07
2015,60-120,62.0,0.8691989328911561,0.3408264694202442,1300.0,1495.63
2015,60-120,62.0,0.01757770566553805,0.3374230998987695,1603.04,91197.34
2015,60-120,62.0,0.27439800389645164,0.3408264694202442,11600.0,42274.36
2015,60-120,63.0,0.0,0.34462948183495207,0.0,1289.28
2015,60-120,63.0,0.062481500320421636,0.3408264694202442,869.69,13919.16
2015,60-120,64.0,0.030130825729267143,0.3408264694202442,679.1,22538.38
2015,60-120,64.0,0.030537826780166585,0.3483177760588111,189.81,6215.57
2015,60-120,64.0,0.025409979413423392,0.3408264694202442,387.94,15267.23
2015,60-120,65.0,0.05311963991946059,0.3408264694202442,1136.27,21390.77
2015,60-120,65.0,0.10619470636622877,0.34462948183495207,4669.48,43970.93
2015,60-120,67.0,0.0,0.35746257880495513,0.0,1353.88
2015,60-120,67.0,0.020369369600241514,0.3266011519868284,723.3100000000001,35509.689999999995
2015,60-120,67.0,0.043511408251199944,0.3408264694202442,3342.73,76824.22
2015,60-120,68.0,0.01693446816590037,0.3408264694202442,734.94,43399.06
2015,60-120,68.0,0.01897550401838439,0.3374230998987695,948.59,49990.24
2015,60-120,68.0,0.0,0.3408264694202442,0.0,2564.99
2015,60-120,69.0,0.026049858682229917,0.3374230998987695,628.86,24140.63
2015,60-120,69.0,0.12570967037353056,0.3483177760588111,1600.0,12727.74
2015,60-120,69.0,0.016541338187311867,0.34462948183495207,392.85,23749.59
2015,60-120,71.0,0.017484588489671986,0.3408264694202442,668.91,38257.12
2015,60-120,71.0,0.04364770251588267,0.3374230998987695,1500.0,34366.07
2015,60-120,71.0,0.017437146011080047,0.34462948183495207,676.08,38772.4
2015,60-120,71.0,0.03602627324054887,0.3408264694202442,250.0,6939.38
2015,60-120,72.0,0.02205257735066273,0.3408264694202442,643.81,29194.32
2015,60-120,72.0,0.10280934505138771,0.3374230998987695,5759.8,56024.090000000004
2015,60-120,72.0,0.6469853716607467,0.3408264694202442,1000.0,1545.63
2015,60-120,73.0,0.02841717550325803,0.34001468309849675,700.0,24632.99
2015,60-120,73.0,0.03979772371788448,0.3408264694202442,679.1,17063.79
2015,60-120,73.0,0.02253246928824436,0.3374230998987695,500.0,22190.2
2015,60-120,73.0,0.017357306460620545,0.34462948183495207,392.85,22633.12
2015,60-120,74.0,0.05438780286650469,0.3374230998987695,366.0,6729.45
2015,60-120,74.0,0.26297246939975705,0.3483177760588111,478.46,1819.43
2015,60-120,74.0,0.042300357729734846,0.35746257880495513,500.42,11830.16
2015,60-120,74.0,0.0,0.3408264694202442,0.0,7351.59
2015,60-120,75.0,0.17580807956475714,0.34001468309849675,714.15,4062.1
2015,60-120,75.0,0.07004419788886787,0.33550882614845157,100.0,1427.67
2015,60-120,75.0,0.018293549121161212,0.34462948183495207,676.08,36957.29
2015,60-120,76.0,0.24351123107553752,0.3408264694202442,3644.73,14967.4
2015,60-120,76.0,0.018622231588723486,0.3408264694202442,668.91,35919.97
2015,60-120,76.0,0.02110130060589109,0.3374230998987695,893.24,42331.04
2015,60-120,77.0,0.6569093727829309,0.34462948183495207,1000.0,1522.28
2015,60-120,78.0,0.021546743593092523,0.3374230998987695,948.59,44024.75
2015,60-120,79.0,0.11978795421486414,0.3266011519868284,949.51,7926.59
2015,60-120,79.0,0.01926257567715185,0.34462948183495207,676.08,35098.11
2015,60-120,79.0,0.06095308832344696,0.3408264694202442,302.0,4954.63
2015,60-120,80.0,0.01967182741751205,0.3408264694202442,668.91,34003.45
2015,60-120,80.0,0.050295387913271386,0.3408264694202442,3225.66,64134.31
2015,60-120,80.0,0.021646507798355287,0.3374230998987695,759.8,35100.35
2015,60-120,82.0,0.026587744388289015,0.3408264694202442,643.81,24214.54
2015,60-120,82.0,0.020324932320746426,0.3408264694202442,734.94,36159.53
2015,60-120,84.0,0.04683998691134814,0.3408264694202442,1734.94,37039.72
2015,60-120,84.0,0.023256013397197444,0.3374230998987695,1708.3899999999999,73460.14
2015,60-120,84.0,0.0868027299458568,0.3266011519868284,400.0,4608.15
2015,60-120,84.0,0.03175893133918922,0.3408264694202442,265.35,8355.13
2015,60-120,85.0,0.14944002371205456,0.3408264694202442,5747.68,38461.45
2015,60-120,86.0,0.021543661253294787,0.3408264694202442,668.91,31049.04
2015,60-120,86.0,0.04454114822626013,0.3266011519868284,200.0,4490.23
2015,60-120,86.0,0.0,0.34462948183495207,0.0,24297.85
2015,60-120,86.0,0.04284220256231578,0.3408264694202442,387.94,9055.09
2015,60-120,87.0,0.025253884356418003,0.39843044794736593,544.3,21553.12
2015,60-120,87.0,0.0806781045751634,0.33550882614845157,726.8,9008.64
2015,60-120,87.0,0.02117773774214103,0.34462948183495207,392.85,18550.14
2015,60-120,87.0,0.3386386266659496,0.3408264694202442,25000.0,73825.01000000001
2015,60-120,88.0,0.12223314712745642,0.3408264694202442,1182.25,9672.09
2015,60-120,88.0,0.02485898552757265,0.3374230998987695,561.87,22602.29
2015,60-120,89.0,0.14226471194952447,0.35199211733057206,200.0,1405.83
2015,60-120,89.0,0.0,0.3374230998987695,0.0,11036.84
2015,60-120,90.0,0.023046074232813893,0.3408264694202442,668.91,29024.9
2015,60-120,90.0,0.02573653523491854,0.3374230998987695,561.87,21831.61
2015,60-120,91.0,0.009646894712826416,0.3374230998987695,500.0,51830.149999999994
2015,60-120,91.0,0.0,0.34462948183495207,0.0,11402.92
2015,60-120,92.0,0.026239534186689475,0.3374230998987695,1405.1100000000001,53549.350000000006
2015,60-120,93.0,0.578801398770047,0.3408264694202442,6000.0,10366.25
2015,60-120,93.0,0.45743980092219866,0.3408264694202442,500.0,1093.04
2015,60-120,94.0,0.002021721374447059,0.3408264694202442,17.5,8655.99
2015,60-120,94.0,0.02491630320361672,0.3408264694202442,734.94,29496.35
2015,60-120,94.0,0.02688718726235287,0.3374230998987695,843.24,31362.15
2015,60-120,94.0,0.12014321070716294,0.35746257880495513,500.0,4161.7
2015,60-120,94.0,0.07035974939867543,0.3408264694202442,700.0,9948.87
2015,60-120,95.0,0.13552449334168165,0.35746257880495513,500.0,3689.37
2015,60-120,95.0,0.0,0.34462948183495207,0.0,7373.57
2015,60-120,95.0,0.27585768774938796,0.3408264694202442,10660.41,38644.600000000006
2015,60-120,96.0,0.40058966799128315,0.3408264694202442,4000.0,9985.28
2015,60-120,97.0,0.029870151953325746,0.3408264694202442,948.59,31757.12
2015,60-120,97.0,0.6285046567424237,0.3374230998987695,9999.0,15909.19
2015,60-120,97.0,0.3548687999351097,0.34462948183495207,4900.0,13807.92
2015,60-120,98.0,0.029448367325895182,0.3374230998987695,1405.1100000000001,47714.36
2015,60-120,98.0,0.032317949515039204,0.34462948183495207,1476.25,45678.95
2015,60-120,98.0,0.26530054572322254,0.3408264694202442,1000.0,3769.31
2015,60-120,99.0,0.4986635816013085,0.3408264694202442,9500.0,19050.92
2015,60-120,100.0,0.02827030464028582,0.3408264694202442,734.94,25996.89
2015,60-120,100.0,0.05741352088416822,0.3266011519868284,200.0,3483.5
2015,60-120,102.0,0.3757051045549736,0.34001468309849675,5000.0,13308.31
2015,60-120,102.0,0.5532050487705571,0.3408264694202442,2500.0,4519.12
2015,60-120,104.0,0.034220596709297474,0.3408264694202442,747.68,21848.83
2015,60-120,105.0,0.039786826807625415,0.3408264694202442,660.41,16598.71
2015,60-120,106.0,0.035931504848023495,0.3408264694202442,747.68,20808.48
2016,12-36,25.0,0.2893601725377426,0.33550882614845157,4669.0,16135.6
2016,12-36,25.0,0.0,0.3408264694202442,0.0,5381.31
2016,12-36,26.0,0.07535675202830673,0.3491920599261233,652.12,8653.77
2016,12-36,26.0,0.021738593210705374,0.34452264992337556,1583.4,72838.2
2016,12-36,26.0,0.016588760355418328,0.33550882614845157,412.84,24886.73
2016,12-36,26.0,0.6701329622636303,0.3408264694202442,1700.0,2536.81
2016,12-36,26.0,0.0,0.3266011519868284,0.0,11172.8
2016,12-36,26.0,0.0,0.34462948183495207,0.0,12103.3
2016,12-36,27.0,0.11561690628283133,0.3408264694202442,205.79,1779.93
2016,12-36,27.0,0.05318099813023265,0.3491920599261233,388.81,7311.07
2016,12-36,27.0,0.08172302649787411,0.3408264694202442,1500.0,18354.68
2016,12-36,27.0,0.05308568852270617,0.3408264694202442,120.1,2262.38
2016,12-36,27.0,0.03791617371853972,0.3374230998987695,1588.6599999999999,41899.270000000004
2016,12-36,27.0,0.5160867462688953,0.3483177760588111,3874.0,7506.49
2016,12-36,27.0,0.0,0.3266011519868284,0.0,74252.42
2016,12-36,27.0,0.6300118757238575,0.3408264694202442,18000.0,28570.889999999996
2016,12-36,28.0,0.028132942188086266,0.3408264694202442,516.61,18363.17
2016,12-36,28.0,0.3034509261394205,0.3374230998987695,592.23,1951.65
2016,12-36,28.0,0.04898565711778022,0.3483177760588111,789.18,16110.43
2016,12-36,28.0,0.0,0.35746257880495513,0.0,1742.19
2016,12-36,28.0,0.042139749251527484,0.34462948183495207,155.25,3684.17
2016,12-36,28.0,0.042912210292586385,0.3408264694202442,435.61,10151.19
2016,12-36,29.0,0.043605530860592004,0.3408264694202442,453.9000000000001,10409.23
2016,12-36,29.0,0.12945765871508957,0.3408264694202442,150.0,1158.68
2016,12-36,29.0,0.0,0.3374230998987695,0.0,1538.57
2016,12-36,29.0,0.3204350225866637,0.35746257880495513,12000.0,37449.09
2016,12-36,29.0,0.013288309812453365,0.34462948183495207,1669.95,125670.61
2016,12-36,29.0,0.012333303176456636,0.33656373238391507,526.21,42665.78
2016,12-36,29.0,0.5175431343800749,0.3408264694202442,8200.0,15844.089999999998
2016,12-36,30.0,0.13099240780911062,0.3408264694202442,724.65,5532.0
2016,12-36,30.0,0.5403035579761155,0.34001468309849675,1750.0,3238.92
2016,12-36,30.0,0.012690313536954144,0.33550882614845157,238.91,18826.17
2016,12-36,30.0,0.51315831213834,0.3408264694202442,5500.0,10717.94
2016,12-36,30.0,0.0,0.3374230998987695,0.0,132607.9
2016,12-36,30.0,0.6495606801637852,0.3483177760588111,7310.0,11253.76
2016,12-36,30.0,0.010095269614092958,0.35746257880495513,744.3,73727.6
2016,12-36,30.0,0.325227818886959,0.34462948183495207,1093.52,3362.3199999999997
2016,12-36,30.0,0.0,0.3408264694202442,0.0,32285.2
2016,12-36,31.0,0.06522111548909718,0.3491920599261233,293.15,4494.71
2016,12-36,31.0,0.5460820433661953,0.39843044794736593,3000.0,5493.68
2016,12-36,31.0,0.01474953645122869,0.3408264694202442,1302.5,88307.86
2016,12-36,31.0,0.020952238659673387,0.33550882614845157,440.34,21016.37
2016,12-36,31.0,0.06958813148513025,0.3374230998987695,2173.1099999999997,31228.17
2016,12-36,31.0,0.06816661051105134,0.3483177760588111,2450.03,35941.79
2016,12-36,31.0,0.6810890635343643,0.35746257880495513,3210.0,4713.04
2016,12-36,31.0,0.08588385845099852,0.3266011519868284,1983.2,23091.65
2016,12-36,31.0,0.04837749930255772,0.34462948183495207,300.0,6201.23
2016,12-36,31.0,0.7047863922287161,0.3408264694202442,25294.84,35890.08
2016,12-36,32.0,0.5502302684517891,0.3491920599261233,4991.7,9072.02
2016,12-36,32.0,0.013125386736440989,0.3408264694202442,670.08,51052.21
2016,12-36,32.0,0.03820968515582834,0.33550882614845157,496.28,12988.33
2016,12-36,32.0,0.0,0.3408264694202442,0.0,2293.19
2016,12-36,32.0,0.028200407751702294,0.3374230998987695,2526.58,89593.74
2016,12-36,32.0,0.28680806738946646,0.35746257880495513,4400.0,15341.27
2016,12-36,32.0,0.5702462993330691,0.3408264694202442,9601.14,16836.83
2016,12-36,33.0,0.45623053023940824,0.34001468309849675,2205.61,4834.42
2016,12-36,33.0,0.0,0.33550882614845157,0.0,12118.95
2016,12-36,33.0,0.3428624144916511,0.3483177760588111,2713.0600000000004,7912.97
2016,12-36,33.0,0.04917067514561875,0.35746257880495513,271.4,5519.55
2016,12-36,33.0,0.0,0.3266011519868284,0.0,1333.97
2016,12-36,33.0,0.033639041584439824,0.34462948183495207,1107.81,32932.27
2016,12-36,33.0,0.04752598374037572,0.33656373238391507,459.37,9665.66
2016,12-36,33.0,0.18384524447847828,0.3408264694202442,4604.77,25046.989999999998
2016,12-36,34.0,0.34225943142742193,0.3408264694202442,3496.56,10216.11
2016,12-36,34.0,0.04315997717893052,0.34001468309849675,640.75,14845.93
2016,12-36,34.0,0.013322069907068782,0.3408264694202442,670.08,50298.49
2016,12-36,34.0,0.22058645113899814,0.33550882614845157,2000.0,9066.74
2016,12-36,34.0,0.7320537034596858,0.3408264694202442,1000.0,1366.02
2016,12-36,34.0,0.1706138865529431,0.3374230998987695,896.75,5256.02
2016,12-36,34.0,0.7197205204078179,0.3266011519868284,4040.0,5613.29
2016,12-36,34.0,0.05331116495415209,0.3408264694202442,488.02,9154.18
2016,12-36,35.0,0.08737380352288174,0.34001468309849675,987.31,11299.84
2016,12-36,35.0,0.054419373116782015,0.35199211733057206,411.06,7553.56
2016,12-36,35.0,0.06424838011664359,0.3408264694202442,1715.0,26693.28
2016,12-36,35.0,0.055643532505470855,0.3374230998987695,1497.92,26919.93
2016,12-36,35.0,0.013172361265648578,0.3483177760588111,917.13,69625.33
2016,12-36,35.0,0.022669357253875724,0.34462948183495207,1850.0,81607.96
2016,12-36,35.0,0.4856962455680218,0.33656373238391507,2600.0,5353.139999999999
2016,12-36,35.0,0.5175701530305203,0.3408264694202442,10750.46,20771.02
2016,12-36,35.0,0.0,0.3408264694202442,0.0,5514.71
2016,12-36,36.0,0.6886684767169796,0.3491920599261233,4000.0,5808.31
2016,12-36,36.0,0.6308392053949369,0.35199211733057206,1000.0,1585.19
2016,12-36,36.0,0.0,0.3408264694202442,0.0,40743.07
2016,12-36,36.0,0.08981831551138357,0.3374230998987695,3000.0,33400.76
2016,12-36,36.0,0.047154258994364165,0.3483177760588111,631.28,13387.55
2016,12-36,36.0,0.05804378133346232,0.35746257880495513,2687.91,46308.32
2016,12-36,36.0,0.05330092637010031,0.3266011519868284,500.0,9380.7
2016,12-36,36.0,0.07920519693966689,0.3408264694202442,3564.26,45000.33
2016,12-36,36.0,0.09842214702164961,0.3408264694202442,796.62,8093.91
2016,36-60,37.0,0.01240694625643569,0.3408264694202442,753.47,60729.69
2016,36-60,37.0,0.10063664678574437,0.3491920599261233,645.57,6414.86
2016,36-60,37.0,0.028597729545754378,0.34001468309849675,388.02,13568.21
2016,36-60,37.0,0.11321755400802463,0.3408264694202442,1031.0700000000002,9106.98
2016,36-60,37.0,0.04841669386299765,0.33550882614845157,2725.29,56288.229999999996
2016,36-60,37.0,0.4090154440513351,0.35746257880495513,2200.0,5378.77
2016,36-60,37.0,0.16508384278207217,0.3266011519868284,1250.0,7571.91
2016,36-60,38.0,0.05152187352267355,0.3408264694202442,212.52,4124.85
2016,36-60,38.0,0.05877220060555849,0.35199211733057206,626.39,10657.93
2016,36-60,38.0,0.03845394553679447,0.33550882614845157,455.8,11853.14
2016,36-60,38.0,0.02246174939535938,0.3374230998987695,760.81,33871.36
2016,36-60,38.0,0.0581743432435808,0.3483177760588111,731.28,12570.49
2016,36-60,38.0,0.42897282457156344,0.35746257880495513,1800.0,4196.07
2016,36-60,38.0,0.32862150016502295,0.3266011519868284,2618.65,7968.59
2016,36-60,38.0,0.09278452066842569,0.34462948183495207,527.48,5685.0
2016,36-60,38.0,0.21413431338205868,0.3408264694202442,360.65999999999997,1684.27
2016,36-60,38.0,0.7635734489777014,0.3408264694202442,3215.1099999999997,4210.610000000001
2016,36-60,39.0,0.02854648296754355,0.3408264694202442,1753.47,61425.08
2016,36-60,39.0,0.03852969706569422,0.3491920599261233,2588.18,67173.64
2016,36-60,39.0,0.035234088402703284,0.34001468309849675,820.14,23276.89
2016,36-60,39.0,0.34415115118560075,0.3408264694202442,400.0,1162.28
2016,36-60,39.0,0.13175642119533487,0.3374230998987695,5438.66,41278.14
2016,36-60,39.0,0.03496252890964109,0.3483177760588111,200.0,5720.41
2016,36-60,39.0,0.2665928176494883,0.3266011519868284,832.7,3123.49
2016,36-60,39.0,0.017240734580944283,0.34462948183495207,2199.22,127559.53
2016,36-60,39.0,0.030099539176055214,0.3408264694202442,100.0,3322.31
2016,36-60,39.0,0.05849234621896163,0.3408264694202442,398.01,6804.48
2016,36-60,40.0,0.5513215108051431,0.3408264694202442,1180.44,2141.11
2016,36-60,40.0,0.22519476466186772,0.3408264694202442,562.8,2499.17
2016,36-60,40.0,0.2760098933689153,0.34001468309849675,3363.44,12185.94
2016,36-60,40.0,0.13844577867569643,0.3408264694202442,243.27,1757.15
2016,36-60,40.0,0.19793857556517314,0.33550882614845157,8413.49,42505.56
2016,36-60,40.0,0.0261820523955237,0.3408264694202442,699.99,26735.49
2016,36-60,40.0,0.09994946102421394,0.3374230998987695,781.1800000000001,7815.75
2016,36-60,40.0,0.18537872001592515,0.35746257880495513,596.0,3215.04
2016,36-60,40.0,0.026116418303886148,0.3266011519868284,4226.5199999999995,161833.83000000002
2016,36-60,40.0,0.30463006379925256,0.3408264694202442,4287.79,14075.400000000001
2016,36-60,41.0,0.023020298372492462,0.3408264694202442,1479.53,64270.67
2016,36-60,41.0,0.18092934258423823,0.3491920599261233,465.22,2571.2799999999997
2016,36-60,41.0,0.5494966975648221,0.34001468309849675,9519.25,17323.579999999998
2016,36-60,41.0,0.014074989733835913,0.3408264694202442,670.08,47607.85
2016,36-60,41.0,0.23662889017895455,0.33550882614845157,1500.0,6339.04
2016,36-60,41.0,0.3064329021384639,0.3374230998987695,700.0,2284.35
2016,36-60,41.0,0.006505006017463448,0.3266011519868284,190.53,29289.749999999996
2016,36-60,41.0,0.05392433359179549,0.34462948183495207,1086.99,20157.69
2016,36-60,41.0,0.563229428275964,0.33656373238391507,6100.0,10830.4
2016,36-60,41.0,0.06532394250175048,0.3408264694202442,158.6,2427.9
2016,36-60,42.0,0.6937651307200742,0.34001468309849675,2226.66,3209.53
2016,36-60,42.0,0.043527723985628784,0.3408264694202442,208.14,4781.78
2016,36-60,42.0,0.05290546731064721,0.3374230998987695,2916.68,55130.03
2016,36-60,42.0,0.0,0.3483177760588111,0.0,6370.76
2016,36-60,42.0,0.0,0.35746257880495513,0.0,20836.0
2016,36-60,42.0,0.06755640960201768,0.3266011519868284,135.0,1998.33
2016,36-60,42.0,0.14255516864603224,0.34462948183495207,698.0,4896.35
2016,36-60,42.0,0.25932161782172813,0.33656373238391507,1045.8,4032.83
2016,36-60,42.0,0.141205549154906,0.3408264694202442,565.01,4001.33
2016,36-60,43.0,0.06924279442463048,0.3491920599261233,73.97,1068.27
2016,36-60,43.0,0.0,0.33550882614845157,0.0,14414.99
2016,36-60,43.0,0.06381165577064944,0.3408264694202442,100.34,1572.44
2016,36-60,43.0,0.012826671908479257,0.3483177760588111,314.52,24520.78
2016,36-60,43.0,0.1367052343406898,0.34462948183495207,666.14,4872.82
2016,36-60,44.0,0.10552036612625422,0.3408264694202442,10899.55,103293.33
2016,36-60,44.0,0.0715536767644957,0.3483177760588111,295.37,4127.95
2016,36-60,44.0,0.1030296318260793,0.3408264694202442,865.18,8397.39
2016,36-60,44.0,0.44730625920398503,0.3408264694202442,452.58,1011.79
2016,36-60,45.0,0.016106879417752355,0.3408264694202442,1467.88,91133.73
2016,36-60,45.0,0.3859156234080981,0.3408264694202442,2000.0,5182.48
2016,36-60,45.0,0.01633594951891737,0.33550882614845157,413.49,25311.66
2016,36-60,45.0,0.02344185497833021,0.3408264694202442,2909.22,124103.66
2016,36-60,45.0,0.01811964243423104,0.3374230998987695,560.81,30950.39
2016,36-60,45.0,0.0,0.3408264694202442,0.0,1332.13
2016,36-60,45.0,0.013031972086420719,0.3483177760588111,314.52,24134.49
2016,36-60,45.0,0.05669832616209778,0.35746257880495513,1696.44,29920.46
2016,36-60,45.0,0.5786728947301417,0.33656373238391507,2500.0,4320.23
2016,36-60,45.0,0.12159707948584224,0.3408264694202442,4360.07,35856.700000000004
2016,36-60,46.0,0.1796087641215354,0.3408264694202442,721.95,4019.57
2016,36-60,46.0,0.3332914086127833,0.34001468309849675,2305.43,6917.16
2016,36-60,46.0,0.038838692055835185,0.33550882614845157,3355.83,86404.3
2016,36-60,46.0,0.158265912054798,0.3408264694202442,500.0,3159.24
2016,36-60,46.0,0.05394525297645164,0.3374230998987695,2827.89,52421.479999999996
2016,36-60,46.0,0.1237217991624034,0.35746257880495513,2200.0,17781.83
2016,36-60,46.0,0.12086932153738647,0.34462948183495207,2367.94,19590.91
2016,36-60,46.0,0.08058522422993593,0.3408264694202442,296.44,3678.59
2016,36-60,47.0,0.24060873267680302,0.3408264694202442,1051.08,4368.42
2016,36-60,47.0,0.01459708363304612,0.3408264694202442,670.08,45905.06
2016,36-60,47.0,0.06355333424654688,0.33550882614845157,2509.99,39494.23
2016,36-60,47.0,0.12811684256041508,0.3408264694202442,400.0,3122.15
2016,36-60,47.0,0.21152729802522988,0.3408264694202442,2791.2,13195.46
2016,36-60,47.0,0.1593097047503546,0.3374230998987695,6659.99,41805.3
2016,36-60,47.0,0.22539387579795692,0.3483177760588111,900.0,3993.01
2016,36-60,47.0,0.2732443878044153,0.35746257880495513,763.3,2793.47
2016,36-60,47.0,0.3389421149785016,0.3408264694202442,16700.0,49270.95
2016,36-60,48.0,0.07203908030650893,0.34001468309849675,1383.11,19199.44
2016,36-60,48.0,0.8764395519641011,0.33550882614845157,3000.0,3422.94
2016,36-60,48.0,0.010629507171593958,0.3408264694202442,899.55,84627.63
2016,36-60,48.0,0.49031865809589653,0.3408264694202442,1000.0,2039.49
2016,36-60,48.0,0.051370902308052725,0.34462948183495207,404.57,7875.47
2016,36-60,48.0,0.10712582393031546,0.3408264694202442,12668.31,118256.36
2016,36-60,49.0,0.7981029412328073,0.33550882614845157,25000.0,31324.28
2016,36-60,49.0,0.0,0.35746257880495513,0.0,24921.12
2016,36-60,49.0,0.0,0.3266011519868284,0.0,2549.63
2016,36-60,49.0,0.38980311044891225,0.34462948183495207,13000.0,33350.17
2016,36-60,49.0,0.2536805602576876,0.3408264694202442,3147.09,12405.720000000001
2016,36-60,50.0,0.3916517745741906,0.3408264694202442,3500.0,8936.51
2016,36-60,50.0,0.7157427620513187,0.33550882614845157,2000.0,2794.3
2016,36-60,50.0,0.6983996172770097,0.3374230998987695,2000.0,2863.69
2016,36-60,50.0,0.4524567273825098,0.3266011519868284,719.37,1589.92
2016,36-60,50.0,0.10161822961106917,0.34462948183495207,1239.78,12200.369999999999
2016,36-60,51.0,0.2509598424792938,0.3408264694202442,636.0,2534.27
2016,36-60,51.0,0.015411817892806592,0.33550882614845157,509.99,33090.84
2016,36-60,51.0,0.2975446614536842,0.3408264694202442,500.0,1680.42
2016,36-60,51.0,0.24198683931224793,0.3374230998987695,684.0,2826.6
2016,36-60,51.0,0.12471160441479079,0.3266011519868284,200.0,1603.7
2016,36-60,51.0,0.6266881411803045,0.34462948183495207,1000.0,1595.69
2016,36-60,51.0,0.03802343658126909,0.3408264694202442,1118.74,29422.379999999997
2016,36-60,52.0,0.0,0.33550882614845157,0.0,22930.33
2016,36-60,52.0,0.01979382738664371,0.3374230998987695,560.81,28332.57
2016,36-60,52.0,0.0888377733717154,0.3266011519868284,1368.37,15403.02
2016,36-60,53.0,0.014131728710270398,0.3408264694202442,753.47,53317.61
2016,36-60,53.0,0.616543651197896,0.3374230998987695,665.75,1079.81
2016,36-60,53.0,0.6857630628068873,0.3408264694202442,19269.03,28098.67
2016,36-60,54.0,0.27246081794902666,0.33550882614845157,2693.0,9883.99
2016,36-60,54.0,0.033713644708727106,0.3374230998987695,293.63,8709.53
2016,36-60,54.0,0.36178120208822556,0.35746257880495513,372.83,1030.54
2016,36-60,54.0,0.36780679281465833,0.34462948183495207,491.0,1334.94
2016,36-60,55.0,0.1260797814380241,0.3408264694202442,319.35,2532.92
2016,36-60,55.0,0.014393330856346547,0.3408264694202442,753.47,52348.55
2016,36-60,55.0,0.5428745625683814,0.33550882614845157,2600.0,4789.32
2016,36-60,55.0,0.01843332023811786,0.3483177760588111,417.13,22629.13
2016,36-60,55.0,0.10085746267080614,0.3266011519868284,191.02,1893.96
2016,36-60,55.0,0.6431271864002637,0.34462948183495207,2459.82,3824.7799999999997
2016,36-60,55.0,0.022801380127699042,0.3408264694202442,2241.73,98315.54
2016,36-60,56.0,0.011131372847624367,0.3408264694202442,427.6,38413.95
2016,36-60,56.0,0.0226607368261803,0.3374230998987695,588.66,25977.09
2016,36-60,56.0,0.014350550008600657,0.3483177760588111,314.52,21916.93
2016,36-60,56.0,0.21468315755456976,0.3408264694202442,3653.8,17019.5
2016,36-60,57.0,0.6525922083127064,0.3408264694202442,9900.0,15170.27
2016,36-60,57.0,0.4583702416871692,0.34452264992337556,8000.0,17453.14
2016,36-60,57.0,0.14720906745975512,0.33550882614845157,10336.03,70213.27
2016,36-60,57.0,0.13134304834080893,0.3266011519868284,200.0,1522.73
2016,36-60,57.0,0.3096841271413011,0.33656373238391507,312.75,1009.9
2016,36-60,57.0,0.5888496965976071,0.3408264694202442,3050.0,5179.59
2016,36-60,58.0,0.09921015488689382,0.3374230998987695,1500.0,15119.419999999998
2016,36-60,59.0,0.04765127436644229,0.3408264694202442,78.86,1654.94
2016,36-60,59.0,0.17924381929329153,0.3408264694202442,1213.02,6767.43
2016,36-60,59.0,0.023356780424995272,0.3408264694202442,529.32,22662.37
2016,36-60,59.0,0.05875379933851996,0.3374230998987695,1999.9099999999999,34038.82
2016,36-60,59.0,0.0,0.3408264694202442,0.0,6635.18
2016,36-60,59.0,0.021478973472436644,0.35746257880495513,413.49,19250.92
2016,36-60,60.0,0.0934202393661853,0.3408264694202442,415.65,4449.25
2016,36-60,60.0,0.04333568713181594,0.3408264694202442,224.0,5168.95
2016,36-60,60.0,0.02170767620528097,0.3374230998987695,560.81,25834.64
2016,60-120,61.0,0.09924451212978723,0.33550882614845157,565.0,5693.01
2016,60-120,61.0,0.0,0.3374230998987695,0.0,2173.81
2016,60-120,61.0,0.0,0.34462948183495207,0.0,2371.8
2016,60-120,62.0,0.11931816825929906,0.3491920599261233,1500.0,12571.43
2016,60-120,62.0,0.03906616245272994,0.35199211733057206,100.0,2559.76
2016,60-120,62.0,0.4223996483010307,0.3266011519868284,10300.0,24384.489999999998
2016,60-120,63.0,0.06473414272915105,0.3374230998987695,283.23,4375.28
2016,60-120,63.0,0.6149697448039989,0.35746257880495513,1122.0,1824.48
2016,60-120,63.0,0.10299532751425779,0.3408264694202442,713.53,6927.79
2016,60-120,64.0,0.2679833389169241,0.3408264694202442,1015.89,3790.87
2016,60-120,64.0,0.013128143645777574,0.3408264694202442,1454.61,110800.89
2016,60-120,64.0,0.025321293637966317,0.3374230998987695,1149.4699999999998,45395.39
2016,60-120,65.0,0.09090115771714469,0.3408264694202442,500.0,5500.48
2016,60-120,65.0,0.07271985026227211,0.3374230998987695,283.23,3894.81
2016,60-120,65.0,0.5765536390912592,0.34462948183495207,15000.0,26016.66
2016,60-120,65.0,0.326643315298993,0.3408264694202442,3000.0,9184.33
2016,60-120,66.0,0.026964103902182495,0.34452264992337556,400.96,14870.14
2016,60-120,66.0,0.011265490754232464,0.3408264694202442,899.55,79850.05
2016,60-120,66.0,0.5256297043858542,0.3408264694202442,2000.0,3804.96
2016,60-120,67.0,0.013214240649235725,0.3408264694202442,1454.61,110078.97
2016,60-120,67.0,0.06213039046081329,0.3483177760588111,1217.13,19589.93
2016,60-120,67.0,0.03365816933734736,0.34462948183495207,367.94,10931.67
2016,60-120,68.0,0.050382300899223305,0.3408264694202442,250.0,4962.06
2016,60-120,68.0,0.14389921859780516,0.35199211733057206,531.84,3695.92
2016,60-120,68.0,0.7530270920706248,0.3374230998987695,9800.0,13014.14
2016,60-120,68.0,0.0,0.3408264694202442,0.0,3490.91
2016,60-120,68.0,0.8381913507034521,0.3408264694202442,10000.0,11930.45
2016,60-120,69.0,0.14057448104587414,0.35199211733057206,600.0,4268.2
2016,60-120,69.0,0.3387493254991306,0.33550882614845157,565.0,1667.9
2016,60-120,69.0,0.03555247212106045,0.34462948183495207,367.94,10349.21
2016,60-120,69.0,0.8412296758910305,0.3408264694202442,10000.0,11887.36
2016,60-120,70.0,0.8106552526407095,0.3374230998987695,3000.0,3700.71
2016,60-120,71.0,0.03493199413178733,0.3408264694202442,632.42,18104.32
2016,60-120,71.0,0.019053511373599143,0.33550882614845157,855.83,44917.18
2016,60-120,71.0,0.013765852837742062,0.3408264694202442,1454.61,105667.99
2016,60-120,71.0,0.9345186822473955,0.34462948183495207,1150.0,1230.58
2016,60-120,71.0,0.0,0.3408264694202442,0.0,4632.25
2016,60-120,72.0,0.012331594668276607,0.3408264694202442,899.55,72946.77
2016,60-120,72.0,0.22502076024115636,0.3374230998987695,9999.0,44435.9
2016,60-120,72.0,0.3580667212441742,0.3408264694202442,7422.34,20728.93
2016,60-120,73.0,0.036962118533368005,0.3408264694202442,632.42,17109.95
2016,60-120,73.0,0.0,0.3374230998987695,0.0,9346.95
2016,60-120,73.0,0.20326079091212876,0.34462948183495207,5000.0,24598.94
2016,60-120,74.0,0.027891822639420565,0.3374230998987695,560.81,20106.61
2016,60-120,74.0,0.09781137272392935,0.34462948183495207,500.0,5111.88
2016,60-120,74.0,0.3530843132817169,0.3408264694202442,10421.34,29515.160000000003
2016,60-120,74.0,0.42042715398845226,0.3408264694202442,3000.0,7135.6
2016,60-120,75.0,0.017888371169872457,0.3408264694202442,753.47,42120.66
2016,60-120,75.0,0.6437704572057786,0.34462948183495207,11500.0,17863.510000000002
2016,60-120,75.0,0.0,0.3408264694202442,0.0,17998.57
2016,60-120,76.0,0.020895695580828762,0.33550882614845157,2078.06,99449.19
2016,60-120,76.0,0.539032705809425,0.3374230998987695,6000.0,11131.05
2016,60-120,76.0,0.258920425122679,0.34462948183495207,420.0,1622.12
2016,60-120,77.0,0.0,0.3408264694202442,0.0,5317.55
2016,60-120,78.0,0.03731846154418909,0.34452264992337556,400.96,10744.28
2016,60-120,78.0,0.021624887649594124,0.33550882614845157,1222.23,56519.6
2016,60-120,78.0,0.03512942778992426,0.3266011519868284,800.0,22772.93
2016,60-120,79.0,0.17431725740848344,0.35746257880495513,600.0,3442.0
2016,60-120,80.0,0.03961984865881832,0.34452264992337556,400.96,10120.18
2016,60-120,80.0,0.8409297319116014,0.3374230998987695,1000.0,1189.16
2016,60-120,80.0,0.05096806634686378,0.34462948183495207,367.94,7219.03
2016,60-120,81.0,0.2754678270106121,0.33550882614845157,5000.0,18150.94
2016,60-120,81.0,0.9142397410873054,0.3408264694202442,10000.0,10938.05
2016,60-120,82.0,0.0,0.34462948183495207,0.0,11663.41
2016,60-120,82.0,0.47195253505933116,0.3408264694202442,700.0,1483.2
2016,60-120,83.0,0.02295838353688402,0.34001468309849675,826.39,35995.13
2016,60-120,83.0,0.10028048451518898,0.3408264694202442,1000.0,9972.03
2016,60-120,83.0,0.022259010057557215,0.33550882614845157,855.83,38448.7
2016,60-120,84.0,0.024114449077677517,0.33550882614845157,1222.23,50684.55
2016,60-120,84.0,0.03573749948305473,0.3408264694202442,458.0,12815.67
2016,60-120,84.0,0.04263407085566497,0.34462948183495207,513.0,12032.63
2016,60-120,85.0,0.05775082094158986,0.3408264694202442,632.42,10950.84
2016,60-120,85.0,0.3510666149779587,0.3266011519868284,40000.0,113938.49
2016,60-120,86.0,0.02549636588702521,0.33550882614845157,1222.23,47937.42
2016,60-120,86.0,0.19155253328225266,0.33656373238391507,200.0,1044.1
2016,60-120,88.0,0.1006437847430732,0.3408264694202442,1500.0,14904.05
2016,60-120,89.0,0.02686151888468753,0.33550882614845157,1222.23,45501.15
2016,60-120,90.0,0.0547085482806083,0.33550882614845157,2444.46,44681.5
2016,60-120,92.0,0.2109353082503127,0.34462948183495207,2000.0,9481.58
2017,12-36,13.0,0.02589657848247861,0.3408264694202442,286.0,11043.93
2017,12-36,13.0,0.27196194708436394,0.3408264694202442,2000.0,7353.97
2017,12-36,13.0,0.4643064422518862,0.3408264694202442,1000.0,2153.75
2017,12-36,13.0,0.3670754026354319,0.3374230998987695,4412.54,12020.8
2017,12-36,13.0,0.02451171366109913,0.34462948183495207,197.56,8059.82
2017,12-36,14.0,0.6523085543057171,0.3408264694202442,9500.0,14563.66
2017,12-36,14.0,0.42290619447935174,0.3408264694202442,3123.01,7384.64
2017,12-36,14.0,0.1287705668514094,0.3374230998987695,1188.43,9229.050000000001
2017,12-36,14.0,0.3187962254526906,0.3266011519868284,500.0,1568.4
2017,12-36,14.0,0.5917339209251168,0.3408264694202442,8000.0,13519.59
2017,12-36,15.0,0.05771727314311535,0.3408264694202442,623.32,10799.54
2017,12-36,15.0,0.654407434068451,0.33550882614845157,1000.0,1528.1
2017,12-36,15.0,0.16146757152772423,0.3374230998987695,2680.0,16597.76
2017,12-36,15.0,0.0147834202218792,0.35746257880495513,583.73,39485.45
2017,12-36,15.0,0.490518883137555,0.34462948183495207,4000.0,8154.63
2017,12-36,15.0,0.4896550638275014,0.3408264694202442,5286.84,10797.07
2017,12-36,15.0,0.09947348525024408,0.3408264694202442,731.53,7354.02
2017,12-36,16.0,0.1251005524614543,0.34001468309849675,894.22,7148.01
2017,12-36,16.0,0.10565206228949074,0.33550882614845157,3107.0,29407.85
2017,12-36,16.0,0.02613247206786978,0.3483177760588111,637.1,24379.629999999997
2017,12-36,16.0,0.34902717260098015,0.35746257880495513,2978.2,8532.86
2017,12-36,16.0,0.0326839296154499,0.3266011519868284,259.95,7953.449999999999
2017,12-36,16.0,0.07631765024892852,0.34462948183495207,1320.0,17296.13
2017,12-36,16.0,0.019717502829012617,0.33656373238391507,1302.82,66074.29
2017,12-36,16.0,0.0,0.3408264694202442,0.0,11575.01
2017,12-36,16.0,0.2899129481950447,0.3408264694202442,11667.88,40246.15
2017,12-36,16.0,0.057320460186878454,0.3408264694202442,217.53,3794.98
2017,12-36,17.0,0.03410642752570554,0.34001468309849675,2218.53,65047.27
2017,12-36,17.0,0.33636775184033385,0.33550882614845157,683.58,2032.24
2017,12-36,17.0,0.18891562650950533,0.3374230998987695,3426.0,18135.08
2017,12-36,17.0,0.029745755828121192,0.3483177760588111,109.86,3693.3
2017,12-36,17.0,0.043964121759514495,0.35746257880495513,500.0,11372.91
2017,12-36,17.0,0.09796600440950202,0.3266011519868284,1020.65,10418.41
2017,12-36,17.0,0.31727090199643904,0.34462948183495207,1675.0,5279.4
2017,12-36,17.0,0.3999073749178761,0.3408264694202442,7054.77,17641.01
2017,12-36,17.0,0.6567713122290818,0.3408264694202442,4200.0,6394.92
2017,12-36,18.0,0.05518325426302466,0.34452264992337556,289.28,5242.17
2017,12-36,18.0,0.09882632157219327,0.33550882614845157,730.37,7390.44
2017,12-36,18.0,0.08983603534819293,0.3408264694202442,1520.2,16921.940000000002
2017,12-36,18.0,0.05253784037953336,0.3374230998987695,200.0,3806.78
2017,12-36,18.0,0.28255381018341147,0.3483177760588111,287.62,1017.93
2017,12-36,18.0,0.30033761883830945,0.35746257880495513,27632.01,92003.16
2017,12-36,18.0,0.0,0.3266011519868284,0.0,2512.14
2017,12-36,18.0,0.5690547999772378,0.34462948183495207,2500.0,4393.25
2017,12-36,18.0,0.04064867273537462,0.3408264694202442,127.71,3141.8
2017,12-36,19.0,0.20280322706472204,0.3491920599261233,4263.37,21022.2
2017,12-36,19.0,0.4622746873174015,0.33550882614845157,10000.0,21632.16
2017,12-36,19.0,0.0,0.3408264694202442,0.0,3668.55
2017,12-36,19.0,0.05156977521331343,0.3374230998987695,2222.22,43091.52
2017,12-36,19.0,0.03679176829975951,0.3483177760588111,364.57,9909.01
2017,12-36,19.0,0.08517313564180856,0.35746257880495513,638.79,7499.9
2017,12-36,19.0,0.05151140876401243,0.3266011519868284,3343.57,64909.310000000005
2017,12-36,19.0,0.11090579232088665,0.34462948183495207,3362.22,30316.0
2017,12-36,19.0,0.058153721024806836,0.33656373238391507,418.99,7204.87
2017,12-36,19.0,0.03203876938421454,0.3408264694202442,2851.19,88991.87
2017,12-36,20.0,0.3730318936549561,0.34001468309849675,12789.82,34286.13
2017,12-36,20.0,0.46506003925106726,0.3408264694202442,4000.0,8601.04
2017,12-36,20.0,0.4392257913384674,0.3408264694202442,7500.0,17075.5
2017,12-36,20.0,0.5626625430519434,0.35746257880495513,640.4,1138.16
2017,12-36,20.0,0.4053420673243391,0.3266011519868284,2575.43,6353.72
2017,12-36,20.0,0.5871847042584735,0.34462948183495207,2871.48,4890.25
2017,12-36,20.0,0.387543004006216,0.33656373238391507,10519.01,27142.82
2017,12-36,20.0,0.2521837241817216,0.3408264694202442,10326.23,40947.25
2017,12-36,20.0,0.9091157031555406,0.3408264694202442,1000.0,1099.97
2017,12-36,21.0,0.10522904153179811,0.3408264694202442,500.0,4751.54
2017,12-36,21.0,0.01165835169689389,0.34001468309849675,739.51,63431.78
2017,12-36,21.0,0.3008559351354604,0.34452264992337556,1000.0,3323.85
2017,12-36,21.0,0.0870538370121935,0.33550882614845157,3731.46,42863.82
2017,12-36,21.0,0.06764604460884967,0.3408264694202442,172.63,2551.96
2017,12-36,21.0,0.03340044583537392,0.3374230998987695,718.15,21501.21
2017,12-36,21.0,0.04693423246806947,0.3483177760588111,2000.0,42612.82
2017,12-36,21.0,0.04375976052015211,0.3266011519868284,670.54,15323.21
2017,12-36,21.0,0.6009001978854899,0.3408264694202442,7300.0,12148.439999999999
2017,12-36,22.0,0.07231624202454906,0.3408264694202442,1230.1,17010.010000000002
2017,12-36,22.0,0.10759773969553149,0.3491920599261233,908.6500000000001,8444.880000000001
2017,12-36,22.0,0.481716663017298,0.33550882614845157,5500.0,11417.5
2017,12-36,22.0,0.1327137462884955,0.3408264694202442,10034.42,75609.5
2017,12-36,22.0,0.08854387587708316,0.3408264694202442,2425.6400000000003,27394.78
2017,12-36,22.0,0.043145975436110845,0.3374230998987695,3723.1400000000003,86291.70999999999
2017,12-36,22.0,0.010511909487102927,0.3408264694202442,502.4,47793.41
2017,12-36,22.0,0.18985532806066588,0.3483177760588111,5845.45,30788.97
2017,12-36,22.0,0.053017100552284195,0.35746257880495513,777.28,14660.93
2017,12-36,22.0,0.0327198146239234,0.3266011519868284,1843.56,56343.84
2017,12-36,22.0,0.03243532233481547,0.34462948183495207,329.43,10156.52
2017,12-36,22.0,0.024835237197051285,0.33656373238391507,667.56,26879.550000000003
2017,12-36,22.0,0.1832582894611562,0.3408264694202442,22557.71,123092.44
2017,12-36,22.0,0.07183567498185876,0.3408264694202442,197.0,2742.37
2017,12-36,22.0,0.1808332703866366,0.3408264694202442,335.15999999999997,1853.4199999999998
2017,12-36,23.0,0.025057820204539828,0.3491920599261233,644.32,25713.329999999998
2017,12-36,23.0,0.02066011715933963,0.34001468309849675,1651.02,79913.39
2017,12-36,23.0,0.21655216075114694,0.3408264694202442,485.72,2242.97
2017,12-36,23.0,0.046692390176621246,0.33550882614845157,1449.5900000000001,31045.53
2017,12-36,23.0,0.03275673601214282,0.3408264694202442,607.72,18552.52
2017,12-36,23.0,0.28757024231568146,0.3374230998987695,52217.62,181582.14
2017,12-36,23.0,0.10642826734780758,0.3408264694202442,1380.0,12966.48
2017,12-36,23.0,0.12142737883824355,0.3483177760588111,240.0,1976.49
2017,12-36,23.0,0.16632339760093065,0.35746257880495513,174.43,1048.74
2017,12-36,23.0,0.03147227292755082,0.3266011519868284,60.0,1906.44
2017,12-36,23.0,0.23989828312795375,0.33656373238391507,1500.0,6252.65
2017,12-36,23.0,0.07710623278727606,0.3408264694202442,4897.05,63510.42999999999
2017,12-36,23.0,0.0845560845401486,0.3408264694202442,424.48,5020.1
2017,12-36,23.0,0.16012396694214875,0.3408264694202442,291.4,1819.84
2017,12-36,24.0,0.028653361215326894,0.34001468309849675,186.35,6503.6
2017,12-36,24.0,0.0765981866176977,0.3408264694202442,333.7,4356.5
2017,12-36,24.0,0.06693397379109639,0.3374230998987695,5721.83,85484.69
2017,12-36,24.0,0.010651020295239328,0.3408264694202442,502.4,47169.19
2017,12-36,24.0,0.18426151418413358,0.3483177760588111,1066.08,5785.6900000000005
2017,12-36,24.0,0.0,0.3266011519868284,0.0,8460.54
2017,12-36,24.0,0.09264070201265759,0.34462948183495207,513.5,5542.92
2017,12-36,24.0,0.11363793716219021,0.33656373238391507,246.2,2166.53
2017,12-36,24.0,0.1521224846286881,0.3408264694202442,263.0,1728.87
2017,12-36,24.0,0.24554888075080455,0.3408264694202442,30753.47,125243.78
2017,12-36,25.0,0.10326987338914799,0.3408264694202442,512.39,4961.66
2017,12-36,25.0,0.12298080643378288,0.3408264694202442,711.99,5789.4400000000005
2017,12-36,25.0,0.0,0.3408264694202442,0.0,2064.58
2017,12-36,25.0,0.3223161562353369,0.39843044794736593,1985.2,6159.17
2017,12-36,25.0,0.4241655603014969,0.34001468309849675,3000.0,7072.71
2017,12-36,25.0,0.010577829982104447,0.33550882614845157,573.65,54231.35
2017,12-36,25.0,0.03585551789831367,0.3408264694202442,121.77,3396.13
2017,12-36,25.0,0.0235130632701263,0.3408264694202442,200.0,8505.91
2017,12-36,25.0,0.19958579698316753,0.3374230998987695,6054.99,30337.78
2017,12-36,25.0,0.006661524762291583,0.35746257880495513,891.0699999999999,133763.67
2017,12-36,25.0,0.08119675656843468,0.3266011519868284,1939.0500000000002,23880.879999999997
2017,12-36,25.0,0.11957287618328584,0.34462948183495207,5245.46,43868.31
2017,12-36,25.0,0.12085439985884781,0.33656373238391507,1013.74,8388.11
2017,12-36,25.0,0.18723583733344634,0.3408264694202442,1900.0,10147.63
2017,12-36,25.0,0.013577906503872427,0.3408264694202442,329.54,24270.31
2017,12-36,26.0,0.07007278580812175,0.3408264694202442,2897.42,41348.72
2017,12-36,26.0,0.20111120303957944,0.3408264694202442,632.0,3142.54
2017,12-36,26.0,0.19805088346804484,0.33550882614845157,10817.87,54621.67
2017,12-36,26.0,0.8866270048853148,0.3408264694202442,3000.0,3383.61
2017,12-36,26.0,0.04981000341330606,0.3408264694202442,615.8199999999999,12363.380000000001
2017,12-36,26.0,0.050936601107048736,0.3374230998987695,1656.77,32526.12
2017,12-36,26.0,0.06401078597205172,0.3408264694202442,207.0,3233.83
2017,12-36,26.0,0.20703017017706368,0.3483177760588111,426.89,2061.97
2017,12-36,26.0,0.9856878129558806,0.35746257880495513,4500.0,4565.34
2017,12-36,26.0,0.8239930704192516,0.3266011519868284,4100.0,4975.77
2017,12-36,26.0,0.46769709519832514,0.34462948183495207,1635.2,3496.2799999999997
2017,12-36,26.0,0.1644783352304639,0.33656373238391507,1426.19,8670.99
2017,12-36,26.0,0.07686792711487807,0.3408264694202442,7222.04,93953.88
2017,12-36,26.0,0.026989611364812944,0.3408264694202442,163.18,6046.03
2017,12-36,26.0,0.881808942865394,0.3408264694202442,4000.0,4536.13
2017,12-36,27.0,0.07523401251923588,0.3408264694202442,520.18,6914.16
2017,12-36,27.0,0.01625899780391174,0.3491920599261233,978.24,60166.07
2017,12-36,27.0,0.0,0.39843044794736593,0.0,3747.2
2017,12-36,27.0,0.11455222031508337,0.34001468309849675,1017.1,8878.92
2017,12-36,27.0,0.18776758672784166,0.3408264694202442,1310.0,6976.709999999999
2017,12-36,27.0,0.03380130004719926,0.3408264694202442,1855.52,54894.93
2017,12-36,27.0,0.03778445865003954,0.3374230998987695,360.2,9533.02
2017,12-36,27.0,0.18218644624153263,0.3483177760588111,244.21,1340.44
2017,12-36,27.0,0.5585562330980592,0.3266011519868284,6037.25,10808.67
2017,12-36,27.0,0.029155395524829007,0.34462948183495207,320.0,10975.67
2017,12-36,27.0,0.048831527922538066,0.33656373238391507,2894.92,59283.83
2017,12-36,27.0,0.13535941486737152,0.3408264694202442,1026.0,7579.82
2017,12-36,27.0,0.06262264636452122,0.3408264694202442,559.74,8938.3
2017,12-36,28.0,0.14947562481520774,0.3408264694202442,429.72,2874.8500000000004
2017,12-36,28.0,0.07491887906517014,0.3408264694202442,1211.23,16167.220000000001
2017,12-36,28.0,0.011086604369026481,0.34001468309849675,812.04,73245.15
2017,12-36,28.0,0.01825050790074359,0.35199211733057206,930.85,51004.06
2017,12-36,28.0,0.39572231850859324,0.33550882614845157,11512.14,29091.46
2017,12-36,28.0,0.04958096091101017,0.3408264694202442,85.25,1719.41
2017,12-36,28.0,0.3641653956499408,0.3374230998987695,15393.02,42269.31
2017,12-36,28.0,0.010944150848040988,0.3408264694202442,502.4,45905.8
2017,12-36,28.0,0.024084752084020323,0.3483177760588111,3233.41,134251.33
2017,12-36,28.0,0.03349445642402627,0.3266011519868284,7125.82,212746.25
2017,12-36,28.0,0.15807703723999358,0.34462948183495207,1384.6599999999999,8759.4
2017,12-36,28.0,0.04402601560708028,0.33656373238391507,3161.27,71804.59
2017,12-36,28.0,0.049457713661338984,0.3408264694202442,758.62,15338.76
2017,12-36,28.0,0.0,0.3408264694202442,0.0,2444.31
2017,12-36,28.0,0.6130967465971549,0.3408264694202442,4572.3099999999995,7457.73
2017,12-36,29.0,0.07117815883165009,0.3408264694202442,156.74,2202.08
2017,12-36,29.0,0.24246744571456974,0.3408264694202442,4000.0,16497.06
2017,12-36,29.0,0.4823831641430871,0.33550882614845157,12137.73,25162.010000000002
2017,12-36,29.0,0.0,0.3408264694202442,0.0,161219.61
2017,12-36,29.0,0.02724459605986042,0.3408264694202442,601.78,22088.05
2017,12-36,29.0,0.4529621459534627,0.3408264694202442,1000.0,2207.69
2017,12-36,29.0,0.7875131908459467,0.34462948183495207,1000.0,1269.82
2017,12-36,29.0,0.09058861093553497,0.33656373238391507,278.0400000000001,3069.26
2017,12-36,29.0,0.05489768603817535,0.3408264694202442,4487.26,81738.6
2017,12-36,29.0,0.025728100079685096,0.3408264694202442,214.71,8345.35
2017,12-36,29.0,0.07428661165893462,0.3408264694202442,908.24,12226.16
2017,12-36,30.0,0.09650961332563314,0.3408264694202442,446.19,4623.27
2017,12-36,30.0,0.2256362973604649,0.3491920599261233,315.69,1399.11
2017,12-36,30.0,0.48093496320706697,0.33550882614845157,1114.99,2318.38
2017,12-36,30.0,0.10171321142432423,0.3408264694202442,2326.41,22872.25
2017,12-36,30.0,0.15688666049503683,0.3374230998987695,928.7,5919.5599999999995
2017,12-36,30.0,0.44854313190756423,0.3408264694202442,1000.0,2229.44
2017,12-36,30.0,0.013579826491092444,0.35746257880495513,1563.58,115139.91
2017,12-36,30.0,0.042772605362584676,0.3266011519868284,468.23,10946.960000000001
2017,12-36,30.0,0.30151593337708044,0.34462948183495207,3441.53,11414.09
2017,12-36,30.0,0.03707695932743091,0.3408264694202442,284.81,7681.59
2017,12-36,30.0,0.07929905159459495,0.3408264694202442,1088.14,13721.98
2017,12-36,30.0,0.026308437667713073,0.3408264694202442,214.71,8161.26
2017,12-36,31.0,0.08160708591212897,0.3491920599261233,501.58,6146.28
2017,12-36,31.0,0.05685986413372284,0.3408264694202442,328.94,5785.099999999999
2017,12-36,31.0,0.9159857839006338,0.34001468309849675,1000.0,1091.72
2017,12-36,31.0,0.04234079949524539,0.3408264694202442,112.74,2662.68
2017,12-36,31.0,0.25036537697201855,0.3408264694202442,1600.0,6390.66
2017,12-36,31.0,0.11891963886484068,0.3408264694202442,500.0,4204.52
2017,12-36,31.0,0.08117957055558671,0.3483177760588111,130.32,1605.33
2017,12-36,31.0,0.07384961298409293,0.35746257880495513,228.6,3095.48
2017,12-36,31.0,0.032325283884837054,0.34462948183495207,269.61,8340.53
2017,12-36,31.0,0.361425399910856,0.3408264694202442,22858.7,63245.97
2017,12-36,31.0,0.8446510211356565,0.3408264694202442,2440.56,2889.43
2017,12-36,32.0,0.04208349162129078,0.3491920599261233,648.05,15399.15
2017,12-36,32.0,0.046505138013894,0.34001468309849675,376.62,8098.46
2017,12-36,32.0,0.19072504124429016,0.33550882614845157,200.0,1048.63
2017,12-36,32.0,0.02609628963368358,0.3408264694202442,579.4,22202.39
2017,12-36,32.0,0.19933382059378366,0.3408264694202442,690.0,3461.53
2017,12-36,32.0,0.05504299429849772,0.3374230998987695,566.89,10299.04
2017,12-36,32.0,0.04959481866091654,0.3483177760588111,637.1,12846.1
2017,12-36,32.0,0.018222275360423205,0.35746257880495513,583.73,32033.87
2017,12-36,32.0,0.4157938629316797,0.34462948183495207,972.23,2338.25
2017,12-36,32.0,0.08799021548803773,0.33656373238391507,300.0,3409.47
2017,12-36,32.0,0.28555137104644585,0.3408264694202442,12031.49,42134.24
2017,12-36,32.0,0.44446788154554284,0.3408264694202442,590.0,1327.43
2017,12-36,33.0,0.04548385402992912,0.3408264694202442,216.56,4761.25
2017,12-36,33.0,0.0,0.3491920599261233,0.0,29864.9
2017,12-36,33.0,0.3035198181579045,0.3408264694202442,2700.0,8895.63
2017,12-36,33.0,0.08186187093849176,0.34001468309849675,406.26,4962.75
2017,12-36,33.0,0.08147993638046568,0.35199211733057206,500.0,6136.48
2017,12-36,33.0,0.24373473052641834,0.33550882614845157,2801.37,11493.52
2017,12-36,33.0,0.0,0.3408264694202442,0.0,61989.07
2017,12-36,33.0,0.18174096224466707,0.3374230998987695,11575.24,63690.87
2017,12-36,33.0,0.2773407151577669,0.3483177760588111,1274.4,4595.07
2017,12-36,33.0,0.037928240415807904,0.35746257880495513,1567.16,41319.08
2017,12-36,33.0,0.13632061478478294,0.3266011519868284,772.0,5663.12
2017,12-36,33.0,0.19089373976064197,0.34462948183495207,2199.89,11524.16
2017,12-36,33.0,0.6251655384387954,0.3408264694202442,4059.8,6493.96
2017,12-36,33.0,0.13191335930560807,0.3408264694202442,300.0,2274.22
2017,12-36,34.0,0.026833456353677013,0.3408264694202442,172.68,6435.25
2017,12-36,34.0,0.03579494767251257,0.34001468309849675,3093.2,86414.43
2017,12-36,34.0,0.0,0.35199211733057206,0.0,6165.22
2017,12-36,34.0,0.0,0.33550882614845157,0.0,16335.56
2017,12-36,34.0,0.1063277582145443,0.3374230998987695,1100.0,10345.369999999999
2017,12-36,34.0,0.14645362545949825,0.33656373238391507,200.0,1365.62
2017,12-36,34.0,0.036321588077332954,0.3408264694202442,360.6,9927.98
2017,12-36,34.0,0.06333859443099689,0.3408264694202442,370.0,5841.62
2017,12-36,35.0,0.25768737373349415,0.3491920599261233,335.46,1301.81
2017,12-36,35.0,0.04780920366291874,0.34001468309849675,494.94,10352.4
2017,12-36,35.0,0.0,0.3408264694202442,0.0,133212.74
2017,12-36,35.0,0.2145738563213458,0.33550882614845157,1400.0,6524.56
2017,12-36,35.0,0.9086837715568998,0.3408264694202442,1400.0,1540.69
2017,12-36,35.0,0.04486363291649537,0.3374230998987695,224.8,5010.74
2017,12-36,35.0,0.17749897777858858,0.35746257880495513,10605.09,59747.33
2017,12-36,35.0,0.40871962446840904,0.3266011519868284,2000.0,4893.33
2017,12-36,35.0,0.029679972126717465,0.34462948183495207,2374.9700000000003,80019.28
2017,12-36,35.0,0.15885855539317806,0.33656373238391507,1021.81,6432.2
2017,12-36,35.0,0.05698360089919434,0.3408264694202442,2397.23,42068.770000000004
2017,12-36,36.0,0.18850806662196234,0.3408264694202442,902.39,4787.01
2017,12-36,36.0,0.0,0.3408264694202442,0.0,10810.76
2017,12-36,36.0,0.8875627195679773,0.3491920599261233,3362.7,3788.69
2017,12-36,36.0,0.048909663850867445,0.34001468309849675,210.0,4293.63
2017,12-36,36.0,0.1319519454409272,0.35199211733057206,1338.89,10146.8
2017,12-36,36.0,0.7611589710957491,0.3408264694202442,5000.0,6568.93
2017,12-36,36.0,0.12248841336164856,0.3408264694202442,8000.0,65312.3
2017,12-36,36.0,0.056517438100575586,0.3374230998987695,4035.83,71408.58
2017,12-36,36.0,0.06233362056704955,0.3483177760588111,745.08,11953.1
2017,12-36,36.0,0.3501277062850074,0.34462948183495207,8140.0,23248.66
2017,12-36,36.0,0.37433063073396566,0.3408264694202442,12466.61,33303.74
2017,12-36,36.0,0.030419916527749048,0.3408264694202442,50.0,1643.66
2017,12-36,36.0,0.48324072830176645,0.3408264694202442,10000.0,20693.62
2017,36-60,37.0,0.037484329581338224,0.3491920599261233,926.02,24704.190000000002
2017,36-60,37.0,0.2340578417568349,0.33550882614845157,3700.3,15809.34
2017,36-60,37.0,0.5439926887382633,0.3408264694202442,1500.0,2757.39
2017,36-60,37.0,0.051998083856490934,0.3408264694202442,206.24,3966.3
2017,36-60,37.0,0.03388720192392179,0.35746257880495513,1083.73,31980.51
2017,36-60,37.0,0.06378184037990439,0.33656373238391507,321.81,5045.48
2017,36-60,37.0,0.7960642583069305,0.3408264694202442,6000.0,7537.08
2017,36-60,37.0,0.2058223012579859,0.3408264694202442,250.0,1214.64
2017,36-60,38.0,0.02911078719850532,0.3408264694202442,640.69,22008.68
2017,36-60,38.0,0.11143062310278422,0.34452264992337556,1365.56,12254.8
2017,36-60,38.0,0.43580897040130745,0.3408264694202442,600.0,1376.75
2017,36-60,38.0,0.0494992358932216,0.3374230998987695,5560.76,112340.31999999999
2017,36-60,38.0,0.06539089516187041,0.3483177760588111,845.45,12929.17
2017,36-60,38.0,0.27716931281126045,0.3266011519868284,1941.79,7005.789999999999
2017,36-60,38.0,0.5639790893906856,0.34462948183495207,1300.0,2305.05
2017,36-60,38.0,0.03764895503798983,0.3408264694202442,370.0,9827.63
2017,36-60,38.0,0.0,0.3408264694202442,0.0,2630.08
2017,36-60,39.0,0.22503480725881275,0.3491920599261233,10000.0,44437.57
2017,36-60,39.0,0.5583309904337608,0.39843044794736593,774.5,1387.17
2017,36-60,39.0,0.014863629896828425,0.34001468309849675,772.07,51943.57
2017,36-60,39.0,0.6579605328953948,0.33550882614845157,2500.0,3799.62
2017,36-60,39.0,0.14761412718047037,0.3408264694202442,1087.15,7364.81
2017,36-60,39.0,0.02329421141606217,0.35746257880495513,1152.0900000000001,49458.21
2017,36-60,39.0,0.1335389833677196,0.3266011519868284,400.0,2995.38
2017,36-60,39.0,0.14424435112785913,0.34462948183495207,4820.0,33415.520000000004
2017,36-60,39.0,0.4266674876878034,0.3408264694202442,10255.0,24035.11
2017,36-60,39.0,0.9929500546122529,0.31074411428233967,1000.0,1007.1
2017,36-60,40.0,0.0909183724705843,0.3408264694202442,543.21,5974.7
2017,36-60,40.0,0.0,0.3408264694202442,0.0,130917.28
2017,36-60,40.0,0.7034727993258356,0.33550882614845157,80731.46,114761.31
2017,36-60,40.0,0.11929993250512475,0.3483177760588111,761.81,6385.67
2017,36-60,40.0,0.4559308626439887,0.3266011519868284,14000.0,30706.41
2017,36-60,40.0,0.0,0.3408264694202442,0.0,3765.4
2017,36-60,41.0,0.19427824063108248,0.3408264694202442,377.3,1942.06
2017,36-60,41.0,0.04357597460348579,0.3408264694202442,426.76,9793.47
2017,36-60,41.0,0.01410827076758353,0.3408264694202442,1143.73,81068.05
2017,36-60,41.0,0.01345737119131519,0.34001468309849675,739.51,54952.04
2017,36-60,41.0,0.6709608158883521,0.3266011519868284,4200.0,6259.68
2017,36-60,41.0,0.06644076805527872,0.34462948183495207,1000.0,15051.0
2017,36-60,41.0,0.8968583053563367,0.33656373238391507,3000.0,3345.01
2017,36-60,41.0,0.11157524397994394,0.3408264694202442,809.3299999999999,7253.67
2017,36-60,42.0,0.5397162712566446,0.3408264694202442,4690.89,8691.4
2017,36-60,42.0,0.19713082653012948,0.35199211733057206,1500.0,7609.16
2017,36-60,42.0,0.07100222967929311,0.33550882614845157,731.46,10301.93
2017,36-60,42.0,0.49073448257934177,0.3408264694202442,660.72,1346.39
2017,36-60,42.0,0.01657429687810324,0.3374230998987695,1189.2,71749.65
2017,36-60,42.0,0.012073531566482167,0.35746257880495513,552.09,45727.3
2017,36-60,42.0,0.12159857080922694,0.3266011519868284,1626.77,13378.2
2017,36-60,42.0,0.043648823391404454,0.34462948183495207,320.0,7331.24
2017,36-60,42.0,0.5196234954875132,0.3408264694202442,10509.38,20224.989999999998
2017,36-60,43.0,0.021706347595042665,0.34001468309849675,1619.76,74621.48999999999
2017,36-60,43.0,0.5148284317090382,0.3374230998987695,7500.0,14567.96
2017,36-60,43.0,0.037732235482333655,0.3266011519868284,3634.93,96334.87
2017,36-60,43.0,0.2553215962272561,0.34462948183495207,3551.6,13910.3
2017,36-60,43.0,0.2776415660070247,0.3408264694202442,3240.91,11673.0
2017,36-60,44.0,0.1402320596715598,0.3408264694202442,864.26,6163.07
2017,36-60,44.0,0.1353918187562812,0.34001468309849675,12193.44,90060.39
2017,36-60,44.0,0.5862845111279349,0.35199211733057206,2300.0,3923.01
2017,36-60,44.0,0.15853758972182275,0.3408264694202442,1001.0,6313.96
2017,36-60,44.0,0.128401724512267,0.33550882614845157,413.98,3224.1
2017,36-60,44.0,0.2976958342429595,0.3408264694202442,600.0,2015.48
2017,36-60,44.0,0.12361376502312624,0.3374230998987695,207.66,1679.91
2017,36-60,44.0,0.6267077786969492,0.35746257880495513,3000.0,4786.92
2017,36-60,44.0,0.02593614548285146,0.3266011519868284,1951.1699999999998,75229.76000000001
2017,36-60,44.0,0.0574536281540332,0.33656373238391507,530.22,9228.66
2017,36-60,45.0,0.39795244284637626,0.3408264694202442,6500.0,16333.61
2017,36-60,45.0,0.06808268631620593,0.34001468309849675,137.67,2022.1
2017,36-60,45.0,0.3654186766216459,0.34452264992337556,10000.0,27365.87
2017,36-60,45.0,0.04439384973370912,0.3408264694202442,221.31,4985.15
2017,36-60,45.0,0.0783223132936789,0.3374230998987695,2123.65,27114.239999999998
2017,36-60,45.0,0.017273610433654166,0.35746257880495513,765.6400000000001,44324.26
2017,36-60,45.0,0.5379314306903675,0.3266011519868284,2059.96,3829.41
2017,36-60,45.0,0.053441514951660815,0.34462948183495207,522.65,9779.849999999999
2017,36-60,45.0,0.06997507633546605,0.3408264694202442,907.97,12975.62
2017,36-60,46.0,0.0343112176341663,0.3408264694202442,172.36,5023.43
2017,36-60,46.0,0.02385947211406611,0.3408264694202442,958.21,40160.57
2017,36-60,46.0,0.0156251920826735,0.3483177760588111,1118.51,71583.76
2017,36-60,46.0,0.056416604632100166,0.35746257880495513,202.35,3586.71
2017,36-60,46.0,0.059471314066292566,0.34462948183495207,76.2,1281.29
2017,36-60,46.0,0.1768400204123909,0.3408264694202442,3500.0,19791.9
2017,36-60,47.0,0.09941093242830855,0.3408264694202442,215.0,2162.74
2017,36-60,47.0,0.11151455711546514,0.34001468309849675,404.78,3629.84
2017,36-60,47.0,0.06482042005770483,0.33550882614845157,448.65,6921.43
2017,36-60,47.0,0.2186982975187682,0.35746257880495513,897.54,4104.01
2017,36-60,47.0,0.28852093402029894,0.3408264694202442,1247.1,4322.39
2017,36-60,47.0,0.09104724204040562,0.3408264694202442,219.88,2415.01
2017,36-60,48.0,0.5751655038737397,0.3408264694202442,5000.0,8693.15
2017,36-60,48.0,0.11797247780741071,0.3408264694202442,3000.0,25429.66
2017,36-60,48.0,0.0,0.33550882614845157,0.0,6640.47
2017,36-60,48.0,0.264198347107438,0.3266011519868284,999.0,3781.25
2017,36-60,48.0,0.032077416921094046,0.34462948183495207,1500.0,46761.87
2017,36-60,48.0,0.3480645868647387,0.3408264694202442,1000.0,2873.0299999999997
2017,36-60,49.0,0.0,0.34001468309849675,0.0,63410.47
2017,36-60,49.0,0.3099141537794031,0.3408264694202442,600.0,1936.02
2017,36-60,49.0,0.1167081700818453,0.3408264694202442,3844.96,32945.08
2017,36-60,49.0,0.15612396242616638,0.3408264694202442,300.0,1921.55
2017,36-60,49.0,0.14152438429592812,0.3374230998987695,6195.07,43773.87
2017,36-60,49.0,0.05040812013411702,0.3266011519868284,264.75,5252.13
2017,36-60,50.0,0.35144306827217064,0.3408264694202442,1715.0,4879.88
2017,36-60,50.0,0.22884056885604678,0.3491920599261233,1100.0,4806.84
2017,36-60,50.0,0.3124084313133618,0.3408264694202442,848.67,2716.54
2017,36-60,50.0,0.21844601938618416,0.3483177760588111,637.1,2916.51
2017,36-60,50.0,0.2226715238748408,0.34462948183495207,250.0,1122.73
2017,36-60,51.0,0.24760342802944763,0.3491920599261233,877.15,3542.56
2017,36-60,51.0,0.2134805289516963,0.33550882614845157,2868.73,13437.900000000001
2017,36-60,51.0,0.2389093990711885,0.3483177760588111,7000.0,29299.81
2017,36-60,51.0,0.01321256338663207,0.35746257880495513,552.09,41785.23
2017,36-60,51.0,0.08392817117219738,0.3266011519868284,1142.04,13607.35
2017,36-60,51.0,0.42529965905144,0.34462948183495207,600.0,1410.77
2017,36-60,52.0,0.3402432969215492,0.33550882614845157,959.35,2819.6
2017,36-60,52.0,0.018427406444234715,0.34462948183495207,725.74,39383.729999999996
2017,36-60,52.0,0.42002436141296196,0.3408264694202442,700.0,1666.57
2017,36-60,53.0,0.01382135280593472,0.34001468309849675,647.21,46826.82
2017,36-60,53.0,0.13899458268613982,0.3408264694202442,2000.0,14389.05
2017,36-60,53.0,0.04000960230455309,0.3408264694202442,2000.0,49988.0
2017,36-60,53.0,0.1591349927374755,0.3374230998987695,176.39,1108.43
2017,36-60,53.0,0.03734269390193809,0.3266011519868284,130.0,3481.2699999999995
2017,36-60,53.0,0.8182302979346211,0.34462948183495207,2102.05,2569.02
2017,36-60,53.0,0.27250192989672556,0.3408264694202442,5319.72,19521.77
2017,36-60,53.0,0.8182524854419245,0.3408264694202442,3000.0,3666.35
2017,36-60,54.0,0.2808188149297051,0.33550882614845157,731.46,2604.74
2017,36-60,54.0,0.022384457252202176,0.3408264694202442,773.0,34532.89
2017,36-60,54.0,0.0396792859879161,0.3266011519868284,295.2,7439.65
2017,36-60,54.0,0.0749088219183213,0.34462948183495207,320.0,4271.86
2017,36-60,54.0,0.056437676232175014,0.33656373238391507,1678.29,29737.05
2017,36-60,54.0,0.5440873138328108,0.3408264694202442,670.0,1231.42
2017,36-60,54.0,0.09574875526618153,0.3408264694202442,100.0,1044.4
2017,36-60,55.0,0.012880109468578965,0.3408264694202442,943.73,73270.34
2017,36-60,55.0,0.07648803408821944,0.33550882614845157,1224.77,16012.57
2017,36-60,55.0,0.0,0.34462948183495207,0.0,32533.78
2017,36-60,55.0,0.3677552221241542,0.3408264694202442,700.0,1903.44
2017,36-60,56.0,0.4060016792229453,0.34452264992337556,10000.0,24630.44
2017,36-60,56.0,0.0,0.3408264694202442,0.0,99479.86
2017,36-60,56.0,0.10055707249688542,0.3266011519868284,623.12,6196.68
2017,36-60,57.0,0.5772202343398708,0.3408264694202442,10000.0,17324.41
2017,36-60,57.0,0.08838330957801091,0.3408264694202442,130.84,1480.37
2017,36-60,58.0,0.014152085247125586,0.34001468309849675,812.04,57379.53
2017,36-60,58.0,0.020698788624532016,0.3408264694202442,694.57,33556.07
2017,36-60,58.0,0.2611113234226316,0.3266011519868284,546.6,2093.3599999999997
2017,36-60,58.0,0.488512966529883,0.3408264694202442,2100.0,4298.76
2017,36-60,59.0,0.0,0.39843044794736593,0.0,8868.39
2017,36-60,59.0,0.2414656967794513,0.3408264694202442,480.0,1987.86
2017,36-60,59.0,0.1427349387991295,0.35746257880495513,10552.09,73927.87
2017,36-60,59.0,0.5898661003952103,0.34462948183495207,2200.0,3729.66
2017,36-60,60.0,0.5538444837920181,0.3374230998987695,10000.0,18055.61
2017,60-120,61.0,0.051039230614394734,0.35746257880495513,1607.6,31497.34
2017,60-120,61.0,0.023453952381819628,0.3266011519868284,489.37,20865.14
2017,60-120,61.0,0.04006446002200463,0.3408264694202442,319.72,7980.14
2017,60-120,62.0,0.13043486324973386,0.3408264694202442,703.25,5391.58
2017,60-120,62.0,0.691767425078875,0.34462948183495207,2550.0,3686.21
2017,60-120,62.0,0.043282370711293636,0.3408264694202442,1370.0,31652.61
2017,60-120,63.0,0.07074278521779707,0.3483177760588111,1513.0,21387.34
2017,60-120,64.0,0.14513619580614448,0.3483177760588111,250.0,1722.52
2017,60-120,64.0,0.22887410289525742,0.34462948183495207,420.0,1835.07
2017,60-120,65.0,0.21289883047575794,0.3408264694202442,300.0,1409.12
2017,60-120,66.0,0.23400286220684682,0.3266011519868284,603.36,2578.43
2017,60-120,67.0,0.08916924466458702,0.3266011519868284,620.0,6953.07
2017,60-120,67.0,0.10147547130924643,0.34462948183495207,7090.01,69869.2
2017,60-120,67.0,0.3357148922870583,0.3408264694202442,7669.400000000001,22844.98
2017,60-120,68.0,0.2734388351505623,0.3408264694202442,400.0,1462.85
2017,60-120,68.0,0.46547570193669663,0.3408264694202442,703.25,1510.82
2017,60-120,69.0,0.014413909981372635,0.3408264694202442,943.73,65473.56
2017,60-120,69.0,0.19724210453944252,0.33550882614845157,7000.0,35489.38
2017,60-120,70.0,0.054528525916726765,0.3374230998987695,800.0,14671.22
2017,60-120,70.0,0.38837096504143487,0.3408264694202442,9000.0,23173.72
2017,60-120,71.0,0.0,0.35746257880495513,0.0,21829.52
2017,60-120,71.0,0.16385055409233779,0.34462948183495207,5790.59,35340.68
2017,60-120,71.0,0.27630201799941867,0.3408264694202442,5000.0,18096.14
2017,60-120,72.0,0.02611191918113455,0.3408264694202442,694.57,26599.73
2017,60-120,72.0,0.34670494842577265,0.3374230998987695,16821.24,48517.45
2017,60-120,72.0,0.007068655557120974,0.3483177760588111,133.96,18951.27
2017,60-120,72.0,0.026936805352874193,0.3266011519868284,421.78,15658.13
2017,60-120,72.0,0.6953571006390332,0.3408264694202442,1000.0,1438.11
2017,60-120,73.0,0.04935607595505241,0.34462948183495207,1000.0,20260.93
2017,60-120,74.0,0.30618521694906636,0.34001468309849675,10000.0,32659.97
2017,60-120,74.0,0.02880375103792635,0.3408264694202442,542.19,18823.59
2017,60-120,74.0,0.7908051950252705,0.3408264694202442,11200.0,14162.78
2017,60-120,75.0,0.0,0.3374230998987695,0.0,63962.11
2017,60-120,75.0,0.09221190125712739,0.3408264694202442,109.0,1182.06
2017,60-120,76.0,0.09613212399121351,0.3374230998987695,4000.0,41609.4
2017,60-120,76.0,0.029211852069374857,0.3266011519868284,421.78,14438.66
2017,60-120,77.0,0.04202615665964339,0.34001468309849675,2000.0,47589.41
2017,60-120,77.0,0.02985635770713723,0.3374230998987695,516.18,17288.78
2017,60-120,78.0,0.03028245956859801,0.3408264694202442,694.57,22936.38
2017,60-120,78.0,0.0,0.3408264694202442,0.0,15855.93
2017,60-120,79.0,0.018773286768257045,0.34001468309849675,647.21,34475.05
2017,60-120,80.0,0.7067237699472785,0.3408264694202442,10000.0,14149.8
2017,60-120,81.0,0.07085225580592906,0.34001468309849675,3000.0,42341.63
2018,0-12,2.0,0.14735752865986984,0.4044549197475934,6300.0,42753.159999999996
2018,0-12,2.0,0.033114337183426934,0.40164140299942525,100.0,3019.84
2018,0-12,2.0,0.0,0.4094299343411228,0.0,16091.39
2018,0-12,2.0,0.18063338040787816,0.36903762566092263,2379.05,13170.6
2018,0-12,2.0,0.1620130391387477,0.4102754903763895,5772.22,35628.12
2018,0-12,3.0,0.06369775376106847,0.38117649116607105,713.39,11199.61
2018,0-12,3.0,0.4645921902672272,0.3839900079142392,15000.0,32286.38
2018,0-12,3.0,0.18070979035078646,0.3898105785430353,23706.3,131184.37
2018,0-12,4.0,0.0,0.3911336680000884,0.0,83950.54
2018,0-12,4.0,0.20067538173611635,0.38874052498830225,1573.0,7838.53
2018,0-12,4.0,0.7660604574913051,0.3883201512519202,2000.0,2610.76
2018,0-12,4.0,0.15446096250130953,0.38135038099799035,1562.87,10118.22
2018,0-12,4.0,0.01925906258511036,0.3883201512519202,281.44,14613.38
2018,0-12,4.0,0.5042567675460344,0.40495626063663115,1800.0,3569.61
2018,0-12,4.0,0.7912691363495193,0.37752800279475673,4000.0,5055.17
2018,0-12,4.0,0.1707584114991325,0.3738685088140039,1603.29,9389.23
2018,0-12,4.0,0.04974194121303614,0.39695423862888446,700.18,14076.25
2018,0-12,4.0,0.02991506070520221,0.3883201512519202,211.95,7085.06
2018,0-12,5.0,0.3589890867317634,0.39218238317666937,500.0,1392.8
2018,0-12,5.0,0.381980168586117,0.38952389226549733,18400.0,48170.04
2018,0-12,5.0,0.8725865050530692,0.39299416949841676,2200.0,2521.24
2018,0-12,5.0,0.21690820444787767,0.3860243992444869,3100.0,14291.759999999998
2018,0-12,5.0,0.11767632622873664,0.39299416949841676,262.53,2230.95
2018,0-12,5.0,0.0,0.3824170439970965,0.0,9376.07
2018,0-12,5.0,0.6393943656568498,0.39299416949841676,2500.0,3909.95
2018,0-12,5.0,0.062241736122602094,0.39299416949841676,274.59,4411.67
2018,0-12,6.0,0.0,0.39353261533119577,0.0,20342.13
2018,0-12,6.0,0.049112224279474814,0.4010650828636633,877.19,17860.93
2018,0-12,6.0,0.4024725131541916,0.3927208290094484,6950.0,17268.26
2018,0-12,6.0,0.3416984796290182,0.38952389226549733,11405.0,33377.38
2018,0-12,6.0,0.05413994369191768,0.39353261533119577,1483.01,27392.160000000003
2018,0-12,6.0,0.967840866995753,0.3865628450772659,1123.46,1160.79
2018,0-12,6.0,0.28795967709618103,0.40102392196976266,2586.88,8983.48
2018,0-12,6.0,0.0,0.4101687247159067,0.0,6278.46
2018,0-12,6.0,0.08196872071581962,0.3827404668740323,7184.01,87643.31
2018,0-12,6.0,0.055352718593421,0.3977466125701308,250.0,4516.49
2018,0-12,6.0,0.40546719008946597,0.385704101543268,4372.1,10782.87
2018,0-12,6.0,0.09765877727379825,0.39353261533119577,18009.26,184410.05
2018,0-12,6.0,0.055114289896898594,0.39353261533119577,658.85,11954.25
2018,0-12,7.0,0.14150956483138427,0.389966838579597,306.03,2162.61
2018,0-12,7.0,0.04861350240029168,0.4010057996185581,600.0,12342.25
2018,0-12,7.0,0.05746155447812249,0.3891550522578497,482.95,8404.75
2018,0-12,7.0,0.029602745829015443,0.3859581155138986,972.1,32838.17
2018,0-12,7.0,0.19631421897135806,0.389966838579597,5932.28,30218.29
2018,0-12,7.0,0.6118764215619299,0.389966838579597,3045.26,4976.92
2018,0-12,7.0,0.17118850299730046,0.3829970683256672,15960.0,93230.56
2018,0-12,7.0,0.06576741433909337,0.3974581452181639,360.12,5475.66
2018,0-12,7.0,0.15392021138291367,0.40660294796430796,219.03,1423.01
2018,0-12,7.0,0.1314043870143031,0.3827404668740323,2500.0,19025.24
2018,0-12,7.0,0.11085037715263586,0.3941808358185321,2425.23,21878.41
2018,0-12,7.0,0.5677236704228706,0.385704101543268,5195.79,9151.970000000001
2018,0-12,7.0,0.5245957301701356,0.389966838579597,21537.54,41055.5
2018,0-12,7.0,0.07376619396844632,0.389966838579597,741.41,10050.810000000001
2018,0-12,7.0,0.025316231107157812,0.3913299239477744,214.03,8454.26
2018,0-12,7.0,0.0,0.367887058281174,0.0,2780.4
2018,0-12,8.0,0.1056398419571967,0.3924734168366414,4022.05,38073.23
2018,0-12,8.0,0.05377665812214663,0.380622669475933,999.23,18581.11
2018,0-12,8.0,0.056847477500562967,0.3814344557976803,585.67,10302.48
2018,0-12,8.0,0.1954448410061125,0.3739782967714899,9689.95,49578.95
2018,0-12,8.0,0.5712939092928095,0.3814344557976803,1600.0,2800.66
2018,0-12,8.0,0.19234795674557234,0.3814344557976803,312.35,1623.88
2018,0-12,8.0,0.24579326659081627,0.3744646855437505,4476.21,18211.28
2018,0-12,8.0,0.09796428901241679,0.3889257624362472,7500.0,76558.51
2018,0-12,8.0,0.5958452418222766,0.3980705651823913,2950.0,4950.95
2018,0-12,8.0,0.1885771923925914,0.3742080840921156,5418.0,28730.94
2018,0-12,8.0,0.08479949820328986,0.39214195953012193,2209.06,26050.39
2018,0-12,8.0,0.27669589865992616,0.3814344557976803,78794.11,284767.9
2018,0-12,8.0,0.05113479008993875,0.3814344557976803,225.26,4405.22
2018,0-12,8.0,0.10192571653778726,0.3814344557976803,300.0,2943.32
2018,0-12,8.0,0.0,0.3814344557976803,0.0,12059.41
2018,0-12,9.0,0.03933230738888341,0.3814344557976803,1132.75,28799.48
2018,0-12,9.0,0.02598036923300754,0.3814344557976803,800.0,30792.48
2018,0-12,9.0,0.2085305111303693,0.380622669475933,2382.19,11423.7
2018,0-12,9.0,0.14120257325815663,0.3739782967714899,2671.66,18920.760000000002
2018,0-12,9.0,0.8193646319833079,0.3814344557976803,10477.15,12786.92
2018,0-12,9.0,0.6947993758329118,0.3814344557976803,10250.0,14752.460000000001
2018,0-12,9.0,0.42633760253823294,0.3744646855437505,4466.56,10476.58
2018,0-12,9.0,0.45228373637033636,0.3889257624362472,3590.07,7937.65
2018,0-12,9.0,0.10018565267242135,0.3980705651823913,810.0,8084.990000000001
2018,0-12,9.0,0.12199049691222941,0.3742080840921156,4077.7799999999997,33427.03
2018,0-12,9.0,0.09874998971354274,0.39214195953012193,240.0,2430.38
2018,0-12,9.0,0.1748889597994957,0.3814344557976803,31908.83,182451.94
2018,0-12,10.0,0.9194342659665891,0.3924734168366414,15000.0,16314.38
2018,0-12,10.0,0.28129127698336803,0.380622669475933,21000.0,74655.71
2018,0-12,10.0,0.6597367914096992,0.3814344557976803,2500.0,3789.39
2018,0-12,10.0,0.25846191382776407,0.3739782967714899,5000.0,19345.21
2018,0-12,10.0,0.10028765193785265,0.3814344557976803,1214.67,12111.86
2018,0-12,10.0,0.5722233624302555,0.3814344557976803,7500.0,13106.77
2018,0-12,10.0,0.06055428613353284,0.3744646855437505,1378.33,22761.89
2018,0-12,10.0,0.2382890843741933,0.3814344557976803,1200.0,5035.9
2018,0-12,10.0,0.13197278776159202,0.3980705651823913,3978.16,30143.79
2018,0-12,10.0,0.19020088717350808,0.3742080840921156,3548.15,18654.75
2018,0-12,10.0,0.0810263447935972,0.39214195953012193,1022.61,12620.71
2018,0-12,10.0,0.46932382170388015,0.3771717187613513,2000.0,4261.45
2018,0-12,10.0,0.17147939035401763,0.3814344557976803,29538.81,172258.66
2018,0-12,10.0,0.4616634657999705,0.3814344557976803,1000.0,2166.08
2018,0-12,11.0,0.09353483531638401,0.3924734168366414,2200.19,23522.68
2018,0-12,11.0,0.5959120433823968,0.3814344557976803,3000.0,5034.3
2018,0-12,11.0,0.10063926058322464,0.3814344557976803,500.0,4968.24
2018,0-12,11.0,0.7488223084724123,0.3739782967714899,36867.54,49234.03
2018,0-12,11.0,0.06497916126746038,0.3814344557976803,4914.27,75628.4
2018,0-12,11.0,0.4027101122689281,0.3814344557976803,5791.95,14382.43
2018,0-12,11.0,0.04955722675867554,0.3744646855437505,3640.74,73465.37000000001
2018,0-12,11.0,0.5686179740141586,0.3814344557976803,4000.0,7034.6
2018,0-12,11.0,0.5259364858155349,0.3980705651823913,2468.12,4692.8099999999995
2018,0-12,11.0,0.2716835140632443,0.3742080840921156,1500.0,5521.13
2018,0-12,11.0,0.06820363713374208,0.39214195953012193,4367.01,64028.99
2018,0-12,11.0,0.30343135432543966,0.3771717187613513,10610.6,34968.7
2018,0-12,11.0,0.07430842100112252,0.3814344557976803,5026.42,67642.67
2018,0-12,12.0,0.0,0.3814344557976803,0.0,109795.7
2018,0-12,12.0,0.04955883735936259,0.3814344557976803,911.6700000000001,18395.710000000003
2018,0-12,12.0,0.5377437157648778,0.3924734168366414,7300.0,13575.240000000002
2018,0-12,12.0,0.24307132776193593,0.3814344557976803,1600.0,6582.43
2018,0-12,12.0,0.8410096489037019,0.380622669475933,10000.0,11890.47
2018,0-12,12.0,0.011450879464688885,0.3814344557976803,896.44,78285.69
2018,0-12,12.0,0.15412817298539844,0.3739782967714899,21016.09,136354.63
2018,0-12,12.0,0.014550843242462377,0.3814344557976803,1982.28,136231.28
2018,0-12,12.0,0.5439844480583444,0.3744646855437505,18969.57,34871.53
2018,0-12,12.0,0.10698198680099039,0.3814344557976803,1250.0,11684.210000000001
2018,0-12,12.0,0.02606627909191252,0.3742080840921156,2518.38,96614.48
2018,0-12,12.0,0.115250949371427,0.39214195953012193,672.54,5835.44
2018,0-12,12.0,0.1537854367947367,0.3771717187613513,2790.0,18142.16
2018,0-12,12.0,0.4505313600208633,0.3814344557976803,37038.94,82211.68
2018,0-12,12.0,0.12252889844069724,0.3814344557976803,500.0,4080.67
2018,0-12,12.0,0.035599847225439116,0.3814344557976803,232.09,6519.41
2018,0-12,12.0,0.04648514409983055,0.3814344557976803,271.04,5830.68
2018,12-36,13.0,0.05657281990936632,0.3814344557976803,903.83,15976.4
2018,12-36,13.0,0.04062390762863464,0.3814344557976803,1147.04,28235.59
2018,12-36,13.0,0.15556647977946897,0.4073831065267262,500.0,3214.06
2018,12-36,13.0,0.038270452534704125,0.380622669475933,1319.76,34485.090000000004
2018,12-36,13.0,0.03404788494538719,0.3877775157114837,250.0,7342.6
2018,12-36,13.0,0.11808503576610264,0.3814344557976803,747.15,6327.22
2018,12-36,13.0,0.2513153459880371,0.3739782967714899,17939.96,71384.26000000001
2018,12-36,13.0,0.02736426911261629,0.3814344557976803,87.83,3209.66
2018,12-36,13.0,0.0602968645288238,0.3814344557976803,422.88,7013.3
2018,12-36,13.0,0.10366124161917407,0.3744646855437505,4206.03,40574.76
2018,12-36,13.0,0.2172359019619917,0.3980705651823913,3810.17,17539.32
2018,12-36,13.0,0.18562923425360733,0.3742080840921156,7527.3099999999995,40550.240000000005
2018,12-36,13.0,0.12032183938107173,0.39214195953012193,4048.57,33647.84
2018,12-36,13.0,0.40136360667196874,0.3814344557976803,11920.17,29699.18
2018,12-36,13.0,0.44925386737101314,0.3814344557976803,10450.22,23261.28
2018,12-36,13.0,0.0320073665674363,0.3814344557976803,416.42,13010.13
2018,12-36,14.0,0.035423645674230564,0.3814344557976803,507.68,14331.670000000002
2018,12-36,14.0,0.35155468297880393,0.3814344557976803,650.0,1848.93
2018,12-36,14.0,0.9039221180703071,0.4073831065267262,2000.0,2212.58
2018,12-36,14.0,0.0602328099621007,0.3814344557976803,347.1,5762.64
2018,12-36,14.0,0.10569814604058968,0.3739782967714899,560.03,5298.39
2018,12-36,14.0,0.09384513670431341,0.3814344557976803,1443.57,15382.470000000001
2018,12-36,14.0,0.16279693777856616,0.3744646855437505,5782.01,35516.7
2018,12-36,14.0,0.05362736250929874,0.3814344557976803,297.73,5551.83
2018,12-36,14.0,0.03139686742989418,0.3742080840921156,2713.23,86417.22
2018,12-36,14.0,0.3248040785757525,0.39214195953012193,33298.31,102518.14
2018,12-36,14.0,0.0,0.3771717187613513,0.0,6616.9
2018,12-36,14.0,0.047668124655477005,0.3814344557976803,464.37,9741.73
2018,12-36,14.0,0.24197200718281545,0.3814344557976803,41090.82,169816.41999999998
2018,12-36,14.0,0.07238168054802067,0.3814344557976803,515.0,7115.06
2018,12-36,14.0,0.19324192256879427,0.3814344557976803,1247.68,6456.57
2018,12-36,15.0,0.41360812078184345,0.3814344557976803,4000.0,9670.99
2018,12-36,15.0,0.028652895282913433,0.3814344557976803,474.31,16553.65
2018,12-36,15.0,0.0,0.3924734168366414,0.0,17753.27
2018,12-36,15.0,0.062042763456294725,0.380622669475933,116.27,1874.03
2018,12-36,15.0,0.5533176928865478,0.3877775157114837,1500.0,2710.92
2018,12-36,15.0,0.2560944066420645,0.3814344557976803,1000.0,3904.81
2018,12-36,15.0,0.1869062482005124,0.3739782967714899,2953.7,15803.11
2018,12-36,15.0,0.19024065442785124,0.3814344557976803,400.0,2102.6
2018,12-36,15.0,0.18349994696755628,0.3744646855437505,4532.79,24701.86
2018,12-36,15.0,0.106374491396963,0.3889257624362472,200.0,1880.15
2018,12-36,15.0,0.4646909556203541,0.3980705651823913,5600.0,12051.02
2018,12-36,15.0,0.10623038729458638,0.3742080840921156,7146.610000000001,67274.63
2018,12-36,15.0,0.029324450421452177,0.39214195953012193,1136.06,38741.05
2018,12-36,15.0,0.027041456432429396,0.3771717187613513,924.87,34201.93
2018,12-36,15.0,0.24736825317544,0.3814344557976803,13649.33,55178.18
2018,12-36,15.0,0.3836301723891626,0.3814344557976803,1476.98,3850.01
2018,12-36,15.0,0.12382847889289085,0.3814344557976803,1569.1000000000001,12671.560000000001
2018,12-36,15.0,0.5672426448482456,0.3814344557976803,5000.0,8814.57
2018,12-36,16.0,0.07166728905187632,0.3814344557976803,2435.41,33982.17
2018,12-36,16.0,0.17259362272772424,0.380622669475933,1390.0,8053.6
2018,12-36,16.0,0.05798855422423172,0.3851306363008118,332.05,5726.13
2018,12-36,16.0,0.23162188551111215,0.3739782967714899,4777.66,20626.98
2018,12-36,16.0,0.05809087822243535,0.3814344557976803,809.21,13930.07
2018,12-36,16.0,0.5922069579298854,0.3814344557976803,885.0,1494.4099999999999
2018,12-36,16.0,0.1703368581707184,0.3744646855437505,1250.0,7338.400000000001
2018,12-36,16.0,0.03965457737256686,0.3889257624362472,743.4,18746.89
2018,12-36,16.0,0.05068874107963225,0.3980705651823913,825.8599999999999,16292.77
2018,12-36,16.0,0.15170210955832705,0.3742080840921156,5634.72,37143.32
2018,12-36,16.0,0.24660119522405774,0.39214195953012193,9358.36,37949.37
2018,12-36,16.0,0.027359269340762382,0.3771717187613513,980.69,35844.89
2018,12-36,16.0,0.7100124536184365,0.3814344557976803,5000.0,7042.13
2018,12-36,16.0,0.1749301166863447,0.3814344557976803,15152.34,86619.39
2018,12-36,16.0,0.0700340895089194,0.3814344557976803,409.24,5843.4400000000005
2018,12-36,17.0,0.05032618825722274,0.3814344557976803,151.2,3004.4
2018,12-36,17.0,0.026816606382560823,0.3814344557976803,177.49,6618.66
2018,12-36,17.0,0.05468292467649575,0.3814344557976803,1375.38,25151.91
2018,12-36,17.0,0.12436404748445448,0.3924734168366414,264.0,2122.8
2018,12-36,17.0,0.02271927913114828,0.380622669475933,1983.07,87285.78
2018,12-36,17.0,0.08405240317185722,0.3739782967714899,8715.45,103690.67
2018,12-36,17.0,0.02612695930372651,0.3814344557976803,2424.4700000000003,92795.72
2018,12-36,17.0,0.07974259091652147,0.3814344557976803,1000.0,12540.35
2018,12-36,17.0,0.029731616647740017,0.3744646855437505,375.18,12618.89
2018,12-36,17.0,0.07674347984089766,0.3814344557976803,154.16,2008.77
2018,12-36,17.0,0.5446684664705175,0.3889257624362472,5300.0,9730.69
2018,12-36,17.0,0.03996734796395717,0.3980705651823913,114.57,2866.59
2018,12-36,17.0,0.07477610165305133,0.3742080840921156,408.7,5465.65
2018,12-36,17.0,0.031431143511526725,0.39214195953012193,1766.3300000000002,56196.81
2018,12-36,17.0,0.6077824622047912,0.3814344557976803,18419.51,30306.09
2018,12-36,17.0,0.07831834842266847,0.3814344557976803,150.0,1915.26
2018,12-36,18.0,0.05601152218086111,0.3924734168366414,337.95,6033.58
2018,12-36,18.0,0.07993287589889007,0.4073831065267262,611.13,7645.54
2018,12-36,18.0,0.25369178470563863,0.380622669475933,3722.45,14673.119999999999
2018,12-36,18.0,0.03870847123217923,0.3814344557976803,291.93,7541.76
2018,12-36,18.0,0.9558803849521487,0.3739782967714899,2500.0,2615.39
2018,12-36,18.0,0.36784469807044434,0.3814344557976803,7000.0,19029.77
2018,12-36,18.0,0.04178512662845757,0.3814344557976803,83.04,1987.31
2018,12-36,18.0,0.40974186290407777,0.3744646855437505,7524.77,18364.66
2018,12-36,18.0,0.6204444046833589,0.39214195953012193,2219.28,3576.92
2018,12-36,18.0,0.20022511240071145,0.3814344557976803,22534.98,112548.22
2018,12-36,19.0,0.030502474566950783,0.3814344557976803,213.0,6983.04
2018,12-36,19.0,0.32895265859538675,0.3814344557976803,4500.0,13679.78
2018,12-36,19.0,0.2989057830778667,0.380622669475933,1067.27,3570.59
2018,12-36,19.0,0.559631501169501,0.3814344557976803,1715.5,3065.41
2018,12-36,19.0,0.33828404992818867,0.3739782967714899,16000.0,47297.53
2018,12-36,19.0,0.8652465087303373,0.3814344557976803,4000.0,4622.96
2018,12-36,19.0,0.3011895452417295,0.3744646855437505,16815.84,55831.42
2018,12-36,19.0,0.024925982779706753,0.3980705651823913,385.0,15445.73
2018,12-36,19.0,0.20179802036142025,0.3742080840921156,2600.0,12884.17
2018,12-36,19.0,0.27487430955271475,0.39214195953012193,9133.65,33228.46
2018,12-36,19.0,0.2299004843315959,0.3814344557976803,16851.94,73301.02
2018,12-36,19.0,0.28180603853979386,0.3814344557976803,500.0,1774.27
2018,12-36,20.0,0.3853468596009466,0.3924734168366414,3250.0,8433.960000000001
2018,12-36,20.0,0.08375963497551078,0.3814344557976803,400.0,4775.57
2018,12-36,20.0,0.02371410408357396,0.380622669475933,3115.96,131396.91
2018,12-36,20.0,0.2821182939497785,0.3739782967714899,7560.68,26799.68
2018,12-36,20.0,0.36877015357708914,0.3744646855437505,5397.91,14637.599999999999
2018,12-36,20.0,0.28087152561922807,0.3814344557976803,3000.0,10681.04
2018,12-36,20.0,0.5246892527900351,0.3889257624362472,3000.0,5717.67
2018,12-36,20.0,0.03485556566335314,0.3742080840921156,2339.92,67131.89
2018,12-36,20.0,0.04539231201054666,0.3771717187613513,178.7,3936.79
2018,12-36,20.0,0.2630427635335595,0.3814344557976803,28906.54,109892.93
2018,12-36,20.0,0.28953315793024353,0.3814344557976803,343.34,1185.84
2018,12-36,21.0,0.15603557253341135,0.3814344557976803,1695.96,10869.06
2018,12-36,21.0,0.17676971658524882,0.3924734168366414,3860.29,21837.96
2018,12-36,21.0,0.1795105733971613,0.3814344557976803,4000.0,22282.81
2018,12-36,21.0,0.044281253265742435,0.3877775157114837,250.0,5645.73
2018,12-36,21.0,0.028402994202760556,0.3739782967714899,310.23,10922.44
2018,12-36,21.0,0.45449752571547003,0.3814344557976803,2500.0,5500.58
2018,12-36,21.0,0.16211236303720616,0.3744646855437505,12935.08,79790.83
2018,12-36,21.0,0.24146926385024028,0.3742080840921156,10738.439999999999,44471.25
2018,12-36,21.0,0.054720168046123174,0.39214195953012193,2200.71,40217.53
2018,12-36,21.0,0.04347693765841909,0.3771717187613513,200.0,4600.14
2018,12-36,21.0,0.11910299877994839,0.3814344557976803,8753.7,73496.89
2018,12-36,21.0,0.04478988898839193,0.3814344557976803,132.54,2959.15
2018,12-36,22.0,0.0922429931898961,0.3924734168366414,169.99,1842.85
2018,12-36,22.0,0.07890059342374886,0.3814344557976803,1510.1399999999999,19139.78
2018,12-36,22.0,0.07691512019897598,0.3814344557976803,327.18,4253.78
2018,12-36,22.0,0.5024465148103653,0.3744646855437505,10735.84,21367.13
2018,12-36,22.0,0.08247110196786261,0.3814344557976803,843.46,10227.34
2018,12-36,22.0,0.08154534002109087,0.3889257624362472,2209.25,27092.29
2018,12-36,22.0,0.31156161535973836,0.3980705651823913,5000.0,16048.19
2018,12-36,22.0,0.3057561320851283,0.3742080840921156,10454.75,34193.1
2018,12-36,22.0,0.27949797550736516,0.39214195953012193,900.14,3220.5600000000004
2018,12-36,22.0,0.17149142252992738,0.3771717187613513,502.83000000000004,2932.1
2018,12-36,22.0,0.04778355341749266,0.3814344557976803,740.0,15486.5
2018,12-36,22.0,0.43067590338887846,0.3814344557976803,2300.24,5341.0
2018,12-36,22.0,0.2471476736345246,0.3593546754992573,274.89,1112.25
2018,12-36,23.0,0.04797920113448357,0.380622669475933,129.92,2707.84
2018,12-36,23.0,0.01840615067293347,0.3739782967714899,2000.0,108659.33
2018,12-36,23.0,0.016100754074665755,0.3814344557976803,1354.5500000000002,84129.6
2018,12-36,23.0,0.0821047561786391,0.3814344557976803,6713.21,81763.95999999999
2018,12-36,23.0,0.050253937319409504,0.3744646855437505,4807.5599999999995,95665.34000000001
2018,12-36,23.0,0.0599837257041407,0.3814344557976803,324.35,5407.3
2018,12-36,23.0,0.22675931292156307,0.3889257624362472,2206.74,9731.64
2018,12-36,23.0,0.05271864434817671,0.3980705651823913,254.95,4836.05
2018,12-36,23.0,0.012814703305801891,0.3742080840921156,360.0,28092.730000000003
2018,12-36,23.0,0.06823016768282551,0.39214195953012193,2258.54,33101.78
2018,12-36,23.0,0.1280360683151122,0.3814344557976803,8416.2,65733.04
2018,12-36,23.0,0.18627411816402348,0.3814344557976803,279.78,1501.98
2018,12-36,24.0,0.08545338007327515,0.3924734168366414,215.98,2527.46
2018,12-36,24.0,0.03313798266369865,0.380622669475933,425.61,12843.57
2018,12-36,24.0,0.6937657744992977,0.3739782967714899,15000.0,21621.13
2018,12-36,24.0,0.049360647308218444,0.3814344557976803,203.51,4122.92
2018,12-36,24.0,0.20894230847174597,0.3744646855437505,2062.06,9869.04
2018,12-36,24.0,0.5694038179339427,0.3814344557976803,7000.0,12293.56
2018,12-36,24.0,0.3551687110572307,0.3889257624362472,3000.0,8446.69
2018,12-36,24.0,0.01947696848476676,0.3980705651823913,441.9999999999999,22693.47
2018,12-36,24.0,0.030416464678979786,0.3742080840921156,791.83,26032.94
2018,12-36,24.0,0.10358642033359268,0.3814344557976803,4846.56,46787.6
2018,12-36,24.0,0.07726166470641196,0.3814344557976803,540.63,6997.389999999999
2018,12-36,25.0,0.18769261093382672,0.3924734168366414,2609.13,13901.08
2018,12-36,25.0,0.2554823568326173,0.4073831065267262,648.8,2539.51
2018,12-36,25.0,0.6702376930954794,0.3814344557976803,2500.0,3730.02
2018,12-36,25.0,0.12737282535157765,0.3739782967714899,3245.75,25482.28
2018,12-36,25.0,0.2793995683176166,0.3814344557976803,13900.0,49749.54
2018,12-36,25.0,0.4166859719841233,0.3814344557976803,1349.0,3237.45
2018,12-36,25.0,0.17516509310024697,0.3744646855437505,700.0,3996.2300000000005
2018,12-36,25.0,0.4892500623967823,0.3980705651823913,10232.44,20914.54
2018,12-36,25.0,0.019417074865653115,0.3742080840921156,583.14,30032.33
2018,12-36,25.0,0.274376497917212,0.39214195953012193,4318.28,15738.52
2018,12-36,25.0,0.07266572789047782,0.3814344557976803,9469.18,130311.5
2018,12-36,26.0,0.46775299013910243,0.3924734168366414,6237.72,13335.5
2018,12-36,26.0,0.24170416815731166,0.380622669475933,1155.3,4779.81
2018,12-36,26.0,0.015018972896610373,0.3877775157114837,344.03,22906.36
2018,12-36,26.0,0.15959269150335126,0.3739782967714899,5509.8099999999995,34524.2
2018,12-36,26.0,0.9833548322620884,0.3814344557976803,10626.86,10806.74
2018,12-36,26.0,0.9537561779556426,0.3814344557976803,5000.0,5242.43
2018,12-36,26.0,0.3681195457476002,0.3744646855437505,12361.62,33580.45
2018,12-36,26.0,0.012836595031039101,0.3980705651823913,75.93,5915.12
2018,12-36,26.0,0.03905895893368162,0.3742080840921156,2074.21,53104.590000000004
2018,12-36,26.0,0.0,0.39214195953012193,0.0,13305.06
2018,12-36,26.0,0.460741794288805,0.3771717187613513,2300.0,4991.95
2018,12-36,26.0,0.16977521419545238,0.3814344557976803,16278.0,95879.72
2018,12-36,26.0,0.10612969839769577,0.3814344557976803,473.85,4464.82
2018,12-36,26.0,0.1734330121252817,0.3814344557976803,986.65,5688.94
2018,12-36,27.0,0.03675548935380301,0.3814344557976803,815.78,22194.78
2018,12-36,27.0,0.13894429116268533,0.3744646855437505,9038.95,65054.49
2018,12-36,27.0,0.03156895629570939,0.3742080840921156,269.74,8544.47
2018,12-36,27.0,0.11111474837414342,0.3771717187613513,305.49,2749.32
2018,12-36,27.0,0.13357522692840687,0.3814344557976803,19949.75,149352.16999999998
2018,12-36,28.0,0.19829635106385993,0.3924734168366414,700.0,3530.07
2018,12-36,28.0,0.14287694517797483,0.380622669475933,1020.43,7142.02
2018,12-36,28.0,0.05969322594156954,0.3739782967714899,3484.41,58371.95
2018,12-36,28.0,0.7782498990945597,0.3814344557976803,10200.0,13106.33
2018,12-36,28.0,0.2813178066063334,0.3744646855437505,25919.79,92137.04
2018,12-36,28.0,0.0513030838856624,0.39214195953012193,397.78,7753.530000000001
2018,12-36,28.0,0.09901550674494172,0.3814344557976803,1166.47,11780.68
2018,12-36,29.0,0.037518738808118346,0.3814344557976803,200.72,5349.86
2018,12-36,29.0,0.0431996297192181,0.3814344557976803,701.87,16247.130000000001
2018,12-36,29.0,0.06594356796116504,0.380622669475933,217.35,3296.0
2018,12-36,29.0,0.015538773537608231,0.3877775157114837,344.03,22140.1
2018,12-36,29.0,0.4685899289480996,0.3739782967714899,24000.0,51217.49
2018,12-36,29.0,0.05795142858964187,0.3814344557976803,1000.0,17255.83
2018,12-36,29.0,0.13110647301800243,0.3744646855437505,15487.98,118132.84
2018,12-36,29.0,0.020575582010140307,0.3771717187613513,406.67,19764.69
2018,12-36,29.0,0.36417739280606604,0.3814344557976803,18894.47,51882.6
2018,12-36,29.0,0.11875759279070189,0.3814344557976803,327.48,2757.55
2018,12-36,30.0,0.04362200907879161,0.3814344557976803,467.99,10728.3
2018,12-36,30.0,0.11369042736444919,0.3924734168366414,693.0,6095.5
2018,12-36,30.0,0.15121958596077364,0.3814344557976803,700.0,4629.03
2018,12-36,30.0,0.6298729089131593,0.380622669475933,6004.78,9533.32
2018,12-36,30.0,0.16821650136591798,0.3814344557976803,500.0,2972.36
2018,12-36,30.0,0.15824511345280914,0.3739782967714899,4480.0599999999995,28310.89
2018,12-36,30.0,0.13249448215471146,0.3744646855437505,1401.1,10574.78
2018,12-36,30.0,0.04325311870924814,0.3814344557976803,230.12,5320.31
2018,12-36,30.0,0.9882497109369596,0.3889257624362472,1000.0,1011.89
2018,12-36,30.0,0.02287618467729126,0.3742080840921156,1175.21,51372.64
2018,12-36,30.0,0.11560759003709775,0.39214195953012193,8772.06,75877.89
2018,12-36,30.0,0.07709597938096911,0.3771717187613513,502.83000000000004,6522.13
2018,12-36,30.0,0.20532318823583018,0.3814344557976803,2748.68,13387.09
2018,12-36,30.0,0.047551036387802205,0.3814344557976803,479.76,10089.37
2018,12-36,31.0,0.09474155923763361,0.3814344557976803,1000.0,10555.03
2018,12-36,31.0,0.19105228660194404,0.3814344557976803,1300.0,6804.42
2018,12-36,31.0,0.076721738098583,0.3739782967714899,562.5,7331.6900000000005
2018,12-36,31.0,0.03272336972172046,0.3814344557976803,250.0,7639.8
2018,12-36,31.0,0.20494197068100167,0.3744646855437505,1000.0,4879.43
2018,12-36,31.0,0.3397585997231529,0.3889257624362472,1050.52,3091.96
2018,12-36,31.0,0.11703692464607383,0.3980705651823913,555.38,4745.34
2018,12-36,31.0,0.13656727175950056,0.39214195953012193,246.31,1803.58
2018,12-36,31.0,0.11298623074426385,0.3814344557976803,2896.2799999999997,25633.92
2018,12-36,32.0,0.07464369842085558,0.3814344557976803,321.0,4300.43
2018,12-36,32.0,0.03862759031033156,0.3924734168366414,588.1800000000001,15226.94
2018,12-36,32.0,0.22229162660786314,0.3739782967714899,4000.0,17994.379999999997
2018,12-36,32.0,0.03218686429169276,0.3814344557976803,290.34,9020.449999999999
2018,12-36,32.0,0.15106459296091398,0.3744646855437505,3979.91,26345.75
2018,12-36,32.0,0.08432129787341687,0.3980705651823913,3000.0,35578.2
2018,12-36,32.0,0.03770553455348704,0.3742080840921156,1808.69,47968.82
2018,12-36,32.0,0.10686015478693421,0.39214195953012193,400.0,3743.21
2018,12-36,32.0,0.20389274269035165,0.3814344557976803,16350.0,80189.22
2018,12-36,32.0,0.544174745394241,0.3814344557976803,4000.0,7350.58
2018,12-36,32.0,0.09886808272778087,0.3814344557976803,283.0,2862.4
2018,12-36,33.0,0.21780741979762472,0.4073831065267262,921.92,4232.73
2018,12-36,33.0,0.016301386349916652,0.3877775157114837,344.03,21104.34
2018,12-36,33.0,0.20204632518143759,0.3739782967714899,1000.0,4949.360000000001
2018,12-36,33.0,0.13452706538005058,0.3814344557976803,469.26,3488.22
2018,12-36,33.0,0.21356307202883434,0.3744646855437505,4038.64,18910.760000000002
2018,12-36,33.0,0.17649093334650923,0.3889257624362472,214.32,1214.34
2018,12-36,33.0,0.030285978379445754,0.3980705651823913,1500.0,49527.87
2018,12-36,33.0,0.3320494089520521,0.39214195953012193,900.0,2710.4399999999996
2018,12-36,33.0,0.6739759356892162,0.3771717187613513,4000.0,5934.93
2018,12-36,33.0,0.34946264286142126,0.3814344557976803,15110.880000000001,43240.33
2018,12-36,33.0,0.1505082356079298,0.3814344557976803,157.99,1049.71
2018,12-36,34.0,0.26244988395318447,0.3814344557976803,12118.71,46175.33
2018,12-36,34.0,0.0,0.380622669475933,0.0,3315.99
2018,12-36,34.0,0.07851780488248232,0.3877775157114837,172.78,2200.52
2018,12-36,34.0,0.22908930130053998,0.3814344557976803,2000.0,8730.22
2018,12-36,34.0,0.9109496143646634,0.3739782967714899,4500.0,4939.9
2018,12-36,34.0,0.09489407501599886,0.3814344557976803,456.71,4812.84
2018,12-36,34.0,0.08772765411278098,0.3744646855437505,2094.26,23872.29
2018,12-36,34.0,0.2117157693277007,0.3889257624362472,848.47,4007.59
2018,12-36,34.0,0.0452894479876123,0.3980705651823913,110.85,2447.59
2018,12-36,34.0,0.11205067678608778,0.3742080840921156,150.0,1338.68
2018,12-36,34.0,0.22508901528502823,0.39214195953012193,1820.0,8085.6900000000005
2018,12-36,34.0,0.11400542646955318,0.3814344557976803,1150.04,10087.59
2018,12-36,35.0,0.5885708594040041,0.4073831065267262,2600.0,4417.48
2018,12-36,35.0,0.13121098908922166,0.380622669475933,10100.0,76975.26
2018,12-36,35.0,0.08526885754670252,0.3739782967714899,752.27,8822.33
2018,12-36,35.0,0.554325773561617,0.3814344557976803,1500.0,2705.99
2018,12-36,35.0,0.029210195437079103,0.3744646855437505,869.1,29753.309999999998
2018,12-36,35.0,0.312761539105327,0.3889257624362472,2391.7,7647.04
2018,12-36,35.0,0.04696572804011497,0.3980705651823913,154.73,3294.53
2018,12-36,35.0,0.7937051334712633,0.39214195953012193,25139.11,31673.109999999997
2018,12-36,35.0,0.10432808076860556,0.3814344557976803,2477.36,23745.86
2018,12-36,36.0,0.015065670281905452,0.3924734168366414,557.9,37031.21
2018,12-36,36.0,0.1232201870811027,0.4073831065267262,1500.0,12173.33
2018,12-36,36.0,0.05059310455963571,0.380622669475933,426.98,8439.49
2018,12-36,36.0,0.0931398040538332,0.3877775157114837,626.87,6730.42
2018,12-36,36.0,0.4146331851053907,0.3814344557976803,20200.0,48717.76
2018,12-36,36.0,0.7201677702837653,0.3739782967714899,15000.0,20828.48
2018,12-36,36.0,0.11593315757866644,0.3814344557976803,1000.0,8625.66
2018,12-36,36.0,0.07292117334108936,0.3744646855437505,3610.32,49509.9
2018,12-36,36.0,0.20617068871318567,0.3889257624362472,3000.0,14551.05
2018,12-36,36.0,0.35254654325615375,0.3980705651823913,1834.0,5202.15
2018,12-36,36.0,0.031956267022946606,0.39214195953012193,663.02,20747.73
2018,12-36,36.0,0.5437358349829303,0.3814344557976803,758.12,1394.28
2018,36-60,37.0,0.01755172264830593,0.3814344557976803,422.55,24074.56
2018,36-60,37.0,0.17128058500312873,0.3814344557976803,1500.0,8757.56
2018,36-60,37.0,0.09751536891263034,0.380622669475933,415.12,4256.97
2018,36-60,37.0,0.10311327796812388,0.3739782967714899,660.29,6403.54
2018,36-60,37.0,0.05107964962314117,0.3814344557976803,501.5,9818.0
2018,36-60,37.0,0.22577993439692257,0.3744646855437505,848.7,3758.9700000000003
2018,36-60,37.0,0.0,0.3980705651823913,0.0,2521.3
2018,36-60,37.0,0.06900618218712266,0.39214195953012193,2325.4,33698.43
2018,36-60,37.0,0.7330956185403161,0.3814344557976803,32634.14,44515.53
2018,36-60,38.0,0.13762676408020103,0.3814344557976803,2100.0,15258.66
2018,36-60,38.0,0.10300332291541733,0.3924734168366414,292.0,2834.86
2018,36-60,38.0,0.24602896172798855,0.380622669475933,1367.5199999999998,5558.37
2018,36-60,38.0,0.11772852760265202,0.3739782967714899,383.37,3256.39
2018,36-60,38.0,0.195207315910889,0.3814344557976803,1700.0,8708.69
2018,36-60,38.0,0.05947315057584003,0.3744646855437505,1870.0,31442.760000000002
2018,36-60,38.0,0.15933334926666826,0.3889257624362472,200.0,1255.23
2018,36-60,38.0,0.17381509075057464,0.3742080840921156,877.21,5046.8
2018,36-60,38.0,0.18562739662582328,0.39214195953012193,545.08,2936.42
2018,36-60,38.0,0.3243972698725768,0.3771717187613513,3000.0,9247.92
2018,36-60,38.0,0.3141114985744218,0.3814344557976803,6914.26,22012.12
2018,36-60,39.0,0.300895163110253,0.380622669475933,9000.0,29910.75
2018,36-60,39.0,0.1103848280027764,0.3739782967714899,5000.0,45296.08
2018,36-60,39.0,0.0,0.3814344557976803,0.0,177930.11
2018,36-60,39.0,0.2812373882608702,0.3814344557976803,2000.0,7111.43
2018,36-60,39.0,0.07793916230223809,0.39214195953012193,2116.3,27153.23
2018,36-60,39.0,0.7692711472638383,0.3814344557976803,8500.0,11049.42
2018,36-60,40.0,0.017592983683533892,0.380622669475933,1200.0,68209.01
2018,36-60,40.0,0.05759519038076153,0.3877775157114837,129.33,2245.5
2018,36-60,40.0,0.5261736302823448,0.3814344557976803,3000.0,5701.54
2018,36-60,40.0,0.06198699401899267,0.3744646855437505,2075.8,33487.67
2018,36-60,40.0,0.005725759481914961,0.39214195953012193,250.0,43662.329999999994
2018,36-60,40.0,0.019881413156623184,0.3771717187613513,914.68,46006.79
2018,36-60,40.0,0.17196643801108402,0.3814344557976803,532.47,3096.3599999999997
2018,36-60,41.0,0.43369272003400144,0.3814344557976803,500.0,1152.89
2018,36-60,41.0,0.5921490501392612,0.3924734168366414,7945.0,13417.23
2018,36-60,41.0,0.42101124079080704,0.3739782967714899,5380.25,12779.35
2018,36-60,41.0,0.3631012184587588,0.3814344557976803,10000.0,27540.53
2018,36-60,41.0,0.2848871053296205,0.3744646855437505,21939.739999999998,77012.04999999999
2018,36-60,41.0,0.795595582853324,0.3814344557976803,3000.0,3770.76
2018,36-60,41.0,0.04953933822764802,0.3980705651823913,119.1,2404.15
2018,36-60,41.0,0.05901079264593071,0.3742080840921156,390.01,6609.129999999999
2018,36-60,41.0,0.16576542794044688,0.39214195953012193,999.05,6026.89
2018,36-60,42.0,0.11472607662871968,0.3924734168366414,1675.9299999999998,14608.099999999999
2018,36-60,42.0,0.6549860815457672,0.3739782967714899,1000.0,1526.75
2018,36-60,42.0,0.09160353478053798,0.3742080840921156,1917.6,20933.69
2018,36-60,42.0,0.04875540971378697,0.39214195953012193,753.0,15444.44
2018,36-60,42.0,0.06732850587946176,0.3771717187613513,200.0,2970.51
2018,36-60,42.0,0.10406333815498595,0.3814344557976803,1258.26,12091.289999999999
2018,36-60,43.0,0.11004913693964356,0.380622669475933,1600.0,14538.96
2018,36-60,43.0,0.0,0.3739782967714899,0.0,1249.38
2018,36-60,43.0,0.5234787351040556,0.3814344557976803,11000.0,21013.27
2018,36-60,43.0,0.026975818758604934,0.3744646855437505,769.82,28537.41
2018,36-60,43.0,0.6068874442270439,0.3889257624362472,10000.0,16477.52
2018,36-60,43.0,0.042995707491475674,0.3742080840921156,194.82,4531.15
2018,36-60,43.0,0.14098064516129033,0.3814344557976803,218.52,1550.0
2018,36-60,43.0,0.2252084469910521,0.3814344557976803,6675.049999999999,29639.43
2018,36-60,44.0,0.040963599702854715,0.3924734168366414,92.64,2261.52
2018,36-60,44.0,0.211219778930206,0.3744646855437505,1691.9,8010.139999999999
2018,36-60,44.0,0.7130412874673486,0.3980705651823913,3000.0,4207.33
2018,36-60,44.0,0.06810075336483916,0.3742080840921156,166.87,2450.34
2018,36-60,44.0,0.15701511343610508,0.39214195953012193,1610.0,10253.79
2018,36-60,44.0,0.7014148521831983,0.3814344557976803,10247.18,14609.300000000001
2018,36-60,45.0,0.0,0.3814344557976803,0.0,44884.92
2018,36-60,45.0,0.00905908356951748,0.380622669475933,1200.0,132463.73
2018,36-60,45.0,0.7333233112480796,0.3851306363008118,2000.0,2727.31
2018,36-60,45.0,0.610681695252386,0.3877775157114837,700.0,1146.26
2018,36-60,45.0,0.19371507782566147,0.3739782967714899,770.0,3974.91
2018,36-60,45.0,0.39295778289082495,0.3814344557976803,3800.0,9670.25
2018,36-60,46.0,0.10181168489522459,0.3814344557976803,1476.47,14501.97
2018,36-60,46.0,0.2608571873269933,0.3980705651823913,2648.05,10151.34
2018,36-60,46.0,0.157439817129795,0.3742080840921156,308.56,1959.86
2018,36-60,46.0,0.20385822068467824,0.3814344557976803,4000.0,19621.48
2018,36-60,47.0,0.4437776881055586,0.3924734168366414,1022.77,2304.69
2018,36-60,47.0,0.1725086890260616,0.380622669475933,314.68,1824.14
2018,36-60,47.0,0.015252058591467974,0.3739782967714899,312.77,20506.74
2018,36-60,47.0,0.7078643731860975,0.3889257624362472,4000.0,5650.8
2018,36-60,47.0,0.2735066841264588,0.3742080840921156,950.34,3474.65
2018,36-60,47.0,0.39642425323581293,0.39214195953012193,1000.0,2522.55
2018,36-60,47.0,0.22479268494630825,0.3814344557976803,3000.0,13345.630000000001
2018,36-60,48.0,0.09131942926196013,0.380622669475933,5576.21,61062.69
2018,36-60,48.0,0.825284264580022,0.3739782967714899,2700.0,3271.6
2018,36-60,48.0,0.19446564885496187,0.3814344557976803,213.99,1100.3999999999999
2018,36-60,48.0,0.04995047979575667,0.3744646855437505,453.91,9087.2
2018,36-60,48.0,0.04608761832847256,0.3742080840921156,385.74,8369.71
2018,36-60,48.0,0.8191987417107328,0.39214195953012193,10000.0,12207.05
2018,36-60,48.0,0.20716269149083388,0.3814344557976803,5000.0,24135.62
2018,36-60,48.0,0.11348912868721452,0.3814344557976803,120.0,1057.37
2018,36-60,49.0,0.08823892748524939,0.3744646855437505,150.0,1699.93
2018,36-60,49.0,0.35371122661747717,0.3814344557976803,6000.0,16962.99
2018,36-60,49.0,0.0,0.3889257624362472,0.0,2295.86
2018,36-60,49.0,0.01631142698146787,0.3980705651823913,902.5,55329.31
2018,36-60,49.0,0.03361348915016798,0.3742080840921156,2065.0,61433.67
2018,36-60,49.0,0.4693061051807485,0.3814344557976803,20477.36,43633.270000000004
2018,36-60,50.0,0.49790547762412785,0.3744646855437505,3000.0,6025.24
2018,36-60,50.0,0.014360471957055535,0.3889257624362472,818.95,57028.07
2018,36-60,50.0,0.3500335314288606,0.3742080840921156,29046.43,82981.85
2018,36-60,50.0,0.0,0.3814344557976803,0.0,3168.5299999999997
2018,36-60,51.0,0.016305441472551786,0.3739782967714899,312.77,19181.94
2018,36-60,51.0,0.5122509369080813,0.39214195953012193,20164.0,39363.520000000004
2018,36-60,51.0,0.03509365217762082,0.3814344557976803,477.36,13602.46
2018,36-60,52.0,0.011003393054684967,0.380622669475933,85.84,7801.23
2018,36-60,52.0,0.35902517484526014,0.3744646855437505,1000.0,2785.32
2018,36-60,52.0,0.38312904041500534,0.3980705651823913,1500.0,3915.13
2018,36-60,52.0,0.07733151194810199,0.3742080840921156,3508.69,45372.06
2018,36-60,52.0,0.12875358811407359,0.3814344557976803,1132.12,8792.92
2018,36-60,53.0,0.2910383754470713,0.3851306363008118,10000.0,34359.73
2018,36-60,53.0,0.027312756709499696,0.3744646855437505,1059.7,38798.72
2018,36-60,53.0,0.0,0.3814344557976803,0.0,1151.38
2018,36-60,54.0,0.7725349647689054,0.3924734168366414,12183.0,15770.16
2018,36-60,54.0,0.06489001143062509,0.4073831065267262,1300.0,20033.9
2018,36-60,54.0,0.02912030723519862,0.3814344557976803,1089.46,37412.38
2018,36-60,54.0,0.03591760501409766,0.3739782967714899,100.0,2784.15
2018,36-60,54.0,0.07145968256272782,0.3814344557976803,275.63,3857.14
2018,36-60,54.0,0.07375937002858336,0.3744646855437505,453.91,6153.93
2018,36-60,54.0,0.11272686237275471,0.3980705651823913,289.69,2569.84
2018,36-60,54.0,0.011252987382347942,0.39214195953012193,209.86,18649.27
2018,36-60,55.0,0.9698500959902916,0.380622669475933,3900.0,4021.24
2018,36-60,55.0,0.0,0.3877775157114837,0.0,3947.59
2018,36-60,55.0,0.027470332756856702,0.3980705651823913,498.6,18150.49
2018,36-60,55.0,0.3960911787157892,0.3742080840921156,1266.05,3196.36
2018,36-60,55.0,0.06684479024858171,0.39214195953012193,275.95,4128.22
2018,36-60,55.0,0.09095686623276873,0.3814344557976803,900.0,9894.8
2018,36-60,56.0,0.048328591950506365,0.3814344557976803,1283.46,26556.95
2018,36-60,56.0,0.05324739254001278,0.3814344557976803,978.94,18384.75
2018,36-60,56.0,0.2997280080166058,0.3744646855437505,670.0,2235.36
2018,36-60,56.0,0.2883764406392013,0.3742080840921156,290.0,1005.63
2018,36-60,56.0,0.3405647980561823,0.3771717187613513,3434.0,10083.25
2018,36-60,56.0,0.6193245887722494,0.3814344557976803,8200.0,13240.230000000001
2018,36-60,57.0,0.23126936592289984,0.3814344557976803,668.01,2888.45
2018,36-60,57.0,0.048002585739285154,0.3744646855437505,1800.0,37497.98
2018,36-60,58.0,0.04040494918758837,0.380622669475933,1782.91,44126.03
2018,36-60,58.0,0.7633616922201993,0.3744646855437505,2000.0,2619.99
2018,36-60,58.0,0.04576758033565865,0.3889257624362472,3982.12,87007.44
2018,36-60,58.0,0.026255076720618963,0.39214195953012193,509.15,19392.44
2018,36-60,59.0,0.02346720526510217,0.380622669475933,1200.0,51135.19
2018,36-60,59.0,0.4012572727880693,0.3814344557976803,1500.0,3738.25
2018,36-60,59.0,0.09540235054784994,0.39214195953012193,275.75,2890.39
2018,36-60,59.0,0.011415544937953333,0.3771717187613513,144.62,12668.69
2018,36-60,60.0,0.032350528535897205,0.380622669475933,590.38,18249.47
2018,36-60,60.0,0.046257211972574326,0.3814344557976803,3370.85,72871.88
2018,36-60,60.0,0.01727629206560516,0.3889257624362472,2271.58,131485.39
2018,36-60,60.0,0.283188246555015,0.3814344557976803,8000.0,28249.76
2018,60-120,61.0,0.016898233353502753,0.380622669475933,295.19,17468.69
2018,60-120,61.0,0.6562371405675838,0.3739782967714899,9999.0,15236.87
2018,60-120,61.0,0.013070139071507777,0.3742080840921156,500.0,38255.14
2018,60-120,61.0,0.6027146266785602,0.39214195953012193,1500.0,2488.74
2018,60-120,61.0,0.4960196079857834,0.3814344557976803,30000.0,60481.48
2018,60-120,62.0,0.11438041400626298,0.3739782967714899,225.0,1967.12
2018,60-120,62.0,0.0,0.3980705651823913,0.0,2934.64
2018,60-120,63.0,0.19406737268751098,0.3744646855437505,453.91,2338.93
2018,60-120,63.0,0.020864003558190347,0.3814344557976803,547.9,26260.54
2018,60-120,63.0,0.1726457466194684,0.3980705651823913,576.97,3341.93
2018,60-120,63.0,0.974725371126685,0.3814344557976803,30000.0,30777.9
2018,60-120,64.0,0.01451467723358432,0.3814344557976803,737.09,50782.39
2018,60-120,65.0,0.01967027742279556,0.3739782967714899,312.77,15900.64
2018,60-120,65.0,0.019124509382778525,0.3814344557976803,130.0,6797.56
2018,60-120,66.0,0.02579464717380591,0.3814344557976803,606.63,23517.67
2018,60-120,66.0,0.07398529172400527,0.3744646855437505,450.0,6082.29
2018,60-120,66.0,0.4533831450282005,0.3742080840921156,500.0,1102.82
2018,60-120,66.0,0.023303276559427065,0.3814344557976803,69.08,2964.39
2018,60-120,67.0,0.027206843428016925,0.380622669475933,1200.0,44106.55
2018,60-120,68.0,0.04163796446248944,0.3744646855437505,365.09,8768.2
2018,60-120,69.0,0.0695735420168535,0.3814344557976803,1500.0,21559.92
2018,60-120,70.0,0.9452184470722567,0.39214195953012193,20000.0,21159.13
2019,0-12,1.0,0.04978911041613276,0.4686572588075091,716.89,14398.53
2019,0-12,1.0,0.0,0.4686572588075091,0.0,14765.62
2019,0-12,1.0,0.4256471458129293,0.4818003968505933,10500.0,24668.32
2019,0-12,1.0,0.04954946330697588,0.4664753513490616,284.68,5745.37
2019,0-12,1.0,0.6165785644406809,0.4686572588075091,3000.0,4865.56
2019,0-12,1.0,0.45321747583925964,0.4686572588075091,8000.0,17651.57
2019,0-12,1.0,0.6286101005224408,0.44982759674294526,729.15,1159.94
2019,0-12,2.0,0.954034612375737,0.3765210694236131,4000.0,4192.72
2019,0-12,2.0,0.03520500856108432,0.3765210694236131,161.61,4590.54
2019,0-12,2.0,0.24719910207261322,0.3787523337845344,1929.3,7804.639999999999
2019,0-12,2.0,0.29247320833692536,0.36721146015684814,17879.440000000002,61131.89
2019,0-12,2.0,0.2838806196830047,0.3765210694236131,4000.0,14090.43
2019,0-12,2.0,0.2993265558109198,0.3765210694236131,9704.14,32419.910000000003
2019,0-12,2.0,0.01106275351475237,0.3531211706024866,517.35,46765.03
2019,0-12,2.0,0.9755899693167761,0.372258332387284,1214.59,1244.98
2019,0-12,2.0,0.2038841176632378,0.3851551568005773,11860.51,58172.8
2019,0-12,2.0,0.7484725813108536,0.3765210694236131,3500.0,4676.19
2019,0-12,2.0,0.0,0.3765210694236131,0.0,4942.58
2019,0-12,3.0,0.30057803468208094,0.3641191774384434,332.8,1107.2
2019,0-12,3.0,0.5170010629541855,0.3641191774384434,5000.0,9671.16
2019,0-12,3.0,0.015396923442895213,0.36705272748154466,1688.03,109634.23999999999
2019,0-12,3.0,0.03978601753568723,0.3606667912733205,1200.0,30161.35
2019,0-12,3.0,0.024961148176057473,0.361937269979996,244.45999999999998,9793.619999999999
2019,0-12,3.0,0.08765223373918786,0.3571494071845136,11445.74,130581.27
2019,0-12,3.0,0.28120788911860445,0.3641191774384434,2500.0,8890.220000000001
2019,0-12,3.0,0.6238245221437796,0.3641191774384434,4700.0,7534.17
2019,0-12,3.0,0.11422906098661441,0.3498642269776399,2982.37,26108.68
2019,0-12,3.0,0.16333799648007633,0.3484115062079301,1013.46,6204.68
2019,0-12,3.0,0.17617286186460518,0.37275326481540766,14951.56,84868.69
2019,0-12,4.0,0.0381240177264541,0.37010771163182793,169.56,4447.59
2019,0-12,4.0,0.27770539231370095,0.37010771163182793,3480.54,12533.21
2019,0-12,4.0,0.02356224336227614,0.37516957058278805,221.38,9395.54
2019,0-12,4.0,0.045430888825592854,0.37010771163182793,2861.44,62984.46
2019,0-12,4.0,0.01333069561441809,0.3738038921349593,878.7,65915.54
2019,0-12,4.0,0.16232300568119784,0.369581748468638,16027.16,98736.22
2019,0-12,4.0,0.7709238365795651,0.36665532546670504,10000.0,12971.45
2019,0-12,4.0,0.05780442581971843,0.36792580417338044,1217.73,21066.38
2019,0-12,4.0,0.021506451017446457,0.3631379413778981,3584.96,166692.31
2019,0-12,4.0,0.2592782729992792,0.38679468531693706,1000.0,3856.86
2019,0-12,4.0,0.23028885934110263,0.35585276117102443,4475.36,19433.68
2019,0-12,4.0,0.24055821051633894,0.3512234001884793,10000.0,41569.98
2019,0-12,4.0,0.03650686069479864,0.36227919784390017,553.72,15167.56
2019,0-12,4.0,0.17897844054137854,0.3787417990087922,6378.55,35638.65
2019,0-12,5.0,0.034575579730355195,0.3755901202033077,924.82,26747.78
2019,0-12,5.0,0.023286269654963367,0.3755901202033077,237.38,10193.99
2019,0-12,5.0,0.07780109461711648,0.3806519791542678,752.98,9678.27
2019,0-12,5.0,0.5134501343390931,0.3719648171333921,50000.0,97380.44
2019,0-12,5.0,0.3226141895158118,0.37928630070643904,573.95,1779.06
2019,0-12,5.0,0.2396753441551948,0.38626436668610853,719.05,3000.1
2019,0-12,5.0,0.36838816914027045,0.37117350607081634,5000.0,13572.64
2019,0-12,5.0,0.07745912695550908,0.37213773403818473,1160.0,14975.64
2019,0-12,5.0,0.5045628948330468,0.3686203499493778,7383.95,14634.35
2019,0-12,5.0,0.10824256292410789,0.3755901202033077,1000.0,9238.51
2019,0-12,5.0,0.24920033758835322,0.3755901202033077,2362.17,9479.0
2019,0-12,5.0,0.03626951020176656,0.3613351697425042,70.34,1939.37
2019,0-12,5.0,0.4886055574058733,0.35676491900003837,6410.93,13120.869999999999
2019,0-12,5.0,0.06855085456456063,0.3677616064153799,2274.08,33173.62
2019,0-12,5.0,0.4428740521889086,0.3755901202033077,17196.33,38828.94
2019,0-12,5.0,0.40566387907971097,0.3755901202033077,2000.0,4930.19
2019,0-12,5.0,0.0896079707991443,0.3755901202033077,395.0,4408.09
2019,0-12,6.0,0.29492304720390833,0.3746115307293195,2000.0,6781.43
2019,0-12,6.0,0.3405473043964921,0.3746115307293195,5160.0,15152.08
2019,0-12,6.0,0.12447883809471454,0.3746115307293195,7427.0,59664.76
2019,0-12,6.0,0.2623788151343355,0.370986227659404,15395.3,58675.85
2019,0-12,6.0,0.3114991486435392,0.37317030721487776,24550.93,78815.4
2019,0-12,6.0,0.6166132484873503,0.3711591445641966,9500.0,15406.74
2019,0-12,6.0,0.13700100346553212,0.3679954239500111,6321.24,46140.100000000006
2019,0-12,6.0,0.0,0.3746115307293195,0.0,69323.48
2019,0-12,6.0,0.34517434756295406,0.3821028373678864,3000.0,8691.26
2019,0-12,6.0,0.0,0.39124764011403046,0.0,2304.84
2019,0-12,6.0,0.049488592498747555,0.356820436544305,650.0,13134.34
2019,0-12,6.0,0.3828360131955445,0.3705707440875845,16520.89,43153.96
2019,0-12,6.0,0.3493481920218517,0.3667830169413918,19471.18,55735.74
2019,0-12,6.0,0.41386651590050205,0.3746115307293195,23483.32,56741.29
2019,0-12,6.0,0.12832577996715927,0.3746115307293195,488.44,3806.25
2019,0-12,7.0,0.49682331174470434,0.3710457539777207,15000.0,30191.82
2019,0-12,7.0,0.059555898765899784,0.3796141064351744,408.75,6863.3
2019,0-12,7.0,0.03378769781259132,0.3674204509078053,2175.03,64373.43
2019,0-12,7.0,0.06007505540809938,0.3710457539777207,156.4,2603.41
2019,0-12,7.0,0.11383917045852089,0.36960453046327907,3924.38,34473.020000000004
2019,0-12,7.0,0.5520073771751567,0.3675933678125978,1293.0,2342.36
2019,0-12,7.0,0.08231706449989051,0.3688638465192733,1157.75,14064.519999999999
2019,0-12,7.0,0.25618286168900156,0.3644296471984124,15121.57,59026.47
2019,0-12,7.0,0.825462127159225,0.3710457539777207,12103.0,14662.09
2019,0-12,7.0,0.32056432643606575,0.38768186336243177,15400.0,48040.28
2019,0-12,7.0,0.2759736450755464,0.356820436544305,24700.0,89501.3
2019,0-12,7.0,0.5384583693659019,0.36700496733598587,14115.53,26214.71
2019,0-12,7.0,0.4616742480820151,0.3667830169413918,1156.0,2503.93
2019,0-12,7.0,0.02307027029733207,0.3710457539777207,368.65,15979.44
2019,0-12,7.0,0.3010245117357189,0.3710457539777207,53011.44,176103.4
2019,0-12,7.0,0.025105847603189756,0.3710457539777207,296.13,11795.26
2019,0-12,8.0,0.0,0.35616771517869905,0.0,4988.26
2019,0-12,8.0,0.037178112498313244,0.3647360676361526,920.22,24751.66
2019,0-12,8.0,0.6852389256824123,0.3973289187815267,2000.0,2918.69
2019,0-12,8.0,0.1520229590674055,0.35254241210878356,1034.01,6801.67
2019,0-12,8.0,0.5816384872513569,0.3598638956818305,10000.0,17192.809999999998
2019,0-12,8.0,0.8139610601028847,0.361183894673369,1500.0,1842.84
2019,0-12,8.0,0.20961128599600692,0.35012392981130064,2738.06,13062.56
2019,0-12,8.0,0.21547534137745614,0.35616771517869905,3289.94,15268.29
2019,0-12,8.0,0.28581633414924035,0.3495516083993906,5665.599999999999,19822.52
2019,0-12,8.0,0.08838610635364887,0.35616771517869905,169.27,1915.12
2019,0-12,8.0,0.274962580185785,0.36365902181726595,20945.61,76176.22
2019,0-12,8.0,0.33917127057197843,0.37280382456341,20500.0,60441.44
2019,0-12,8.0,0.27730707750829453,0.3419423977452833,7045.1,25405.41
2019,0-12,8.0,0.20090284704915876,0.35916233726842384,16380.25,81533.19
2019,0-12,8.0,0.05723874166679264,0.35190497814237,189.32,3307.55
2019,0-12,8.0,0.32647834108996776,0.35616771517869905,44457.78,136173.75
2019,0-12,8.0,0.14623681456132667,0.35616771517869905,197.0,1347.13
2019,0-12,8.0,0.07362957310495345,0.35616771517869905,648.41,8806.38
2019,0-12,8.0,0.0760338353806762,0.35616771517869905,269.93,3550.13
2019,0-12,9.0,0.6542507324336949,0.3633672316152082,10000.0,15284.66
2019,0-12,9.0,0.254576502197191,0.3633672316152082,10400.0,40852.16
2019,0-12,9.0,0.02485270595857545,0.3719355840726617,220.95,8890.38
2019,0-12,9.0,0.032076195559707095,0.3633672316152082,307.68,9592.16
2019,0-12,9.0,0.23114936417550863,0.3597419285452926,899.95,3893.37
2019,0-12,9.0,0.025297594984372368,0.3633672316152082,109.51,4328.87
2019,0-12,9.0,0.14710129500811098,0.3573234462478097,9362.74,63648.25
2019,0-12,9.0,0.0918781561917888,0.3633672316152082,2901.2200000000003,31576.82
2019,0-12,9.0,0.15660690308281924,0.3633672316152082,13732.33,87686.62
2019,0-12,9.0,0.2646564309256546,0.3567511248358997,6261.66,23659.58
2019,0-12,9.0,0.5578430996551832,0.3633672316152082,8000.0,14340.95
2019,0-12,9.0,0.3582566514825556,0.38000334099991906,2000.0,5582.59
2019,0-12,9.0,0.35443492543929617,0.34914191418179236,20085.09,56667.92
2019,0-12,9.0,0.17402782146977072,0.36636185370493296,10450.0,60047.869999999995
2019,0-12,9.0,0.4275205054380608,0.35910449457887905,11000.0,25729.760000000002
2019,0-12,9.0,0.3087156249143193,0.3633672316152082,30964.1,100299.75
2019,0-12,9.0,0.15017004743718151,0.3633672316152082,409.32,2725.71
2019,0-12,10.0,0.18542063418440569,0.3597419285452926,339.8,1832.59
2019,0-12,10.0,0.3786060331628597,0.3573234462478097,5000.0,13206.34
2019,0-12,10.0,0.19929780371841244,0.3633672316152082,7532.6,37795.7
2019,0-12,10.0,0.34044059822221917,0.3633672316152082,3000.0,8812.11
2019,0-12,10.0,0.23380646497194174,0.3567511248358997,10297.8,44044.12
2019,0-12,10.0,0.03691751692133625,0.37085853825377496,514.23,13929.16
2019,0-12,10.0,0.3654209466595044,0.38000334099991906,5000.0,13682.85
2019,0-12,10.0,0.027385146218563236,0.34914191418179236,813.2,29694.93
2019,0-12,10.0,0.2648499970348726,0.36636185370493296,12639.01,47721.39
2019,0-12,10.0,0.5485558584318176,0.35910449457887905,9866.77,17986.809999999998
2019,0-12,10.0,0.47664513937317654,0.3633672316152082,39847.2,83599.3
2019,0-12,10.0,0.030782890673255094,0.3633672316152082,159.48,5180.8
2019,0-12,11.0,0.021970881778947918,0.3633672316152082,572.47,26055.85
2019,0-12,11.0,0.589961593653851,0.3719355840726617,8588.36,14557.49
2019,0-12,11.0,0.02868841934723283,0.3633672316152082,614.45,21418.05
2019,0-12,11.0,0.1645056287458197,0.36706341211833954,1550.0,9422.17
2019,0-12,11.0,0.06664568454182301,0.3633672316152082,137.64,2065.25
2019,0-12,11.0,0.3094227903613967,0.3573234462478097,22789.53,73651.75
2019,0-12,11.0,0.22401956973690912,0.3633672316152082,5850.0,26113.79
2019,0-12,11.0,0.2314482643694655,0.3633672316152082,500.0,2160.31
2019,0-12,11.0,0.2652951026218618,0.3567511248358997,9728.0,36668.6
2019,0-12,11.0,0.0,0.3633672316152082,0.0,10755.11
2019,0-12,11.0,0.20577455064013755,0.37085853825377496,2279.91,11079.65
2019,0-12,11.0,0.32647304638529046,0.38000334099991906,4000.0,12252.16
2019,0-12,11.0,0.07656277748179718,0.34914191418179236,206.94,2702.88
2019,0-12,11.0,0.3730559960650486,0.36636185370493296,13470.0,36107.18
2019,0-12,11.0,0.13921158839029427,0.35910449457887905,5250.94,37719.13
2019,0-12,11.0,0.310940250656136,0.3633672316152082,51707.979999999996,166295.55
2019,0-12,11.0,0.26644326239298094,0.3633672316152082,2057.7200000000003,7722.92
2019,0-12,12.0,0.05496065316875418,0.3633672316152082,580.8,10567.56
2019,0-12,12.0,0.023410284498167042,0.3719355840726617,1001.44,42777.78
2019,0-12,12.0,0.6961116981190713,0.3597419285452926,7167.89,10297.039999999999
2019,0-12,12.0,0.37195084838607145,0.3633672316152082,1100.0,2957.38
2019,0-12,12.0,0.49645528251428017,0.3573234462478097,5860.6,11804.89
2019,0-12,12.0,0.39534326816117116,0.3633672316152082,26662.29,67440.86
2019,0-12,12.0,0.02429431457824518,0.3633672316152082,264.0,10866.74
2019,0-12,12.0,0.3106968486462494,0.3567511248358997,5040.0,16221.6
2019,0-12,12.0,0.31414474407570137,0.3633672316152082,5000.0,15916.23
2019,0-12,12.0,0.2568310763711628,0.37085853825377496,8150.0,31732.92
2019,0-12,12.0,0.07521098437135156,0.38000334099991906,473.49,6295.49
2019,0-12,12.0,0.17447516744487543,0.36636185370493296,2807.37,16090.369999999999
2019,0-12,12.0,0.28461842524705133,0.35910449457887905,4464.24,15685.0
2019,0-12,12.0,0.2906587341027272,0.3633672316152082,27601.09,94960.47
2019,0-12,12.0,0.0,0.3633672316152082,0.0,1441.17
2019,12-36,13.0,0.13468229213554547,0.3633672316152082,254.33,1888.37
2019,12-36,13.0,0.4432321225093586,0.3633672316152082,2400.0,5414.77
2019,12-36,13.0,0.28409070729671654,0.3573234462478097,11838.52,41671.62
2019,12-36,13.0,0.3654735690329191,0.3633672316152082,18491.0,50594.63
2019,12-36,13.0,0.4250980554324463,0.3633672316152082,4728.71,11123.81
2019,12-36,13.0,0.06683986827047439,0.3633672316152082,296.12,4430.29
2019,12-36,13.0,0.17651239984686293,0.37085853825377496,2572.7,14575.18
2019,12-36,13.0,0.16155153218209192,0.38000334099991906,9111.13,56397.67
2019,12-36,13.0,0.09550847237184859,0.34914191418179236,11308.78,118406.04000000001
2019,12-36,13.0,0.02791748290196782,0.36636185370493296,1935.5900000000001,69332.54000000001
2019,12-36,13.0,0.294634055328764,0.35910449457887905,9853.98,33444.81
2019,12-36,13.0,0.29660733074077084,0.3633672316152082,45592.72,153714.07
2019,12-36,14.0,0.08666333590579002,0.3633672316152082,2000.0,23077.81
2019,12-36,14.0,0.0505309212366453,0.3719355840726617,495.01,9796.18
2019,12-36,14.0,0.5141652268038459,0.3633672316152082,49999.0,97243.06
2019,12-36,14.0,0.050258059745036485,0.4045284352180357,618.44,12305.29
2019,12-36,14.0,0.02427515572509944,0.368383411109878,247.35,10189.43
2019,12-36,14.0,0.20388656730050925,0.3633672316152082,2500.0,12261.72
2019,12-36,14.0,0.22933305330476983,0.3633672316152082,9980.43,43519.369999999995
2019,12-36,14.0,0.42879802949126256,0.3633672316152082,14860.0,34655.01
2019,12-36,14.0,0.08253416315709582,0.3567511248358997,2337.9700000000003,28327.3
2019,12-36,14.0,0.16382328701686605,0.3633672316152082,624.17,3810.02
2019,12-36,14.0,0.2116620511895603,0.37085853825377496,4635.6,21900.949999999997
2019,12-36,14.0,0.38819660494340646,0.38000334099991906,700.0,1803.21
2019,12-36,14.0,0.2939659855802433,0.34914191418179236,3831.0,13032.119999999999
2019,12-36,14.0,0.020912873194750527,0.36636185370493296,1573.65,75247.91
2019,12-36,14.0,0.5348462827618339,0.3633672316152082,6153.0,11504.24
2019,12-36,14.0,0.2596774130179708,0.3633672316152082,22472.26,86539.14
2019,12-36,15.0,0.9264201486405497,0.3633672316152082,13000.0,14032.51
2019,12-36,15.0,0.011425253352469758,0.3719355840726617,865.95,75792.63
2019,12-36,15.0,0.08072927598756123,0.3633672316152082,1000.0,12387.08
2019,12-36,15.0,0.07262562619428807,0.3633672316152082,225.0,3098.08
2019,12-36,15.0,0.1727188335126158,0.3573234462478097,7336.21,42474.87
2019,12-36,15.0,0.6216399481071744,0.3633672316152082,32646.0,52515.93
2019,12-36,15.0,0.11359742209583457,0.3633672316152082,3000.0,26409.050000000003
2019,12-36,15.0,0.5188034783402065,0.3567511248358997,46400.18,89436.91
2019,12-36,15.0,0.616509508117889,0.3633672316152082,4000.0,6488.14
2019,12-36,15.0,0.03381183171999701,0.38000334099991906,153.62,4543.38
2019,12-36,15.0,0.3010325416177489,0.34914191418179236,9500.0,31558.05
2019,12-36,15.0,0.1564017379309237,0.36636185370493296,8959.35,57284.21000000001
2019,12-36,15.0,0.07309150764390987,0.35910449457887905,1000.0,13681.48
2019,12-36,15.0,0.14949627660072853,0.3633672316152082,7179.91,48027.35
2019,12-36,15.0,0.21183953508283368,0.3633672316152082,4800.0,22658.66
2019,12-36,15.0,0.16209331943962024,0.3633672316152082,700.0,4318.5
2019,12-36,16.0,0.24281097408478472,0.3719355840726617,2000.0,8236.86
2019,12-36,16.0,0.3426132413850757,0.36706341211833954,10000.0,29187.43
2019,12-36,16.0,0.05601304533534287,0.3573234462478097,1079.27,19268.19
2019,12-36,16.0,0.07147110344414176,0.3633672316152082,1609.59,22520.85
2019,12-36,16.0,0.5972003248769768,0.3633672316152082,6000.0,10046.88
2019,12-36,16.0,0.08882236819788175,0.3567511248358997,7279.24,81952.78
2019,12-36,16.0,0.04243395850318221,0.3633672316152082,898.36,21170.780000000002
2019,12-36,16.0,0.2222664640855032,0.37085853825377496,4242.4,19087.0
2019,12-36,16.0,0.0964058361779482,0.38000334099991906,2500.0,25932.04
2019,12-36,16.0,0.12339621557161533,0.36636185370493296,4809.5599999999995,38976.560000000005
2019,12-36,16.0,0.29794663043602704,0.3633672316152082,34872.49,117042.74
2019,12-36,17.0,0.058534511642936694,0.3633672316152082,883.98,15101.86
2019,12-36,17.0,0.04567168430532458,0.3633672316152082,426.5,9338.39
2019,12-36,17.0,0.06829272461969246,0.3597419285452926,1438.24,21059.93
2019,12-36,17.0,0.21127132519938732,0.3633672316152082,3000.0,14199.75
2019,12-36,17.0,0.18817938969204484,0.3633672316152082,3694.78,19634.35
2019,12-36,17.0,0.01797233800409795,0.3633672316152082,650.31,36183.94
2019,12-36,17.0,0.4170807506659858,0.3567511248358997,43302.8,103823.54
2019,12-36,17.0,0.2921643198915486,0.37085853825377496,7000.0,23959.12
2019,12-36,17.0,0.8963334401727425,0.38000334099991906,2125.35,2371.16
2019,12-36,17.0,0.40968420630968305,0.34914191418179236,4500.0,10984.07
2019,12-36,17.0,0.6081837201381793,0.36636185370493296,1000.0,1644.24
2019,12-36,17.0,0.3829463832546323,0.35910449457887905,1441.1,3763.19
2019,12-36,17.0,0.2856075520944671,0.3633672316152082,16300.0,57071.32
2019,12-36,17.0,0.028891320593573182,0.3633672316152082,108.25,3746.8
2019,12-36,18.0,0.0,0.3719355840726617,0.0,6058.11
2019,12-36,18.0,0.3658019109491828,0.3633672316152082,6000.0,16402.32
2019,12-36,18.0,0.6480894525466878,0.3597419285452926,3200.0,4937.589999999999
2019,12-36,18.0,0.3234058625276551,0.3633672316152082,11730.82,36272.75
2019,12-36,18.0,0.18459724724983004,0.3567511248358997,5330.0,28873.67
2019,12-36,18.0,0.33542245619801997,0.37085853825377496,2000.0,5962.63
2019,12-36,18.0,0.074390444125449,0.34914191418179236,4481.110000000001,60237.71
2019,12-36,18.0,0.3099684606988292,0.36636185370493296,5344.47,17241.980000000003
2019,12-36,18.0,0.47809375853195235,0.3633672316152082,26336.77,55087.04
2019,12-36,18.0,0.3119140103619039,0.3633672316152082,572.54,1835.57
2019,12-36,19.0,0.02266510397055626,0.3633672316152082,213.69,9428.15
2019,12-36,19.0,0.038915913377965926,0.3633672316152082,599.53,15405.78
2019,12-36,19.0,0.9982670084732903,0.3597419285452926,2500.0,2504.34
2019,12-36,19.0,0.2293744357030484,0.3573234462478097,8000.0,34877.47
2019,12-36,19.0,0.25851457525061,0.3633672316152082,1300.0,5028.73
2019,12-36,19.0,0.8717390693182935,0.3633672316152082,40000.0,45885.29
2019,12-36,19.0,0.4134095452595163,0.3567511248358997,21380.38,51717.189999999995
2019,12-36,19.0,0.09296435320883593,0.3633672316152082,1071.3899999999999,11524.74
2019,12-36,19.0,0.05246493835755744,0.34914191418179236,3523.71,67163.14
2019,12-36,19.0,0.21211775717289452,0.36636185370493296,4000.0,18857.45
2019,12-36,19.0,0.39239405684504386,0.3633672316152082,48643.71,123966.48000000001
2019,12-36,20.0,0.5896921806816842,0.3597419285452926,1700.0,2882.86
2019,12-36,20.0,0.12784565812531798,0.368383411109878,316.62,2476.58
2019,12-36,20.0,0.1264335995415782,0.3573234462478097,4443.72,35146.67
2019,12-36,20.0,0.5081634971214032,0.3633672316152082,3400.0,6690.76
2019,12-36,20.0,0.24466268355817836,0.3633672316152082,2500.0,10218.15
2019,12-36,20.0,0.9992278093515041,0.3633672316152082,7621.76,7627.65
2019,12-36,20.0,0.015450915626776843,0.37085853825377496,438.59000000000003,28386.02
2019,12-36,20.0,0.8809899978268912,0.38000334099991906,9000.0,10215.78
2019,12-36,20.0,0.1825241531988756,0.36636185370493296,12904.6,70700.78
2019,12-36,20.0,0.5696317330429662,0.3633672316152082,19502.55,34237.12
2019,12-36,20.0,0.18422075541562966,0.3633672316152082,1000.0,5428.27
2019,12-36,21.0,0.12790314400329003,0.4045284352180357,1253.36,9799.289999999999
2019,12-36,21.0,0.5983910461550982,0.3597419285452926,2500.0,4177.87
2019,12-36,21.0,0.08180522312715463,0.3633672316152082,1200.0,14668.99
2019,12-36,21.0,0.6749878352995256,0.3573234462478097,43377.29,64263.81
2019,12-36,21.0,0.019597106702659493,0.3567511248358997,393.69,20089.19
2019,12-36,21.0,0.349200133333182,0.37085853825377496,9229.37,26430.030000000002
2019,12-36,21.0,0.5067359321986175,0.38000334099991906,17996.98,35515.5
2019,12-36,21.0,0.36679659417135757,0.34914191418179236,1500.0,4089.46
2019,12-36,21.0,0.1756394608473037,0.36636185370493296,2125.45,12101.21
2019,12-36,21.0,0.04802040675205335,0.35910449457887905,500.0,10412.24
2019,12-36,21.0,0.1929384782521225,0.3633672316152082,5274.61,27338.3
2019,12-36,21.0,0.32062688969473113,0.3633672316152082,1000.0,3118.89
2019,12-36,22.0,0.007362128262076384,0.3633672316152082,1190.78,161743.99
2019,12-36,22.0,0.1614817855722843,0.3633672316152082,9000.0,55733.84
2019,12-36,22.0,0.10943776046566983,0.3633672316152082,10800.0,98686.23
2019,12-36,22.0,0.8972955512086571,0.3597419285452926,1000.0,1114.46
2019,12-36,22.0,0.575762583147314,0.36706341211833954,20000.0,34736.54
2019,12-36,22.0,0.4453041097373194,0.3573234462478097,52000.0,116774.13
2019,12-36,22.0,0.7493068911257088,0.3633672316152082,6000.0,8007.4
2019,12-36,22.0,0.8250008250008249,0.3633672316152082,10000.0,12121.2
2019,12-36,22.0,0.18957261489854754,0.3567511248358997,308.41,1626.87
2019,12-36,22.0,0.029129091961003863,0.37085853825377496,303.6,10422.57
2019,12-36,22.0,0.019087660718103246,0.38000334099991906,900.0,47150.88
2019,12-36,22.0,0.49547630136850557,0.34914191418179236,1000.0,2018.26
2019,12-36,22.0,0.7488167619691012,0.36636185370493296,7448.69,9947.279999999999
2019,12-36,22.0,0.1937055371874564,0.3633672316152082,4206.0,21713.37
2019,12-36,22.0,0.22891365652500462,0.3633672316152082,1292.3,5645.36
2019,12-36,22.0,0.22399027186658557,0.3633672316152082,1676.22,7483.450000000001
2019,12-36,23.0,0.0,0.3633672316152082,0.0,7690.4
2019,12-36,23.0,0.08347750594255496,0.3719355840726617,400.0,4791.71
2019,12-36,23.0,0.01735827833652147,0.4045284352180357,50.0,2880.47
2019,12-36,23.0,0.048222373109149584,0.3573234462478097,344.45,7142.95
2019,12-36,23.0,0.973467178580607,0.3633672316152082,5000.0,5136.28
2019,12-36,23.0,0.015376234863055878,0.3633672316152082,1070.37,69611.97
2019,12-36,23.0,0.29459963804558464,0.3567511248358997,51066.57,173342.27
2019,12-36,23.0,0.029709280709971173,0.37085853825377496,1046.01,35208.19
2019,12-36,23.0,0.07868757930724399,0.38000334099991906,5000.0,63542.43
2019,12-36,23.0,0.05960754393075987,0.34914191418179236,100.0,1677.64
2019,12-36,23.0,0.20515584554187088,0.36636185370493296,3248.69,15835.23
2019,12-36,23.0,0.025774468864089305,0.35910449457887905,298.49,11580.84
2019,12-36,23.0,0.31438821562303193,0.3633672316152082,12500.0,39759.76
2019,12-36,24.0,0.0,0.36706341211833954,0.0,4852.74
2019,12-36,24.0,0.9421370809452775,0.3573234462478097,3000.0,3184.25
2019,12-36,24.0,0.5482237837943896,0.3633672316152082,9500.0,17328.69
2019,12-36,24.0,0.7334201213810301,0.3633672316152082,10000.0,13634.75
2019,12-36,24.0,0.033169028827148575,0.3567511248358997,610.0,18390.65
2019,12-36,24.0,0.00810918728751902,0.3633672316152082,1500.0,184975.38
2019,12-36,24.0,0.0,0.38000334099991906,0.0,24233.510000000002
2019,12-36,24.0,0.21465625525305954,0.34914191418179236,16651.71,77573.84
2019,12-36,24.0,0.0844199097675396,0.36636185370493296,6692.97,79281.89
2019,12-36,24.0,0.9913291741567094,0.35910449457887905,3000.0,3026.24
2019,12-36,24.0,0.7195490417174976,0.3633672316152082,84150.03,116948.29
2019,12-36,24.0,0.24902940788277686,0.3633672316152082,1000.0,4015.59
2019,12-36,24.0,0.49521104051901194,0.3633672316152082,1290.0,2604.95
2019,12-36,25.0,0.006463890498107328,0.3633672316152082,1029.86,159325.1
2019,12-36,25.0,0.11292617531950042,0.3573234462478097,3500.0,30993.7
2019,12-36,25.0,0.26743381388985216,0.3633672316152082,5236.56,19580.77
2019,12-36,25.0,0.010653013614342148,0.3567511248358997,787.07,73882.38
2019,12-36,25.0,0.003991465010589331,0.37085853825377496,105.56,26446.43
2019,12-36,25.0,0.46023140435010723,0.38000334099991906,5000.0,10864.1
2019,12-36,25.0,0.7387311184943183,0.36636185370493296,8000.0,10829.38
2019,12-36,25.0,0.02604254448044205,0.35910449457887905,1735.24,66630.97
2019,12-36,25.0,0.10771301164991336,0.3633672316152082,1725.6399999999999,16020.72
2019,12-36,26.0,0.10204500385404051,0.3633672316152082,1511.86,14815.62
2019,12-36,26.0,0.1284023486025283,0.3633672316152082,10235.0,79710.38
2019,12-36,26.0,0.5383679433071829,0.3597419285452926,2115.0,3928.54
2019,12-36,26.0,0.22896427805660363,0.3573234462478097,2359.96,10307.11
2019,12-36,26.0,0.14428096735472112,0.3633672316152082,3235.72,22426.519999999997
2019,12-36,26.0,0.1506600530483282,0.3633672316152082,3012.16,19993.09
2019,12-36,26.0,0.15282958998056756,0.3567511248358997,8072.299999999999,52818.96
2019,12-36,26.0,0.021416977801021524,0.37085853825377496,692.08,32314.55
2019,12-36,26.0,0.0,0.38000334099991906,0.0,4598.32
2019,12-36,26.0,0.04516192603297642,0.34914191418179236,110.0,2435.68
2019,12-36,26.0,0.4167361226871145,0.36636185370493296,4000.0,9598.4
2019,12-36,26.0,0.38635250953178485,0.3633672316152082,8735.89,22611.190000000002
2019,12-36,27.0,0.06815689198062615,0.3719355840726617,11726.0,172044.23
2019,12-36,27.0,0.0322309079543645,0.3597419285452926,896.65,27819.57
2019,12-36,27.0,0.3243050413218674,0.3573234462478097,3000.0,9250.55
2019,12-36,27.0,0.03431068556471044,0.3567511248358997,3293.61,95993.71
2019,12-36,27.0,0.015988756581674857,0.37085853825377496,247.21,15461.49
2019,12-36,27.0,0.01578486953696479,0.36636185370493296,1105.75,70051.26
2019,12-36,27.0,0.5249299567854828,0.3633672316152082,40233.54,76645.54000000001
2019,12-36,27.0,0.2251805026438238,0.3633672316152082,1100.0,4884.97
2019,12-36,28.0,0.07405608118916293,0.3633672316152082,1000.0,13503.28
2019,12-36,28.0,0.11638402994846217,0.3633672316152082,819.51,7041.43
2019,12-36,28.0,0.08681083051921558,0.4045284352180357,300.0,3455.79
2019,12-36,28.0,0.30194475729562764,0.3633672316152082,541.55,1793.54
2019,12-36,28.0,0.09805575057754837,0.3597419285452926,1000.0,10198.28
2019,12-36,28.0,0.6851602846840983,0.36706341211833954,20000.0,29190.25
2019,12-36,28.0,0.9239113170411751,0.3573234462478097,20650.0,22350.63
2019,12-36,28.0,0.019058000283032884,0.3633672316152082,701.63,36815.51
2019,12-36,28.0,0.5778677023716039,0.3567511248358997,19604.0,33924.72
2019,12-36,28.0,0.08792504362381685,0.37085853825377496,3180.0,36167.17
2019,12-36,28.0,0.2077834404222731,0.38000334099991906,7442.3,35817.58
2019,12-36,28.0,0.2375100683615936,0.34914191418179236,1150.0,4841.9
2019,12-36,28.0,0.061238192173276584,0.36636185370493296,1173.8400000000001,19168.43
2019,12-36,28.0,0.07739486286302466,0.3633672316152082,1704.5700000000002,22024.33
2019,12-36,28.0,0.04067341867051703,0.3633672316152082,234.37,5762.24
2019,12-36,28.0,0.3656783447569724,0.3633672316152082,1600.0,4375.43
2019,12-36,29.0,0.11662378798728334,0.3633672316152082,500.0,4287.29
2019,12-36,29.0,0.5024388381202357,0.3633672316152082,5000.0,9951.46
2019,12-36,29.0,0.04006296116919746,0.3597419285452926,112.5,2808.08
2019,12-36,29.0,0.12746218236915968,0.3633672316152082,205.26,1610.36
2019,12-36,29.0,0.6308518553213958,0.3567511248358997,8148.48,12916.63
2019,12-36,29.0,0.05483317766890582,0.37085853825377496,1013.9000000000001,18490.63
2019,12-36,29.0,0.2098815596382649,0.34914191418179236,5000.0,23822.960000000003
2019,12-36,29.0,0.09544993752056495,0.36636185370493296,1003.7,10515.460000000001
2019,12-36,29.0,0.34166150564728665,0.3633672316152082,9008.77,26367.530000000002
2019,12-36,29.0,0.46153692605242796,0.3633672316152082,10635.92,23044.57
2019,12-36,29.0,0.2526070958763083,0.3633672316152082,530.0,2098.12
2019,12-36,29.0,0.0,0.3633672316152082,0.0,12625.59
2019,12-36,30.0,0.33354662762415616,0.3597419285452926,19000.0,56963.55
2019,12-36,30.0,0.5084228722502796,0.36706341211833954,750.0,1475.15
2019,12-36,30.0,0.1624264784237078,0.3633672316152082,9999.0,61560.16
2019,12-36,30.0,0.049965866125418784,0.3573234462478097,3865.95,77371.82
2019,12-36,30.0,0.09446310019590613,0.3633672316152082,758.96,8034.46
2019,12-36,30.0,0.7106333531609201,0.3567511248358997,8996.0,12659.130000000001
2019,12-36,30.0,0.5605449307152959,0.38000334099991906,8300.0,14807.02
2019,12-36,30.0,0.11898869131477745,0.34914191418179236,250.0,2101.04
2019,12-36,30.0,0.0357898763484814,0.36636185370493296,1957.29,54688.37
2019,12-36,30.0,0.23921100018652067,0.3633672316152082,2744.5299999999997,11473.259999999998
2019,12-36,30.0,0.03213847327737783,0.3633672316152082,155.0,4822.88
2019,12-36,31.0,0.13417855256207079,0.3633672316152082,520.7,3880.65
2019,12-36,31.0,0.049769173545188235,0.3719355840726617,279.65,5618.94
2019,12-36,31.0,0.16642183003642363,0.3573234462478097,248.1,1490.79
2019,12-36,31.0,0.2423998974994719,0.3633672316152082,700.0,2887.79
2019,12-36,31.0,0.07911785959211476,0.3633672316152082,1718.9699999999998,21726.7
2019,12-36,31.0,0.118951339847151,0.3567511248358997,1659.96,13954.95
2019,12-36,31.0,0.245750352249038,0.3633672316152082,298.25,1213.63
2019,12-36,31.0,0.18862348865429715,0.37085853825377496,1200.0,6361.88
2019,12-36,31.0,0.039562940956637614,0.38000334099991906,209.61,5298.14
2019,12-36,31.0,0.29178477059812635,0.34914191418179236,364.41,1248.9
2019,12-36,31.0,0.256771676988194,0.36636185370493296,5407.08,21057.93
2019,12-36,31.0,0.2183778977109192,0.35910449457887905,10000.0,45792.18
2019,12-36,31.0,0.9309414344743572,0.3633672316152082,7000.0,7519.27
2019,12-36,31.0,0.032751527061161356,0.3633672316152082,386.0,11785.71
2019,12-36,32.0,0.5965964174385133,0.3719355840726617,2000.0,3352.35
2019,12-36,32.0,0.9578800964010529,0.3597419285452926,15000.0,15659.58
2019,12-36,32.0,0.6153639980609197,0.3633672316152082,9000.0,14625.49
2019,12-36,32.0,0.44380844579886813,0.3567511248358997,10194.28,22970.0
2019,12-36,32.0,0.04539410350824408,0.37085853825377496,665.35,14657.19
2019,12-36,32.0,0.04821281106692514,0.34914191418179236,82.32,1707.43
2019,12-36,32.0,0.02212129050829129,0.36636185370493296,454.95,20566.16
2019,12-36,32.0,0.7264024917134472,0.3633672316152082,35197.84,48455.009999999995
2019,12-36,32.0,0.7402569126932288,0.3633672316152082,1700.0,2296.5
2019,12-36,33.0,0.11178124946675912,0.3633672316152082,720.59,6446.43
2019,12-36,33.0,0.08350398632125178,0.3719355840726617,378.0,4526.73
2019,12-36,33.0,0.5166900332382918,0.3633672316152082,4920.0,9522.15
2019,12-36,33.0,0.519457312556426,0.3633672316152082,5000.0,9625.43
2019,12-36,33.0,0.013753902303983481,0.3567511248358997,235.0,17086.06
2019,12-36,33.0,0.13937099700029643,0.34914191418179236,2788.16,20005.309999999998
2019,12-36,33.0,0.13979091526560825,0.36636185370493296,9901.61,70831.57
2019,12-36,33.0,0.5996443497172429,0.3633672316152082,12277.82,20475.17
2019,12-36,33.0,0.18645793322568496,0.3633672316152082,3000.0,16089.42
2019,12-36,34.0,0.5563255808039064,0.3633672316152082,3500.0,6291.28
2019,12-36,34.0,0.5187698456483626,0.3567511248358997,3385.16,6525.360000000001
2019,12-36,34.0,0.04774910709169738,0.3633672316152082,200.0,4188.56
2019,12-36,34.0,0.1574814084249547,0.34914191418179236,22000.0,139699.03
2019,12-36,34.0,0.2720472322351973,0.36636185370493296,541.88,1991.86
2019,12-36,34.0,0.43785214425535224,0.3633672316152082,47209.91,107821.58
2019,12-36,35.0,0.6620604911429547,0.3597419285452926,2500.0,3776.09
2019,12-36,35.0,0.014242998324096003,0.3567511248358997,1010.07,70916.95
2019,12-36,35.0,0.05160108972354964,0.37085853825377496,808.78,15673.7
2019,12-36,35.0,0.12399705883304116,0.36636185370493296,4217.6,34013.71
2019,12-36,35.0,0.3299575915444983,0.3633672316152082,7962.530000000001,24131.98
2019,12-36,36.0,0.2157053862779167,0.3719355840726617,356.3,1651.79
2019,12-36,36.0,0.7314576691195357,0.3597419285452926,2420.43,3309.05
2019,12-36,36.0,0.25731836499680627,0.3567511248358997,9398.35,36524.21
2019,12-36,36.0,0.15836762256307862,0.3633672316152082,5000.0,31572.11
2019,12-36,36.0,0.5704237160425435,0.34914191418179236,10750.0,18845.64
2019,12-36,36.0,0.9789046057461701,0.36636185370493296,2000.0,2043.1
2019,12-36,36.0,0.024018550555960822,0.3633672316152082,350.0,14572.07
2019,36-60,37.0,0.10566030406471694,0.3633672316152082,217.6,2059.43
2019,36-60,37.0,0.4108193380878825,0.3719355840726617,500.0,1217.08
2019,36-60,37.0,0.8544196995005917,0.36706341211833954,2000.0,2340.77
2019,36-60,37.0,0.09501702778586929,0.3573234462478097,623.02,6556.93
2019,36-60,37.0,0.3609841148940241,0.37085853825377496,8000.0,22161.64
2019,36-60,37.0,0.0,0.38000334099991906,0.0,1515.76
2019,36-60,37.0,0.039121119851521426,0.34914191418179236,1379.37,35258.96
2019,36-60,37.0,0.38575921633015203,0.36636185370493296,3200.0,8295.33
2019,36-60,37.0,0.10702979749761318,0.35910449457887905,149.1,1393.07
2019,36-60,37.0,0.22826559220438414,0.3633672316152082,1056.0,4626.1900000000005
2019,36-60,38.0,0.06684986504469691,0.3633672316152082,177.83,2660.14
2019,36-60,38.0,0.04940993318018029,0.3633672316152082,847.41,17150.6
2019,36-60,38.0,0.1406255442165024,0.3573234462478097,888.25,6316.42
2019,36-60,38.0,0.7662189393997442,0.3633672316152082,2000.0,2610.22
2019,36-60,38.0,0.06589378745135185,0.38000334099991906,544.0,8255.71
2019,36-60,38.0,0.5361786547277553,0.34914191418179236,1800.0,3357.09
2019,36-60,38.0,0.3851227097233856,0.36636185370493296,400.0,1038.63
2019,36-60,38.0,0.07854681437894466,0.3633672316152082,2151.27,27388.379999999997
2019,36-60,39.0,0.018436237619701847,0.3719355840726617,674.31,36575.25
2019,36-60,39.0,0.014309998562665387,0.3573234462478097,327.55,22889.59
2019,36-60,39.0,0.3415813851808332,0.3633672316152082,1000.0,2927.56
2019,36-60,39.0,0.055289058387708694,0.3633672316152082,389.69,7048.23
2019,36-60,39.0,0.02093483508978114,0.3567511248358997,1437.87,68683.13
2019,36-60,39.0,0.17981665893455032,0.3633672316152082,500.0,2780.61
2019,36-60,39.0,0.06299766596766286,0.37085853825377496,1515.0,24048.51
2019,36-60,39.0,0.03665338207001282,0.34914191418179236,199.85000000000002,5452.43
2019,36-60,39.0,0.4319038410218354,0.36636185370493296,3544.38,8206.41
2019,36-60,39.0,0.6664722675265187,0.3633672316152082,5336.83,8007.58
2019,36-60,39.0,0.0,0.3633672316152082,0.0,3226.29
2019,36-60,40.0,0.07774011072215174,0.3633672316152082,1391.74,17902.47
2019,36-60,40.0,0.0,0.3633672316152082,0.0,65115.67
2019,36-60,40.0,0.34411325455433894,0.3597419285452926,500.0,1453.01
2019,36-60,40.0,0.10623547911519529,0.3633672316152082,735.72,6925.37
2019,36-60,40.0,0.28163208776848647,0.3633672316152082,17000.0,60362.44
2019,36-60,40.0,0.6473645694556509,0.3567511248358997,690.0,1065.86
2019,36-60,40.0,0.0,0.3633672316152082,0.0,14764.89
2019,36-60,41.0,0.9688916571507664,0.4045284352180357,7000.0,7224.75
2019,36-60,41.0,0.14300945064798895,0.36706341211833954,405.09,2832.61
2019,36-60,41.0,0.03301240822465417,0.3633672316152082,333.63,10106.2
2019,36-60,41.0,0.32173954285643114,0.3573234462478097,6715.84,20873.53
2019,36-60,41.0,0.09547610352473906,0.3633672316152082,400.0,4189.53
2019,36-60,41.0,0.03432986237118607,0.3633672316152082,1968.5900000000001,57343.369999999995
2019,36-60,41.0,0.09560846421733715,0.3567511248358997,2000.0,20918.65
2019,36-60,41.0,0.7912206160443718,0.37085853825377496,1000.0,1263.87
2019,36-60,41.0,0.00989733820986184,0.36636185370493296,600.0,60622.36
2019,36-60,41.0,0.3545486374252678,0.3633672316152082,800.0,2256.39
2019,36-60,42.0,0.04196798745011506,0.3573234462478097,146.07,3480.51
2019,36-60,42.0,0.18213372257911759,0.3633672316152082,3500.0,19216.65
2019,36-60,42.0,0.07405896056027084,0.3567511248358997,4000.0,54011.020000000004
2019,36-60,42.0,0.06899080122650313,0.37085853825377496,207.0,3000.4
2019,36-60,42.0,0.9115931118848217,0.34914191418179236,3100.0,3400.64
2019,36-60,42.0,0.7337686701323376,0.36636185370493296,15000.0,20442.41
2019,36-60,42.0,0.5272874785393996,0.3633672316152082,15000.0,28447.48
2019,36-60,42.0,0.20088106806526523,0.3633672316152082,327.86,1632.11
2019,36-60,43.0,0.15668704859369953,0.3597419285452926,1193.62,7617.86
2019,36-60,43.0,0.5384749312995734,0.36706341211833954,6000.0,11142.58
2019,36-60,43.0,0.11569619833065065,0.34914191418179236,697.22,6026.3
2019,36-60,43.0,0.10307684378704325,0.36636185370493296,300.0,2910.45
2019,36-60,43.0,0.14324506555959496,0.3633672316152082,932.65,6510.87
2019,36-60,44.0,0.13053927078152555,0.3633672316152082,5000.0,38302.65
2019,36-60,44.0,0.03116650206192822,0.3597419285452926,1319.71,42343.86
2019,36-60,44.0,0.8565446901116004,0.3573234462478097,9950.0,11616.44
2019,36-60,44.0,0.317346475708714,0.3633672316152082,1000.0,3151.13
2019,36-60,44.0,0.30804513785404974,0.3567511248358997,8000.0,25970.22
2019,36-60,44.0,0.3156627101853308,0.3633672316152082,6000.0,19007.63
2019,36-60,44.0,0.26497225740464975,0.34914191418179236,500.0,1886.99
2019,36-60,44.0,0.2317879925732668,0.36636185370493296,2119.7799999999997,9145.34
2019,36-60,44.0,0.32544903671445174,0.3633672316152082,11393.59,35008.83
2019,36-60,44.0,0.05098919029165817,0.3633672316152082,155.0,3039.86
2019,36-60,45.0,0.45668693774618285,0.3633672316152082,1360.0,2977.97
2019,36-60,45.0,0.0860004845097719,0.34914191418179236,152.65,1774.99
2019,36-60,45.0,0.0,0.36636185370493296,0.0,1358.9
2019,36-60,45.0,0.19666746972550136,0.35910449457887905,400.0,2033.89
2019,36-60,45.0,0.0793567393393948,0.3633672316152082,6366.099999999999,80221.29000000001
2019,36-60,46.0,0.02598011566212056,0.34914191418179236,2555.87,98377.93
2019,36-60,46.0,0.3028817824868246,0.36636185370493296,550.0,1815.89
2019,36-60,46.0,0.0,0.3633672316152082,0.0,51628.03
2019,36-60,46.0,0.6946663517512539,0.3633672316152082,1500.0,2159.31
2019,36-60,47.0,0.04622834490968137,0.3597419285452926,200.0,4326.35
2019,36-60,47.0,0.05100843679544597,0.3573234462478097,250.0,4901.15
2019,36-60,47.0,0.0313609385878444,0.3567511248358997,454.95,14506.9
2019,36-60,47.0,0.7126588160171494,0.37085853825377496,2500.0,3507.99
2019,36-60,47.0,0.16885019965027154,0.36636185370493296,619.92,3671.42
2019,36-60,47.0,0.15443965244199367,0.3633672316152082,10215.4,66144.93
2019,36-60,47.0,0.05883938366694631,0.3633672316152082,155.0,2634.29
2019,36-60,48.0,0.0,0.3633672316152082,0.0,24985.46
2019,36-60,48.0,0.3342838136434596,0.3567511248358997,1000.0,2991.47
2019,36-60,48.0,0.020767842221824505,0.36636185370493296,756.57,36429.88
2019,36-60,48.0,0.06515580058291541,0.3633672316152082,816.4100000000001,12530.12
2019,36-60,49.0,0.37419323937590554,0.3597419285452926,15000.0,40086.24
2019,36-60,49.0,0.052548607461902264,0.3573234462478097,140.0,2664.2
2019,36-60,49.0,0.21659033633808275,0.3633672316152082,357.53,1650.72
2019,36-60,49.0,0.10966757593971058,0.3633672316152082,4744.0,43258.0
2019,36-60,50.0,0.20567896064662175,0.3597419285452926,5000.0,24309.73
2019,36-60,50.0,0.052751823455849,0.3633672316152082,229.05,4342.03
2019,36-60,50.0,0.013659969114018202,0.3633672316152082,830.85,60823.71
2019,36-60,50.0,0.2353297137382125,0.35910449457887905,1400.0,5949.1
2019,36-60,50.0,0.0,0.3633672316152082,0.0,4911.17
2019,36-60,50.0,0.0,0.3633672316152082,0.0,9551.91
2019,36-60,51.0,0.5992071291267395,0.3573234462478097,2500.0,4172.18
2019,36-60,51.0,0.061079507625187934,0.3567511248358997,8073.030000000001,132172.48
2019,36-60,51.0,0.2206343420843922,0.38000334099991906,1307.51,5926.14
2019,36-60,51.0,0.24001439290063786,0.3633672316152082,1127.29,4696.76
2019,36-60,52.0,0.26797482695256913,0.3633672316152082,775.83,2895.16
2019,36-60,52.0,0.7485170006923783,0.3567511248358997,2000.0,2671.95
2019,36-60,52.0,0.24369827788096116,0.34914191418179236,5255.0,21563.55
2019,36-60,52.0,0.07768520865858619,0.3633672316152082,3000.0,38617.39
2019,36-60,52.0,0.1286955243264436,0.3633672316152082,210.08,1632.38
2019,36-60,52.0,0.26756425555597174,0.3633672316152082,1000.0,3737.42
2019,36-60,53.0,0.7487138499895648,0.3633672316152082,8000.0,10684.99
2019,36-60,53.0,0.33898394858037234,0.3573234462478097,1280.0,3775.99
2019,36-60,53.0,0.39983893546881816,0.3633672316152082,8500.0,21258.56
2019,36-60,54.0,0.0,0.3567511248358997,0.0,58228.76
2019,36-60,54.0,0.5556045996652791,0.36636185370493296,9000.0,16198.57
2019,36-60,54.0,0.025213927429712384,0.3633672316152082,637.84,25297.13
2019,36-60,56.0,0.02423900023146503,0.37085853825377496,1088.04,44887.99
2019,36-60,56.0,0.07595071824746796,0.36636185370493296,185.0,2435.79
2019,36-60,56.0,0.06484411474814546,0.3633672316152082,500.0,7710.8
2019,36-60,57.0,0.05293716848020949,0.3633672316152082,2636.92,49812.26
2019,36-60,58.0,0.2303908115294029,0.3573234462478097,5700.0,24740.57
2020,0-12,1.0,0.1844894922819416,0.48367811221560436,248.0,1344.25
2020,0-12,1.0,0.299607123875822,0.4954626946212247,1437.5,4797.95
2020,0-12,1.0,0.16741400052159136,0.47798971125066336,199.0,1188.67
2020,0-12,1.0,0.07918861262114309,0.47633261500515517,3372.0,42581.88
2020,0-12,1.0,0.005253120167707481,0.4801716187091109,149.95,28544.940000000002
2020,0-12,1.0,0.033739027171906,0.4801716187091109,1821.73,53994.740000000005
2020,0-12,2.0,0.8339977515420618,0.3535968376978685,10000.0,11990.44
2020,0-12,2.0,0.6258609705851932,0.35536172416552797,9500.0,15179.09
2020,0-12,2.0,0.6689455411434955,0.3535968376978685,4000.0,5979.56
2020,0-12,2.0,0.09579466154755097,0.36410101496402547,2030.0,21191.16
2020,0-12,2.0,0.35476104847854073,0.3558281020587898,8000.0,22550.39
2020,0-12,2.0,0.2623831796790916,0.34873278554381415,4941.57,18833.41
2020,0-12,2.0,0.1877234033672249,0.3535968376978685,3822.789999999999,20363.949999999997
2020,0-12,2.0,0.2654785028782295,0.3591422074927722,600.0,2260.0699999999997
2020,0-12,2.0,0.06128984466705414,0.3329908324572029,699.14,11407.11
2020,0-12,2.0,0.17294096487223123,0.3239576516279062,500.0,2891.16
2020,0-12,2.0,0.021885538499712396,0.34933410066153947,310.47,14186.08
2020,0-12,2.0,0.19000794537405985,0.36223092507483273,16221.06,85370.43
2020,0-12,2.0,0.14583467015114304,0.3535968376978685,1000.0,6857.08
2020,0-12,2.0,0.11044292719578105,0.3535968376978685,388.06,3513.67
2020,0-12,3.0,0.049199768090019656,0.34724072068696016,448.91,9124.23
2020,0-12,3.0,0.21463971650386243,0.3423816236875746,1000.0,4658.97
2020,0-12,3.0,0.02233525272596867,0.34414651015523406,417.91,18710.78
2020,0-12,3.0,0.04651199572002192,0.34860682517779934,7793.19,167552.26
2020,0-12,3.0,0.3348096064586538,0.3501322824471716,10185.31,30421.2
2020,0-12,3.0,0.9947378368431,0.3423816236875746,3000.0,3015.87
2020,0-12,3.0,0.39365756975148647,0.34019971622912704,1136.08,2885.96
2020,0-12,3.0,0.2230408010253014,0.34210947581844353,1300.0,5828.53
2020,0-12,3.0,0.33460833974694354,0.3423816236875746,9830.0,29377.629999999997
2020,0-12,3.0,0.592813213862221,0.3423816236875746,6594.14,11123.470000000001
2020,0-12,3.0,0.33721770203700796,0.3268144295243691,16488.01,48894.26
2020,0-12,3.0,0.07363576762747705,0.32667395245706127,6899.6,93699.03
2020,0-12,3.0,0.15878847519893394,0.3510157110645388,20970.03,132062.67
2020,0-12,4.0,0.9932932837481325,0.34958590746386214,2500.0,2516.88
2020,0-12,4.0,0.36303654940275837,0.34958590746386214,1950.0,5371.36
2020,0-12,4.0,0.06367589471968166,0.34958590746386214,191.39,3005.69
2020,0-12,4.0,0.0,0.35135079393152163,0.0,14149.43
2020,0-12,4.0,0.9960853844391542,0.34958590746386214,3000.0,3011.79
2020,0-12,4.0,0.13466752097186413,0.3474040000054146,2635.64,19571.46
2020,0-12,4.0,0.3419041484802816,0.3493137595947311,20760.69,60720.79
2020,0-12,4.0,0.08390051577489442,0.34958590746386214,197.48,2353.74
2020,0-12,4.0,0.05043315891539821,0.3662728811489712,1211.6399999999999,24024.670000000002
2020,0-12,4.0,0.24521888860035085,0.3340187133006567,17157.87,69969.61000000002
2020,0-12,4.0,0.12546001094698456,0.33070159602051347,1425.71,11363.86
2020,0-12,4.0,0.5189246635551944,0.3417573936759343,5000.0,9635.31
2020,0-12,4.0,0.5861467945415804,0.3582199948408264,47858.03,81648.54
2020,0-12,4.0,0.03838004967307009,0.34958590746386214,416.46,10850.95
2020,0-12,4.0,0.028939216145612755,0.3509489928320395,1633.1100000000001,56432.42
2020,0-12,5.0,0.018132727729908184,0.35425992571035864,568.97,31378.07
2020,0-12,5.0,0.04265091103087654,0.3591190227097442,1067.29,25023.850000000002
2020,0-12,5.0,0.04787731151660002,0.3523995091081026,1000.0,20886.72
2020,0-12,5.0,0.08182437988600444,0.3534446707114602,25992.74,317664.98
2020,0-12,5.0,0.10318052538315049,0.35425992571035864,1870.8600000000001,18131.91
2020,0-12,5.0,0.1120488013040862,0.3520780182519112,2946.0699999999997,26292.74
2020,0-12,5.0,0.08305796695603473,0.3539877778412276,608.03,7320.549999999999
2020,0-12,5.0,0.37781623129394165,0.35425992571035864,3499.98,9263.71
2020,0-12,5.0,0.31329690146793304,0.33869273154715324,11454.0,36559.57
2020,0-12,5.0,0.15839718559556074,0.3362431148320724,9838.8,62114.74
2020,0-12,5.0,0.6618235887163489,0.3464314119224309,3000.0,4532.93
2020,0-12,5.0,0.11380956172629413,0.35425992571035864,9376.31,82385.96
2020,0-12,5.0,0.022049387724598843,0.35425992571035864,206.53,9366.7
2020,0-12,5.0,0.09907678182300562,0.3009883944043543,2326.52,23481.99
2020,0-12,6.0,0.11082661008254442,0.36464014280038737,4752.91,42886.0
2020,0-12,6.0,0.14914706522076873,0.36949923979977295,1200.0,8045.75
2020,0-12,6.0,0.2508141427072276,0.36833632330351873,5000.0,19935.08
2020,0-12,6.0,0.39572657744914375,0.36464014280038737,3352.37,8471.43
2020,0-12,6.0,0.11203822297484636,0.3632864419687099,19836.55,177051.63
2020,0-12,6.0,0.5116350523032881,0.36464014280038737,8292.76,16208.35
2020,0-12,6.0,0.10676879008655582,0.3647216584058777,7372.78,69053.7
2020,0-12,6.0,0.08685509009912772,0.36464014280038737,1000.0,11513.43
2020,0-12,6.0,0.14626644779687803,0.345536804912971,16170.61,110555.84
2020,0-12,6.0,0.058283756895886676,0.35356277637044725,1870.63,32095.22
2020,0-12,6.0,0.14383894640848535,0.3568116290124596,1000.0,6952.22
2020,0-12,6.0,0.40352040119260046,0.36464014280038737,27290.23,67630.36
2020,0-12,7.0,0.1719358043808201,0.3694399565546677,6600.0,38386.42
2020,0-12,7.0,0.14894805436603983,0.3610743660487886,2600.0,17455.75
2020,0-12,7.0,0.4974579896727721,0.35921394944653257,5000.0,10051.1
2020,0-12,7.0,0.0318171948993903,0.3610743660487886,108.44,3408.22
2020,0-12,7.0,0.33966871475703797,0.35972066521711116,9100.0,26790.809999999998
2020,0-12,7.0,0.5272675997987519,0.3610743660487886,27185.0,51558.26
2020,0-12,7.0,0.2750213447087089,0.36115588165427903,20783.11,75569.08
2020,0-12,7.0,0.103344838921762,0.3610743660487886,2565.3,24822.72
2020,0-12,7.0,0.15665243972682977,0.3610743660487886,7723.83,49305.520000000004
2020,0-12,7.0,0.2680204992470775,0.37771047543349956,10636.49,39685.36
2020,0-12,7.0,0.2915067910594477,0.345536804912971,11817.49,40539.329999999994
2020,0-12,7.0,0.15821107752841457,0.3499969996188485,17056.760000000002,107810.15
2020,0-12,7.0,0.09760056284375646,0.3568116290124596,2350.0,24077.73
2020,0-12,7.0,0.30355326672842114,0.3610743660487886,9500.0,31295.989999999998
2020,0-12,7.0,0.3740966832368692,0.3610743660487886,59312.15,158547.65
2020,0-12,8.0,0.08857235098919816,0.34843296383198685,2000.0,22580.41
2020,0-12,8.0,0.09754632155411146,0.34843296383198685,1130.0,11584.24
2020,0-12,8.0,0.43625026417377105,0.34843296383198685,9000.0,20630.36
2020,0-12,8.0,0.05357788662026226,0.34843296383198685,600.0,11198.65
2020,0-12,8.0,0.5704482696592637,0.4092732528952208,15000.0,26295.11
2020,0-12,8.0,0.08535512400536678,0.3465725472297308,3053.0,35768.21
2020,0-12,8.0,0.38108364946562046,0.34843296383198685,9500.0,24928.91
2020,0-12,8.0,0.805647432881668,0.3436924507302557,26920.0,33414.12
2020,0-12,8.0,0.4388303994843383,0.34843296383198685,18300.0,41701.76
2020,0-12,8.0,0.5226298735235706,0.34843296383198685,3400.0,6505.56
2020,0-12,8.0,0.03612340971519444,0.3485144794374772,799.5699999999999,22134.4
2020,0-12,8.0,0.07773501315587363,0.34843296383198685,5000.0,64321.08
2020,0-12,8.0,0.5616926243485649,0.3650690732166978,15020.2,26740.96
2020,0-12,8.0,0.24667640008880493,0.33289540269616924,22288.53,90355.34
2020,0-12,8.0,0.21346749488590108,0.34439100613350654,19254.07,90196.73
2020,0-12,8.0,0.1038557546240811,0.34417022679565784,2584.95,24889.809999999998
2020,0-12,8.0,0.3048500682822952,0.34843296383198685,84290.8,276499.2
2020,0-12,9.0,0.19962045497494096,0.34843296383198685,6000.0,30057.04
2020,0-12,9.0,0.0,0.356798554337866,0.0,1361.7
2020,0-12,9.0,0.4167412731995542,0.4092732528952208,28888.18,69319.22
2020,0-12,9.0,0.4456966539546553,0.3465725472297308,20000.0,44873.57
2020,0-12,9.0,0.2812794664278407,0.3436924507302557,772.61,2746.77
2020,0-12,9.0,0.08779645157057124,0.34843296383198685,5894.17,67134.49
2020,0-12,9.0,0.4642674015159878,0.34843296383198685,9000.0,19385.38
2020,0-12,9.0,0.08525818664376877,0.3485144794374772,1965.96,23058.9
2020,0-12,9.0,0.6451624387167646,0.34843296383198685,3805.71,5898.84
2020,0-12,9.0,0.0315509033092399,0.34843296383198685,608.71,19292.95
2020,0-12,9.0,0.0598898212585325,0.3650690732166978,791.22,13211.26
2020,0-12,9.0,0.8532937137350171,0.33289540269616924,11050.0,12949.820000000002
2020,0-12,9.0,0.09605611683035657,0.34439100613350654,3848.35,40063.56
2020,0-12,9.0,0.9132948328822672,0.34417022679565784,3000.0,3284.81
2020,0-12,9.0,0.1849194728815198,0.34843296383198685,42176.72,228081.55
2020,0-12,9.0,0.05825989721840798,0.34843296383198685,502.78,8629.95
2020,0-12,10.0,0.30959464772773004,0.34843296383198685,4000.0,12920.12
2020,0-12,10.0,0.4012485249101103,0.3465725472297308,10000.0,24922.21
2020,0-12,10.0,0.5166944570411972,0.34843296383198685,3703.02,7166.75
2020,0-12,10.0,0.17699537129157433,0.3436924507302557,9500.0,53673.72
2020,0-12,10.0,0.7856899667391247,0.34843296383198685,1200.0,1527.32
2020,0-12,10.0,0.3546225043441257,0.3485144794374772,1300.0,3665.87
2020,0-12,10.0,0.8313126558992938,0.34843296383198685,15437.21,18569.68
2020,0-12,10.0,0.2416753816273981,0.33289540269616924,14850.0,61446.06
2020,0-12,10.0,0.6492951095151226,0.34439100613350654,18960.059999999998,29200.989999999998
2020,0-12,10.0,0.03867185385132992,0.34843296383198685,200.0,5171.72
2020,0-12,10.0,0.20080895947013208,0.34843296383198685,7159.98,35655.68
2020,0-12,11.0,0.047576128881947385,0.34843296383198685,1102.71,23177.8
2020,0-12,11.0,0.31167080261242464,0.3436924507302557,14000.0,44919.19
2020,0-12,11.0,0.2170776809161966,0.34843296383198685,1396.96,6435.3
2020,0-12,11.0,0.2292807091302688,0.3485144794374772,5928.0,25854.77
2020,0-12,11.0,0.2913260579505794,0.34843296383198685,8500.0,29176.93
2020,0-12,11.0,0.04798784147945696,0.3650690732166978,375.74,7829.9
2020,0-12,11.0,0.20514480373910593,0.33289540269616924,3600.0,17548.58
2020,0-12,11.0,0.06493787235876082,0.34439100613350654,6209.26,95618.47
2020,0-12,11.0,0.29278986030896903,0.34843296383198685,25262.239999999998,86281.13
2020,0-12,11.0,0.033702506491441894,0.34843296383198685,76.32,2264.52
2020,0-12,11.0,0.0,0.34843296383198685,0.0,9154.17
2020,0-12,12.0,0.0,0.34843296383198685,0.0,16687.0
2020,0-12,12.0,0.06795728399291874,0.34843296383198685,71.4,1050.66
2020,0-12,12.0,0.1848825877914968,0.3465725472297308,11000.0,59497.22
2020,0-12,12.0,0.6104857024248492,0.34843296383198685,1000.0,1638.04
2020,0-12,12.0,0.03702273336264542,0.3436924507302557,2035.2,54971.63
2020,0-12,12.0,0.14258826213426112,0.34843296383198685,250.0,1753.3
2020,0-12,12.0,0.06543962141346703,0.34843296383198685,5000.0,76406.31
2020,0-12,12.0,0.13134269273347518,0.3485144794374772,9780.98,74469.15999999999
2020,0-12,12.0,0.5346666551027311,0.34843296383198685,3082.38,5765.05
2020,0-12,12.0,0.21182112675196713,0.34843296383198685,5900.0,27853.690000000002
2020,0-12,12.0,0.14696570595950864,0.3650690732166978,2182.67,14851.56
2020,0-12,12.0,0.14573287368727286,0.33289540269616924,11601.66,79609.08
2020,0-12,12.0,0.4613872676391736,0.34439100613350654,20894.25,45285.71
2020,0-12,12.0,0.6202194140428121,0.34417022679565784,9500.0,15317.16
2020,0-12,12.0,0.36819527525922713,0.34843296383198685,9030.28,24525.79
2020,0-12,12.0,0.00985770094933506,0.34843296383198685,277.59,28159.71
2020,0-12,12.0,0.034679717000422584,0.34843296383198685,76.32,2200.71
2020,12-36,13.0,0.21477720891647584,0.34843296383198685,2400.0,11174.369999999999
2020,12-36,13.0,0.037708404542174626,0.3465725472297308,992.9,26331.0
2020,12-36,13.0,0.23573388387326338,0.3436924507302557,10176.0,43167.32
2020,12-36,13.0,0.1467753580263415,0.34843296383198685,2899.01,19751.34
2020,12-36,13.0,0.160129605589738,0.3485144794374772,2900.0,18110.33
2020,12-36,13.0,0.9094581532923443,0.34843296383198685,4300.0,4728.09
2020,12-36,13.0,0.10570017499139872,0.33289540269616924,5275.0,49905.31
2020,12-36,13.0,0.49594641738227013,0.34439100613350654,17500.0,35286.07
2020,12-36,13.0,0.1865813202245444,0.34417022679565784,4500.0,24118.17
2020,12-36,13.0,0.29542187674742415,0.34843296383198685,55367.59,187418.72
2020,12-36,14.0,0.020086996382296007,0.34843296383198685,791.83,39420.03
2020,12-36,14.0,0.150349783788703,0.356798554337866,512.15,3406.39
2020,12-36,14.0,0.8623812069887373,0.3465725472297308,5000.0,5797.9
2020,12-36,14.0,0.131048699594711,0.34843296383198685,23216.91,177162.46
2020,12-36,14.0,0.8048622263669646,0.34843296383198685,30000.0,37273.46
2020,12-36,14.0,0.026437048587331327,0.3485144794374772,309.59,11710.46
2020,12-36,14.0,0.8535831714370585,0.34843296383198685,2500.0,2928.83
2020,12-36,14.0,0.033276429623895,0.3650690732166978,1372.88,41256.83
2020,12-36,14.0,0.3666812466114724,0.33289540269616924,7000.0,19090.15
2020,12-36,14.0,0.05678419423978426,0.34439100613350654,12943.63,227944.24
2020,12-36,14.0,0.234239118363395,0.34843296383198685,41340.0,176486.31999999998
2020,12-36,15.0,0.5968367651447329,0.34843296383198685,4400.0,7372.2
2020,12-36,15.0,0.046925217314591816,0.3465725472297308,3000.0,63931.51
2020,12-36,15.0,0.3348693281497988,0.3436924507302557,42048.48,125566.83
2020,12-36,15.0,0.057298697005592134,0.34843296383198685,416.0,7260.2
2020,12-36,15.0,0.24981506575803397,0.34843296383198685,2289.66,9165.42
2020,12-36,15.0,0.28045279103111975,0.3485144794374772,1600.0,5705.0599999999995
2020,12-36,15.0,0.14585961366019726,0.34843296383198685,6142.16,42110.08
2020,12-36,15.0,0.19950300484518288,0.3650690732166978,2878.17,14426.7
2020,12-36,15.0,0.5716956294235906,0.33289540269616924,5189.71,9077.75
2020,12-36,15.0,0.1593689362337285,0.34439100613350654,4057.31,25458.6
2020,12-36,15.0,0.3960616190126973,0.34843296383198685,13004.810000000001,32835.32
2020,12-36,15.0,0.07401559261817824,0.34843296383198685,210.0,2837.24
2020,12-36,16.0,0.3663023789508001,0.34843296383198685,2000.0,5459.97
2020,12-36,16.0,0.04801798120147119,0.34843296383198685,552.25,11500.9
2020,12-36,16.0,0.8003823979043921,0.356798554337866,7602.0,9497.96
2020,12-36,16.0,0.056099577477076994,0.34843296383198685,135.03,2406.97
2020,12-36,16.0,0.0,0.35212914433511827,0.0,14207.12
2020,12-36,16.0,0.022525263367314082,0.34843296383198685,1976.8500000000001,87761.46
2020,12-36,16.0,0.5669648782818763,0.3436924507302557,1067.85,1883.45
2020,12-36,16.0,0.34000710614851853,0.34843296383198685,2000.0,5882.23
2020,12-36,16.0,0.7455850712566303,0.34843296383198685,1400.0,1877.72
2020,12-36,16.0,0.5843298321155467,0.34843296383198685,4500.0,7701.13
2020,12-36,16.0,0.16353916053795173,0.3650690732166978,1530.1100000000001,9356.23
2020,12-36,16.0,0.1443649184225426,0.33289540269616924,1280.0,8866.42
2020,12-36,16.0,0.11383042925564016,0.34439100613350654,797.85,7009.110000000001
2020,12-36,16.0,0.3812514724194797,0.34843296383198685,14500.0,38032.64
2020,12-36,16.0,0.02862739189392798,0.34843296383198685,190.0,6637.0
2020,12-36,17.0,0.051642667171617196,0.34843296383198685,120.0,2323.66
2020,12-36,17.0,0.7732482612960525,0.3465725472297308,7000.0,9052.72
2020,12-36,17.0,0.038302436034931824,0.35212914433511827,300.0,7832.4
2020,12-36,17.0,0.1583325964394883,0.34843296383198685,2650.0,16736.92
2020,12-36,17.0,0.27550774335974204,0.3436924507302557,5918.0,21480.339999999997
2020,12-36,17.0,0.8679550977896077,0.34843296383198685,1200.0,1382.56
2020,12-36,17.0,0.48124777924201867,0.3485144794374772,18000.0,37402.770000000004
2020,12-36,17.0,0.19360409511381985,0.34843296383198685,2000.0,10330.36
2020,12-36,17.0,0.3655317270914381,0.3650690732166978,447.25,1223.56
2020,12-36,17.0,0.904613074372764,0.33289540269616924,6000.0,6632.67
2020,12-36,17.0,0.1182523580324189,0.34439100613350654,657.45,5559.72
2020,12-36,17.0,0.4456244474883972,0.34843296383198685,30200.0,67770.06999999999
2020,12-36,17.0,0.04132479122183452,0.34843296383198685,825.8399999999999,19984.13
2020,12-36,18.0,0.19205934061163804,0.35212914433511827,353.95,1842.92
2020,12-36,18.0,0.02008281393169331,0.34843296383198685,1152.87,57405.8
2020,12-36,18.0,0.5735275920963382,0.3436924507302557,6350.0,11071.83
2020,12-36,18.0,0.0067114614291252095,0.34843296383198685,103.88,15478.0
2020,12-36,18.0,0.9121742086888739,0.34843296383198685,1100.0,1205.91
2020,12-36,18.0,0.032042023242882176,0.3485144794374772,183.24,5718.74
2020,12-36,18.0,0.3677960564557547,0.3650690732166978,19994.6,54363.28
2020,12-36,18.0,0.0,0.33289540269616924,0.0,5134.11
2020,12-36,18.0,0.22849694203036278,0.34439100613350654,1274.38,5577.23
2020,12-36,18.0,0.030391997235892424,0.34417022679565784,3180.7,104655.84
2020,12-36,18.0,0.6549263721669158,0.34843296383198685,45239.55,69075.78
2020,12-36,18.0,0.5185019566704455,0.34843296383198685,2145.11,4137.13
2020,12-36,19.0,0.08354450152735352,0.34843296383198685,770.16,9218.56
2020,12-36,19.0,0.19402347982603554,0.35212914433511827,1300.0,6700.22
2020,12-36,19.0,0.0,0.3436924507302557,0.0,2800.94
2020,12-36,19.0,0.2288812757143949,0.34843296383198685,16651.36,72751.08
2020,12-36,19.0,0.2426483442525806,0.3485144794374772,10257.34,42272.45
2020,12-36,19.0,0.03052691440710051,0.34843296383198685,385.42,12625.58
2020,12-36,19.0,0.014129977688740405,0.34843296383198685,1548.32,109576.96
2020,12-36,19.0,0.12864699154043116,0.3650690732166978,443.14,3444.62
2020,12-36,19.0,0.24383503746931742,0.33289540269616924,1500.0,6151.7
2020,12-36,19.0,0.11450402310221626,0.34439100613350654,7922.72,69191.63
2020,12-36,19.0,0.24239311609021388,0.34843296383198685,16268.58,67116.51
2020,12-36,19.0,0.3835200905721046,0.2937983471578052,15000.0,39111.38
2020,12-36,20.0,0.6311951806985564,0.4092732528952208,2500.0,3960.74
2020,12-36,20.0,0.1327899699343464,0.3465725472297308,259.7,1955.72
2020,12-36,20.0,0.8448281158796965,0.35212914433511827,8250.0,9765.3
2020,12-36,20.0,0.0,0.34843296383198685,0.0,14031.25
2020,12-36,20.0,0.20360457589710665,0.34843296383198685,1550.74,7616.43
2020,12-36,20.0,0.1288842903436984,0.3485144794374772,2604.6600000000003,20209.29
2020,12-36,20.0,0.083780020475837,0.3650690732166978,500.0,5968.01
2020,12-36,20.0,0.19768019831882014,0.34439100613350654,628.37,3178.7200000000003
2020,12-36,20.0,0.5512967935184876,0.34843296383198685,67250.0,121985.11
2020,12-36,20.0,0.255069506440505,0.34843296383198685,500.0,1960.25
2020,12-36,21.0,0.0,0.34843296383198685,0.0,80583.14
2020,12-36,21.0,0.11858186531757074,0.34843296383198685,3713.25,31313.81
2020,12-36,21.0,0.029920425124187095,0.356798554337866,176.12,5886.28
2020,12-36,21.0,0.0626682971353437,0.3465725472297308,1212.52,19348.22
2020,12-36,21.0,0.12884521482589326,0.34843296383198685,4403.99,34180.47
2020,12-36,21.0,0.10484369590394087,0.3485144794374772,2913.21,27786.22
2020,12-36,21.0,0.21796847944917125,0.3650690732166978,321.0,1472.69
2020,12-36,21.0,0.02272360987094733,0.34439100613350654,908.01,39958.880000000005
2020,12-36,21.0,0.1877726223761123,0.34843296383198685,1000.0,5325.59
2020,12-36,22.0,0.04345645861809594,0.34843296383198685,376.11,8654.87
2020,12-36,22.0,0.2555684955492756,0.3485144794374772,941.43,3683.67
2020,12-36,22.0,0.4798441466211774,0.34843296383198685,1000.0,2084.01
2020,12-36,22.0,0.0838800735344323,0.34843296383198685,5823.0,69420.54000000001
2020,12-36,22.0,0.19989349684338187,0.3650690732166978,3247.0,16243.65
2020,12-36,22.0,0.06297990689050566,0.33289540269616924,500.0,7939.04
2020,12-36,22.0,0.17832008634257848,0.34439100613350654,3446.51,19327.66
2020,12-36,22.0,0.06383983695977942,0.34417022679565784,266.26,4170.75
2020,12-36,22.0,0.050906194976575184,0.34843296383198685,1390.94,27323.590000000004
2020,12-36,22.0,0.9385549281702721,0.34843296383198685,3100.0,3302.95
2020,12-36,23.0,0.04884718375238811,0.34843296383198685,318.32,6516.65
2020,12-36,23.0,0.7945367652024679,0.356798554337866,2000.0,2517.19
2020,12-36,23.0,0.520132238420296,0.4092732528952208,5000.0,9612.94
2020,12-36,23.0,0.0632228033776033,0.3465725472297308,763.33,12073.65
2020,12-36,23.0,0.04564557001873042,0.35212914433511827,290.0,6353.3
2020,12-36,23.0,0.35518868841937384,0.3436924507302557,13149.0,37019.76
2020,12-36,23.0,0.07544802071772105,0.3485144794374772,254.92,3378.75
2020,12-36,23.0,0.03228130941856099,0.34843296383198685,213.24,6605.68
2020,12-36,23.0,0.07344506369401592,0.33289540269616924,2324.23,31645.83
2020,12-36,23.0,0.36155302603702233,0.34843296383198685,30016.36,83020.63
2020,12-36,23.0,0.41581655282533486,0.34843296383198685,1500.0,3607.36
2020,12-36,24.0,0.0,0.356798554337866,0.0,3931.96
2020,12-36,24.0,0.09957230492417074,0.3465725472297308,1710.0,17173.45
2020,12-36,24.0,0.8712901192796173,0.3436924507302557,3000.0,3443.17
2020,12-36,24.0,0.45637302105248745,0.34843296383198685,2000.0,4382.38
2020,12-36,24.0,0.050753036204630494,0.3485144794374772,1272.0,25062.54
2020,12-36,24.0,0.2844735696634643,0.3650690732166978,1660.0,5835.34
2020,12-36,24.0,0.013878928837679997,0.34439100613350654,1731.18,124734.40999999999
2020,12-36,24.0,0.4987075481993496,0.34843296383198685,20244.23,40593.39000000001
2020,12-36,25.0,0.4438782530727472,0.34843296383198685,5000.0,11264.35
2020,12-36,25.0,0.03055984429929417,0.34843296383198685,580.34,18990.28
2020,12-36,25.0,0.3711141258406766,0.356798554337866,9900.0,26676.43
2020,12-36,25.0,0.031182896343009123,0.34843296383198685,799.5699999999999,25641.300000000003
2020,12-36,25.0,0.06877314216233762,0.34843296383198685,250.0,3635.14
2020,12-36,25.0,0.0,0.3650690732166978,0.0,5872.22
2020,12-36,25.0,0.036863366910919834,0.33289540269616924,233.88,6344.51
2020,12-36,25.0,0.0,0.34439100613350654,0.0,120288.43
2020,12-36,25.0,0.24663831970245553,0.34843296383198685,1000.0,4054.52
2020,12-36,26.0,0.3521694695834751,0.34843296383198685,10000.0,28395.42
2020,12-36,26.0,0.35415404992863797,0.34843296383198685,1000.0,2823.63
2020,12-36,26.0,0.5383012075172687,0.356798554337866,2500.0,4644.24
2020,12-36,26.0,0.24507839690299332,0.3465725472297308,10000.0,40803.27
2020,12-36,26.0,0.18340053395318265,0.3436924507302557,1540.15,8397.74
2020,12-36,26.0,0.03288490642803906,0.34439100613350654,274.0,8332.09
2020,12-36,26.0,0.2751523225545604,0.34843296383198685,7220.55,26242.010000000002
2020,12-36,26.0,0.0,0.34843296383198685,0.0,3848.54
2020,12-36,27.0,0.14124610753458727,0.34843296383198685,1198.38,8484.34
2020,12-36,27.0,0.5919578383949181,0.356798554337866,20000.0,33786.19
2020,12-36,27.0,0.257590780630299,0.3465725472297308,867.71,3368.56
2020,12-36,27.0,0.3154215925005362,0.3436924507302557,500.0,1585.18
2020,12-36,27.0,0.2913056903653556,0.34843296383198685,1000.0,3432.82
2020,12-36,27.0,0.07222744387037212,0.34843296383198685,129.87,1798.07
2020,12-36,27.0,0.3814487524441286,0.3650690732166978,11350.0,29754.980000000003
2020,12-36,27.0,0.09247730834734716,0.33289540269616924,2069.8900000000003,22382.68
2020,12-36,27.0,0.3607359518516742,0.34843296383198685,5413.55,15006.96
2020,12-36,27.0,0.24841536308259227,0.34843296383198685,2131.61,8580.83
2020,12-36,28.0,0.17005549477646204,0.3603769359155843,300.0,1764.13
2020,12-36,28.0,0.617203942698786,0.34843296383198685,1000.0,1620.21
2020,12-36,28.0,0.0,0.3485144794374772,0.0,44606.71
2020,12-36,28.0,0.6135264477249133,0.34843296383198685,4846.0,7898.6
2020,12-36,28.0,0.024980990819602346,0.3650690732166978,584.47,23396.59
2020,12-36,28.0,0.08800585766988651,0.33289540269616924,500.0,5681.44
2020,12-36,28.0,0.034910660446221715,0.34439100613350654,275.0,7877.25
2020,12-36,28.0,0.1431300248136735,0.34417022679565784,6392.3099999999995,44660.86
2020,12-36,28.0,0.17334255962490933,0.34843296383198685,20666.68,119224.5
2020,12-36,29.0,0.03004335255774082,0.3465725472297308,1500.0,49927.85
2020,12-36,29.0,0.6131371667966221,0.3436924507302557,1855.77,3026.68
2020,12-36,29.0,0.012413808581134382,0.3485144794374772,984.5799999999999,79313.29000000001
2020,12-36,29.0,0.05574764654383773,0.33289540269616924,226.69,4066.36
2020,12-36,29.0,0.6566060035675593,0.34439100613350654,3000.0,4568.95
2020,12-36,29.0,0.11722065676250396,0.34843296383198685,1454.74,12410.27
2020,12-36,30.0,0.14513195679612284,0.3465725472297308,1449.98,9990.769999999999
2020,12-36,30.0,0.24583735892008565,0.34843296383198685,1000.0,4067.73
2020,12-36,30.0,0.047680563711098065,0.3485144794374772,52.78,1106.95
2020,12-36,30.0,0.2544054544529435,0.34843296383198685,600.0,2358.44
2020,12-36,30.0,0.1204893312721625,0.33289540269616924,1000.0,8299.49
2020,12-36,30.0,0.020528860157207562,0.34439100613350654,525.08,25577.65
2020,12-36,30.0,0.07762120850250777,0.34843296383198685,195.0,2512.2
2020,12-36,31.0,0.0,0.34843296383198685,0.0,16662.21
2020,12-36,31.0,0.1882764048243946,0.3603769359155843,1000.0,5311.34
2020,12-36,31.0,0.17479810818504626,0.34843296383198685,350.0,2002.31
2020,12-36,31.0,0.06971494677736785,0.34843296383198685,98.83,1417.63
2020,12-36,31.0,0.288528815613256,0.34843296383198685,1200.0,4159.03
2020,12-36,31.0,0.0,0.33289540269616924,0.0,2043.68
2020,12-36,31.0,0.41948992492562936,0.34843296383198685,13949.03,33252.36
2020,12-36,32.0,0.3279003523945087,0.356798554337866,10000.0,30497.07
2020,12-36,32.0,0.35111409358269624,0.3603769359155843,20500.0,58385.58
2020,12-36,32.0,0.11236652533024606,0.3436924507302557,17113.26,152298.56
2020,12-36,32.0,0.09128566733879966,0.34843296383198685,450.0,4929.58
2020,12-36,32.0,0.3292650803406796,0.34843296383198685,1350.0,4100.04
2020,12-36,32.0,0.6724811590482913,0.33289540269616924,11318.1,16830.36
2020,12-36,32.0,0.11104949882189524,0.34439100613350654,1808.4,16284.630000000001
2020,12-36,32.0,0.8240570010699082,0.34843296383198685,1448.0,1757.16
2020,12-36,33.0,0.012947177868329557,0.3436924507302557,110.0,8496.06
2020,12-36,33.0,0.16722079046251304,0.34843296383198685,170.0,1016.62
2020,12-36,33.0,0.37225743381910237,0.3485144794374772,10350.0,27803.339999999997
2020,12-36,33.0,0.1581307678197562,0.34843296383198685,1000.0,6323.88
2020,12-36,33.0,0.08799808750823149,0.3650690732166978,600.0,6818.33
2020,12-36,33.0,0.3139934312574181,0.33289540269616924,1500.0,4777.17
2020,12-36,33.0,0.06931856985316756,0.34417022679565784,247.66,3572.78
2020,12-36,33.0,0.06812345833296139,0.34843296383198685,228.95,3360.81
2020,12-36,33.0,0.04725417782487645,0.34843296383198685,222.51,4708.79
2020,12-36,34.0,0.09933502297477174,0.34843296383198685,350.0,3523.43
2020,12-36,34.0,0.06374018480829183,0.3465725472297308,1000.0,15688.69
2020,12-36,34.0,0.045155876946078095,0.3485144794374772,295.99,6554.85
2020,12-36,34.0,0.5661830205486691,0.34843296383198685,3000.0,5298.64
2020,12-36,34.0,0.42809955342457107,0.34843296383198685,950.0,2219.11
2020,12-36,34.0,0.0,0.33289540269616924,0.0,10393.28
2020,12-36,34.0,0.12256661495522816,0.34439100613350654,350.0,2855.59
2020,12-36,34.0,0.36769268351422113,0.34843296383198685,15970.0,43433.009999999995
2020,12-36,35.0,0.12702711457274113,0.3465725472297308,2000.0,15744.67
2020,12-36,35.0,0.19675395798068307,0.34843296383198685,494.0,2510.75
2020,12-36,35.0,0.01552055078681956,0.3485144794374772,295.54,19041.85
2020,12-36,35.0,0.5401485678635909,0.34843296383198685,4000.0,7405.37
2020,12-36,35.0,0.07426308587966504,0.34439100613350654,4100.44,55215.05
2020,12-36,35.0,0.0985469667557178,0.34417022679565784,1416.8600000000001,14377.51
2020,12-36,36.0,0.4630665812566083,0.34843296383198685,9000.0,19435.65
2020,12-36,36.0,0.06028779597069524,0.356798554337866,897.71,14890.41
2020,12-36,36.0,0.07852178037143943,0.34843296383198685,500.0,6367.66
2020,12-36,36.0,0.09979641531276197,0.33289540269616924,1050.0,10521.42
2020,12-36,36.0,0.4613021746327221,0.34439100613350654,1700.0,3685.22
2020,12-36,36.0,0.05113130492509046,0.34843296383198685,3445.19,67379.27
2020,36-60,37.0,0.03320636950142224,0.3465725472297308,1150.0,34631.91
2020,36-60,37.0,0.29176660888715256,0.34439100613350654,10000.0,34273.97
2020,36-60,37.0,0.053446930473819106,0.34843296383198685,3100.0,58001.46
2020,36-60,38.0,0.20614991037692185,0.356798554337866,489.94,2376.62
2020,36-60,38.0,0.01856088354751231,0.4092732528952208,701.07,37771.37
2020,36-60,38.0,0.17690880174361315,0.3465725472297308,1000.0,5652.63
2020,36-60,38.0,0.03638158004783969,0.3436924507302557,87.0,2391.32
2020,36-60,38.0,0.7940036841770945,0.34843296383198685,2000.0,2518.88
2020,36-60,38.0,0.9885362743385868,0.3650690732166978,6000.0,6069.58
2020,36-60,38.0,0.5321292618572478,0.34843296383198685,9402.16,17668.94
2020,36-60,39.0,0.4788649925663429,0.34439100613350654,5643.06,11784.24
2020,36-60,40.0,0.15443443022961312,0.3465725472297308,1000.0,6475.24
2020,36-60,40.0,0.03494884917179803,0.33289540269616924,400.59,11462.18
2020,36-60,40.0,0.03603131903798943,0.34439100613350654,269.76,7486.82
2020,36-60,40.0,0.018942073824624452,0.34417022679565784,1401.6,73994.01
2020,36-60,41.0,0.47861317047722524,0.3485144794374772,2000.0,4178.74
2020,36-60,41.0,0.4810675851850426,0.34843296383198685,1000.0,2078.71
2020,36-60,41.0,0.014739176284821773,0.33289540269616924,576.68,39125.66
2020,36-60,41.0,0.02879129310489193,0.34439100613350654,1495.75,51951.47
2020,36-60,42.0,0.6759460540973146,0.34843296383198685,5000.0,7397.04
2020,36-60,42.0,0.1299932013555691,0.3465725472297308,3000.0,23078.13
2020,36-60,42.0,0.9231564565562572,0.34843296383198685,1500.0,1624.86
2020,36-60,42.0,0.07473059620069648,0.34439100613350654,150.0,2007.21
2020,36-60,43.0,0.9562199040385525,0.34843296383198685,85211.5,89112.87
2020,36-60,44.0,0.0,0.34439100613350654,0.0,21153.18
2020,36-60,46.0,0.40031544857347584,0.34843296383198685,1000.0,2498.03
2021,0-12,1.0,0.06579120618674345,0.25476489095059085,149.9,2278.42
2021,0-12,1.0,0.0,0.25468381938604256,0.0,10330.7
2021,0-12,1.0,0.18044873992644908,0.27288752480593065,1500.0,8312.61
2021,0-12,1.0,0.30966456614478444,0.2540667699524678,429.0,1385.37
2021,0-12,1.0,0.01950905789292297,0.23942243212745987,1801.26,92329.42
2021,0-12,1.0,0.12337144582323753,0.28816220062446946,956.22,7750.74
2021,0-12,1.0,0.34784786525765093,0.25125839744409734,5500.0,15811.509999999998
2021,0-12,2.0,0.43968417300709467,0.11558332845772755,17455.0,39698.95
2021,0-12,2.0,0.34836902522212226,0.11391061109326085,4245.96,12188.109999999999
2021,0-12,2.0,0.5106396885506412,0.11282561763051864,5000.0,9791.64
2021,0-12,2.0,0.10491069100850461,0.12876902141026852,3722.31,35480.75
2021,0-12,2.0,0.23561529363163275,0.11563399013888905,1500.0,6366.31
2021,0-12,2.0,0.07198871424295102,0.11282561763051864,2193.26,30466.719999999998
2021,0-12,2.0,0.15403212245037975,0.1187358937938763,6421.0,41686.11
2021,0-12,2.0,0.019216650290569195,0.11696654574871214,52.61,2737.73
2021,0-12,2.0,0.12437959692505945,0.11624762059941489,3997.86,32142.41
2021,0-12,2.0,0.4284677218942517,0.05697875530996586,10500.0,24505.93
2021,0-12,2.0,0.23014271149539828,0.16318355752511085,2000.0,8690.26
2021,0-12,2.0,0.08984304078064535,0.11450193307388251,4824.68,53701.21
2021,0-12,2.0,0.049421196547468585,0.11282561763051864,531.01,10744.58
2021,0-12,2.0,0.13630853681773772,0.11284053993420926,336.22,2466.61
2021,0-12,3.0,0.020806012260685795,0.11494935006047208,226.24,10873.78
2021,0-12,3.0,0.02211346952711546,0.12196233707345909,252.59,11422.45
2021,0-12,3.0,0.9356900246086476,0.11603434352321428,4000.0,4274.92
2021,0-12,3.0,0.05681971652474435,0.11494935006047208,328.16,5775.46
2021,0-12,3.0,0.11241194394119372,0.13089275384022195,15590.1,138687.22
2021,0-12,3.0,0.10052153736058003,0.1162739801332011,2225.0,22134.559999999998
2021,0-12,3.0,0.05911606700806195,0.11494935006047208,400.0,6766.35
2021,0-12,3.0,0.1631174936825097,0.12085962622382974,4625.65,28357.78
2021,0-12,3.0,0.32568171119701256,0.11909027817866559,5161.28,15847.619999999999
2021,0-12,3.0,0.3045910395924802,0.11837135302936835,15603.869999999999,51228.92
2021,0-12,3.0,0.0030763666029327455,0.13163632374558126,266.38,86589.16
2021,0-12,3.0,0.015600148655127584,0.16608201631817202,1209.77,77548.62
2021,0-12,3.0,0.12169676736896248,0.11068661302414304,1254.0,10304.3
2021,0-12,3.0,0.3678619034073877,0.11662566550383595,14419.689999999999,39198.65
2021,0-12,4.0,0.540498469308335,0.12232169998643679,5000.0,9250.72
2021,0-12,4.0,0.8072588717750008,0.15864045812212915,4000.0,4955.04
2021,0-12,4.0,0.15841743258598867,0.13089275384022195,5658.78,35720.69
2021,0-12,4.0,0.17700716288985827,0.1208886192319569,900.0,5084.54
2021,0-12,4.0,0.02063437285114953,0.11956398915922789,801.21,38828.9
2021,0-12,4.0,0.02132964860919889,0.12547426532258554,128.74,6035.73
2021,0-12,4.0,0.4627615759808232,0.12370491727742138,3000.0,6482.82
2021,0-12,4.0,0.4393728266736966,0.12298599212812414,5600.0,12745.44
2021,0-12,4.0,0.7975126895496029,0.13625096284433705,20600.0,25830.309999999998
2021,0-12,4.0,0.0815842832661778,0.07011087768337117,2546.54,31213.61
2021,0-12,4.0,0.23058823452709695,0.17069665541692786,7073.610000000001,30676.37
2021,0-12,4.0,0.10881464113106566,0.11530125212289884,295.62,2716.73
2021,0-12,4.0,0.3114320150811878,0.12124030460259175,26110.32,83839.55
2021,0-12,5.0,0.0,0.14562480497123118,0.0,4745.64
2021,0-12,5.0,0.37404151860856555,0.14562480497123118,1000.0,2673.5
2021,0-12,5.0,0.5905646582067844,0.14562480497123118,11300.0,19134.23
2021,0-12,5.0,0.1929304184470311,0.15153508113458883,4190.14,21718.4
2021,0-12,5.0,0.1765191104020595,0.1623117786563404,389.47,2206.39
2021,0-12,5.0,0.1924128095275975,0.0975156404850492,3386.35,17599.4
2021,0-12,5.0,0.07519313909718299,0.19470473583070508,1258.8700000000001,16741.82
2021,0-12,5.0,0.07098142886428602,0.1476119374863808,3317.08,46731.659999999996
2021,0-12,5.0,0.46494976217819667,0.14562480497123118,2000.0,4301.54
2021,0-12,5.0,0.02658283340027901,0.14562480497123118,246.19,9261.24
2021,0-12,6.0,0.1562945013852289,0.16319927224714206,12824.75,82055.03
2021,0-12,6.0,0.7465732288794433,0.16015970543202152,3000.0,4018.36
2021,0-12,6.0,0.30525939316006534,0.14242934292893733,5189.37,16999.87
2021,0-12,6.0,0.022722108611679163,0.16319927224714206,151.0,6645.51
2021,0-12,6.0,0.22980088382668515,0.16319927224714206,9276.0,40365.38
2021,0-12,6.0,0.16737780695374033,0.1655721423376984,23442.0,140054.41
2021,0-12,6.0,0.15312567790013654,0.16319927224714206,1440.0,9404.04
2021,0-12,6.0,0.10139821898331233,0.16319927224714206,528.45,5211.63
2021,0-12,6.0,0.01701944920646411,0.16946321188512115,1144.97,67274.21
2021,0-12,6.0,0.8528842840718742,0.16319927224714206,2500.0,2931.23
2021,0-12,6.0,0.20332327831947616,0.1729166059221929,5000.0,24591.38
2021,0-12,6.0,0.7946519920932127,0.17983538163185306,4000.0,5033.65
2021,0-12,6.0,0.20095935435922663,0.11721890013688512,13822.74,68783.76000000001
2021,0-12,6.0,0.14498958392809622,0.22217644822645063,13026.84,89846.73
2021,0-12,6.0,0.31804428055344586,0.16351008931892783,13789.36,43356.729999999996
2021,0-12,7.0,0.07410642473059845,0.16908315322421483,1500.0,20241.16
2021,0-12,7.0,0.5789329172331121,0.17609614023720183,1728.96,2986.46
2021,0-12,7.0,0.024246066775601174,0.16604358640909428,193.64,7986.45
2021,0-12,7.0,0.27317124878127425,0.2044170675899422,7422.0,27169.769999999997
2021,0-12,7.0,0.9886144568387405,0.1509883885874778,3000.0,3034.55
2021,0-12,7.0,0.0882117869073611,0.16908315322421483,1283.5900000000001,14551.23
2021,0-12,7.0,0.039024345854800725,0.1670506584022452,1372.32,35165.74
2021,0-12,7.0,0.45623624338690416,0.16908315322421483,16439.41,36032.67
2021,0-12,7.0,0.14889474015332238,0.16908315322421483,2887.34,19391.82
2021,0-12,7.0,0.19035470764057535,0.17534709286219388,25433.46,133610.88
2021,0-12,7.0,0.22657079808589428,0.16908315322421483,4070.0,17963.48
2021,0-12,7.0,0.6645645387996336,0.1788071950779866,11541.18,17366.53
2021,0-12,7.0,0.10601658238153912,0.1857192626089258,2820.48,26604.14
2021,0-12,7.0,0.14718440121387016,0.12465659449523049,9181.7,62382.29
2021,0-12,7.0,0.3138933636864968,0.21647409803255216,17332.14,55216.649999999994
2021,0-12,7.0,0.2627411635454893,0.16482041618788582,7000.0,26642.19
2021,0-12,7.0,0.31077300858910156,0.1693939702960006,76569.95999999999,246385.49
2021,0-12,8.0,0.317609735460456,0.13838723306390244,3385.85,10660.41
2021,0-12,8.0,0.46508620372786097,0.13838723306390244,31000.0,66654.31
2021,0-12,8.0,0.584612398296503,0.14540022007688946,9999.0,17103.64
2021,0-12,8.0,0.1295570970120991,0.1353476662487819,519.98,4013.52
2021,0-12,8.0,0.08631275564048085,0.13838723306390244,1356.02,15710.539999999999
2021,0-12,8.0,0.2132164625839749,0.12029246842716539,273.9,1284.61
2021,0-12,8.0,0.514986095375425,0.13838723306390244,1200.0,2330.16
2021,0-12,8.0,0.9780182978332449,0.13838723306390244,9900.0,10122.51
2021,0-12,8.0,0.15869772645669633,0.13838723306390244,4000.0,25205.15
2021,0-12,8.0,0.2352153435672916,0.13838723306390244,6000.0,25508.539999999997
2021,0-12,8.0,0.16746314521210154,0.14465117270188152,9999.0,59708.66
2021,0-12,8.0,0.12291544105011834,0.1481112749176742,3040.0,24732.450000000004
2021,0-12,8.0,0.2701446894956939,0.15502334244861343,2000.0,7403.44
2021,0-12,8.0,0.11046528164263698,0.0963800291736278,2602.15,23556.269999999997
2021,0-12,8.0,0.3531545831539072,0.1959595313179565,22413.39,63466.23
2021,0-12,8.0,0.06464880826829783,0.13412449602757343,281.98,4361.72
2021,0-12,8.0,0.2086217287632231,0.13869805013568823,53044.82,254263.16
2021,0-12,9.0,0.5343511450381679,0.13838723306390244,700.0,1310.0
2021,0-12,9.0,0.13513923239183448,0.13838723306390244,312.0,2308.73
2021,0-12,9.0,0.2328886910898284,0.13838723306390244,2679.24,11504.38
2021,0-12,9.0,0.05181381197126479,0.12029246842716539,2546.91,49155.04
2021,0-12,9.0,0.673323515436228,0.13838723306390244,9990.0,14836.85
2021,0-12,9.0,0.8625780671658734,0.13838723306390244,28000.0,32460.83
2021,0-12,9.0,0.12151558117856519,0.1396779158441039,32552.95,267891.16000000003
2021,0-12,9.0,0.3902454299659746,0.13838723306390244,9471.28,24270.059999999998
2021,0-12,9.0,0.10471835239692522,0.14465117270188152,12119.9,115738.07
2021,0-12,9.0,0.6137435595285222,0.13838723306390244,8000.0,13034.759999999998
2021,0-12,9.0,0.11199111301520344,0.0963800291736278,4077.9100000000003,36412.8
2021,0-12,9.0,0.07489936773218904,0.1959595313179565,10396.77,138809.85
2021,0-12,9.0,0.8694644099234871,0.13412449602757343,9000.0,10351.2
2021,0-12,9.0,0.38098881219827524,0.13869805013568823,32035.57,84085.33
2021,0-12,10.0,0.9499322970013262,0.13838723306390244,4090.0,4305.57
2021,0-12,10.0,0.376704588261885,0.1353476662487819,1500.0,3981.9
2021,0-12,10.0,0.12090404973953958,0.12029246842716539,5655.27,46774.86
2021,0-12,10.0,0.015185607339703946,0.13838723306390244,2019.61,132995.01
2021,0-12,10.0,0.32174525303992446,0.1396779158441039,21404.0,66524.68
2021,0-12,10.0,0.17553362608373946,0.13838723306390244,436.51,2486.76
2021,0-12,10.0,0.2036285766212831,0.14465117270188152,9019.29,44292.850000000006
2021,0-12,10.0,0.43425855775191124,0.1481112749176742,40352.0,92921.6
2021,0-12,10.0,0.08401390284538522,0.15502334244861343,1931.32,22988.1
2021,0-12,10.0,0.1207800584583451,0.0963800291736278,5220.59,43223.939999999995
2021,0-12,10.0,0.3456766487446619,0.1959595313179565,6500.0,18803.7
2021,0-12,10.0,0.15564596633593428,0.13869805013568823,20523.46,131859.89
2021,0-12,10.0,0.17749971189897434,0.13838723306390244,662.31,3731.33
2021,0-12,11.0,0.05821945592193378,0.12983224459436407,409.04,7025.83
2021,0-12,11.0,0.11547188548268211,0.11727199109345547,2400.0,20784.28
2021,0-12,11.0,0.1908168663891192,0.12121212459954074,7960.0,41715.39
2021,0-12,11.0,0.46382611642558963,0.12983224459436407,4516.53,9737.55
2021,0-12,11.0,0.06979139329277519,0.12983224459436407,1406.79,20157.07
2021,0-12,11.0,0.06296602194799995,0.13609618423234315,12802.46,203323.31
2021,0-12,11.0,0.14408684137550495,0.12983224459436407,6100.0,42335.58
2021,0-12,11.0,0.8291051274901137,0.13955628644813584,30000.0,36183.59
2021,0-12,11.0,0.5830019938668191,0.1464683539790751,2000.0,3430.52
2021,0-12,11.0,0.3129399978987778,0.09033010868686846,7178.54,22939.03
2021,0-12,11.0,0.4493792103617352,0.18740454284841815,16353.97,36392.36
2021,0-12,11.0,0.15177224994730085,0.13014306166614983,19468.64,128275.36000000002
2021,0-12,11.0,0.028226381222682156,0.12983224459436407,1000.0,35427.85
2021,0-12,12.0,0.24002079748164198,0.12983224459436407,9999.0,41658.89
2021,0-12,12.0,0.0,0.11727199109345547,0.0,3008.92
2021,0-12,12.0,0.19675340706824487,0.12983224459436407,1825.0,9275.57
2021,0-12,12.0,0.021354537405163285,0.12121212459954074,246.0,11519.8
2021,0-12,12.0,0.5185375318950565,0.12983224459436407,16373.45,31576.210000000003
2021,0-12,12.0,0.05444983301735626,0.12983224459436407,230.05,4224.99
2021,0-12,12.0,0.13184219539513964,0.13609618423234315,4984.96,37810.05
2021,0-12,12.0,0.13322071742020744,0.12983224459436407,500.0,3753.17
2021,0-12,12.0,0.06711773006753352,0.1464683539790751,159.81,2381.04
2021,0-12,12.0,0.9404034957932618,0.18740454284841815,3000.0,3190.12
2021,0-12,12.0,0.07085403926576701,0.12556950755803506,280.74,3962.23
2021,0-12,12.0,0.13922544712285112,0.13014306166614983,15514.39,111433.57999999999
2021,12-36,13.0,0.13933470835016187,0.13684523160735107,7500.0,53827.22
2021,12-36,13.0,0.06753640437208498,0.13258995542157298,663.92,9830.55
2021,12-36,13.0,0.3439124628144649,0.11727199109345547,600.0,1744.63
2021,12-36,13.0,0.16936987450609234,0.12121212459954074,1607.0,9488.11
2021,12-36,13.0,0.04483108869951469,0.12983224459436407,946.3,21108.12
2021,12-36,13.0,0.11875732336827438,0.12983224459436407,300.0,2526.16
2021,12-36,13.0,0.009196323501746203,0.13609618423234315,1503.1799999999998,163454.45
2021,12-36,13.0,0.4202305721103055,0.12983224459436407,5000.0,11898.23
2021,12-36,13.0,0.04849372461310997,0.13955628644813584,451.64,9313.37
2021,12-36,13.0,0.06578380084610382,0.1464683539790751,683.57,10391.16
2021,12-36,13.0,0.2578915643863616,0.13014306166614983,10088.619999999999,39119.619999999995
2021,12-36,13.0,0.03889245995266068,0.12983224459436407,489.49,12585.73
2021,12-36,14.0,0.05525107192192462,0.12983224459436407,123.19,2229.64
2021,12-36,14.0,0.12796810171951667,0.12983224459436407,1638.08,12800.69
2021,12-36,14.0,0.021703730737938968,0.12121212459954074,179.0,8247.43
2021,12-36,14.0,0.35563895194894374,0.12983224459436407,4200.0,11809.730000000001
2021,12-36,14.0,0.07359193687233026,0.13609618423234315,1036.97,14090.810000000001
2021,12-36,14.0,0.22157973218396368,0.1464683539790751,8100.0,36555.69
2021,12-36,14.0,0.031921813377357396,0.09033010868686846,2655.99,83202.98
2021,12-36,14.0,0.12580554853003598,0.18740454284841815,5118.4,40685.01
2021,12-36,14.0,0.4446168471431537,0.13014306166614983,4069.0,9151.7
2021,12-36,14.0,0.06894693087035565,0.12983224459436407,150.94,2189.22
2021,12-36,15.0,0.09181606670988143,0.12983224459436407,500.0,5445.67
2021,12-36,15.0,0.9482063097307594,0.12983224459436407,1140.0,1202.27
2021,12-36,15.0,0.1099149339330328,0.12121212459954074,1630.0,14829.650000000001
2021,12-36,15.0,0.1530364992050604,0.12983224459436407,900.0,5880.95
2021,12-36,15.0,0.19752938320497704,0.13955628644813584,4874.0,24674.81
2021,12-36,15.0,0.030969851881521734,0.09033010868686846,300.0,9686.84
2021,12-36,15.0,0.029366947343726534,0.18740454284841815,1071.54,36487.96
2021,12-36,15.0,0.108195557765805,0.12556950755803506,5500.0,50833.880000000005
2021,12-36,15.0,0.28871954377425013,0.13014306166614983,23302.82,80710.92
2021,12-36,16.0,0.8859710907633085,0.12983224459436407,2000.0,2257.41
2021,12-36,16.0,0.11901009862243761,0.12983224459436407,725.0,6091.919999999999
2021,12-36,16.0,0.022645753162649274,0.13609618423234315,1000.0,44158.39
2021,12-36,16.0,0.10841880673480815,0.13955628644813584,2193.68,20233.39
2021,12-36,16.0,0.1369831027056912,0.09033010868686846,1818.6,13276.09
2021,12-36,16.0,0.03129045952746728,0.12556950755803506,860.14,27488.89
2021,12-36,16.0,0.2706109244910987,0.13014306166614983,10025.58,37047.95
2021,12-36,17.0,0.1374897398281653,0.11727199109345547,1000.0,7273.27
2021,12-36,17.0,0.4745431335981284,0.12983224459436407,2000.0,4214.58
2021,12-36,17.0,0.558987561728198,0.12121212459954074,3500.0,6261.32
2021,12-36,17.0,0.2531778106384458,0.12983224459436407,5900.0,23303.78
2021,12-36,17.0,0.15702097297731862,0.12983224459436407,2500.0,15921.44
2021,12-36,17.0,0.42099798096336893,0.13609618423234315,583.84,1386.8
2021,12-36,17.0,0.050949294693237945,0.13955628644813584,1037.83,20369.86
2021,12-36,17.0,0.03297469427747734,0.09033010868686846,840.0,25474.08
2021,12-36,17.0,0.17919217639930615,0.18740454284841815,1809.9699999999998,10100.720000000001
2021,12-36,17.0,0.8269164615913841,0.12556950755803506,5000.0,6046.56
2021,12-36,17.0,0.22068446406630782,0.13014306166614983,5095.58,23089.89
2021,12-36,17.0,0.2733211249897505,0.12983224459436407,800.0,2926.96
2021,12-36,17.0,0.4827536359408194,0.14496473685803027,1536.18,3182.12
2021,12-36,18.0,0.40637547146854847,0.12983224459436407,1670.0,4109.5
2021,12-36,18.0,0.44992725801056116,0.12983224459436407,20000.0,44451.63
2021,12-36,18.0,0.5737695511974571,0.11727199109345547,2000.0,3485.72
2021,12-36,18.0,0.1896633475580844,0.12983224459436407,500.0,2636.25
2021,12-36,18.0,0.2506023854841074,0.12983224459436407,2000.0,7980.77
2021,12-36,18.0,0.12509378716861583,0.12121212459954074,1828.98,14620.87
2021,12-36,18.0,0.25668454139875746,0.12983224459436407,9999.0,38954.43
2021,12-36,18.0,0.25607308747249113,0.13609618423234315,5573.61,21765.699999999997
2021,12-36,18.0,0.1536531841291911,0.12983224459436407,733.78,4775.56
2021,12-36,18.0,0.5358379932101671,0.13955628644813584,1400.0,2612.73
2021,12-36,18.0,0.032138373974722856,0.09033010868686846,127.5,3967.22
2021,12-36,18.0,0.564903196597529,0.18740454284841815,5540.0,9806.99
2021,12-36,18.0,0.5212572248180342,0.13014306166614983,22640.989999999998,43435.35
2021,12-36,19.0,0.020490314656641192,0.12983224459436407,328.32,16023.18
2021,12-36,19.0,0.7982374916185063,0.11727199109345547,2500.0,3131.9
2021,12-36,19.0,0.027143018951314258,0.12983224459436407,831.55,30635.87
2021,12-36,19.0,0.2639073029987843,0.12121212459954074,5320.68,20161.170000000002
2021,12-36,19.0,0.32706919748363744,0.12983224459436407,13154.19,40218.37
2021,12-36,19.0,0.06820717897243415,0.13609618423234315,1533.0,22475.64
2021,12-36,19.0,0.08129392231060313,0.09033010868686846,421.07,5179.6
2021,12-36,19.0,0.07843150787295057,0.18740454284841815,9546.08,121712.31
2021,12-36,19.0,0.7230030655329979,0.12556950755803506,2000.0,2766.24
2021,12-36,19.0,0.32033267690024403,0.13014306166614983,11845.14,36977.619999999995
2021,12-36,20.0,0.0,0.12983224459436407,0.0,66105.86
2021,12-36,20.0,0.05164188931852072,0.11727199109345547,400.0,7745.65
2021,12-36,20.0,0.47429714566428055,0.12121212459954074,23384.22,49302.89
2021,12-36,20.0,0.11322088011912601,0.13609618423234315,4601.6,40642.68
2021,12-36,20.0,0.0,0.13955628644813584,0.0,4691.98
2021,12-36,20.0,0.11905559152026549,0.09033010868686846,800.0,6719.55
2021,12-36,20.0,0.5453756175637644,0.18740454284841815,9234.0,16931.45
2021,12-36,20.0,0.14821897864254954,0.12556950755803506,2762.99,18641.27
2021,12-36,20.0,0.3954133323847648,0.13014306166614983,12450.0,31486.04
2021,12-36,20.0,0.02066712259751086,0.12983224459436407,408.57,19769.08
2021,12-36,20.0,0.3889359043625578,0.12983224459436407,2440.39,6274.53
2021,12-36,21.0,0.7872837921885701,0.13684523160735107,12000.0,15242.28
2021,12-36,21.0,0.0654433720758096,0.12121212459954074,725.0,11078.28
2021,12-36,21.0,0.06021226530838911,0.13609618423234315,1165.58,19357.85
2021,12-36,21.0,0.17830173154365164,0.12983224459436407,6100.0,34211.67
2021,12-36,21.0,0.407382918614549,0.1464683539790751,2101.0,5157.31
2021,12-36,21.0,0.577997233235222,0.18740454284841815,4550.0,7872.01
2021,12-36,21.0,0.22809313033983378,0.13014306166614983,30339.68,133014.44
2021,12-36,22.0,0.047652312261541374,0.13684523160735107,525.94,11037.03
2021,12-36,22.0,0.3499853954399409,0.12983224459436407,407.39,1164.02
2021,12-36,22.0,0.024942555483251562,0.12121212459954074,179.0,7176.49
2021,12-36,22.0,0.27720741252621095,0.12983224459436407,1400.0,5050.37
2021,12-36,22.0,0.14660360896713187,0.13609618423234315,6348.25,43302.14
2021,12-36,22.0,0.44171373404833564,0.09033010868686846,13611.74,30815.75
2021,12-36,22.0,0.07800037478228858,0.18740454284841815,820.0,10512.77
2021,12-36,22.0,0.7632404878263142,0.12983224459436407,3300.0,4323.67
2021,12-36,22.0,0.17191759075419882,0.13014306166614983,4700.0,27338.68
2021,12-36,22.0,0.03294118098872645,0.12983224459436407,1200.85,36454.37
2021,12-36,23.0,0.7742753799942853,0.11727199109345547,9999.0,12914.01
2021,12-36,23.0,0.025849067818985338,0.12983224459436407,373.99,14468.22
2021,12-36,23.0,0.028854428248118114,0.12121212459954074,1540.4,53385.22
2021,12-36,23.0,0.06570149184196522,0.12983224459436407,1100.0,16742.39
2021,12-36,23.0,0.2742242262601251,0.13609618423234315,20696.27,75472.07
2021,12-36,23.0,0.017445111703906172,0.09033010868686846,836.36,47942.369999999995
2021,12-36,23.0,0.06745423198551896,0.18740454284841815,219.49,3253.91
2021,12-36,23.0,0.030447064395541196,0.12556950755803506,270.0,8867.85
2021,12-36,23.0,0.37836683400964094,0.13014306166614983,12383.64,32729.19
2021,12-36,23.0,0.03631714841392261,0.12983224459436407,216.61,5964.4
2021,12-36,24.0,0.6619601301413616,0.11727199109345547,4000.0,6042.66
2021,12-36,24.0,0.04890976182489097,0.13609618423234315,153.09,3130.05
2021,12-36,24.0,0.44921275857636184,0.13955628644813584,2550.94,5678.69
2021,12-36,24.0,0.10394235313456758,0.09033010868686846,2428.11,23360.16
2021,12-36,24.0,0.04836446810617175,0.18740454284841815,859.75,17776.48
2021,12-36,24.0,0.02872283054702338,0.12556950755803506,245.0,8529.8
2021,12-36,24.0,0.20185855873628814,0.13014306166614983,16136.01,79937.21
2021,12-36,25.0,0.13322320215288694,0.11727199109345547,500.0,3753.1
2021,12-36,25.0,0.5560733216038933,0.12121212459954074,5000.0,8991.62
2021,12-36,25.0,0.021888051490162208,0.13955628644813584,296.0,13523.36
2021,12-36,25.0,0.6929352105578128,0.1464683539790751,5500.0,7937.25
2021,12-36,25.0,0.0360843342440332,0.09033010868686846,126.0,3491.82
2021,12-36,25.0,0.03106682642292362,0.18740454284841815,370.0,11909.810000000001
2021,12-36,25.0,0.010556918112183018,0.12556950755803506,207.6,19664.83
2021,12-36,25.0,0.33822953261102295,0.13014306166614983,6776.98,20036.629999999997
2021,12-36,25.0,0.10647824675005167,0.12983224459436407,108.2,1016.17
2021,12-36,26.0,0.21432735502897704,0.13684523160735107,500.0,2332.88
2021,12-36,26.0,0.6242271868205719,0.12121212459954074,4700.0,7529.31
2021,12-36,26.0,0.7138709892348255,0.12983224459436407,1500.0,2101.22
2021,12-36,26.0,0.03823037803620328,0.13609618423234315,172.0,4499.04
2021,12-36,26.0,0.266840993948454,0.09033010868686846,2263.38,8482.13
2021,12-36,26.0,0.11090998938611521,0.18740454284841815,1411.73,12728.61
2021,12-36,26.0,0.29179173634707767,0.13014306166614983,2739.37,9388.1
2021,12-36,27.0,0.02401663426390203,0.13684523160735107,694.99,28937.86
2021,12-36,27.0,0.26666026682026295,0.12983224459436407,1000.0,3750.09
2021,12-36,27.0,0.5677026315525425,0.12121212459954074,21500.0,37871.94
2021,12-36,27.0,0.2483387908739042,0.12983224459436407,700.0,2818.73
2021,12-36,27.0,0.11031799206308304,0.12983224459436407,470.91,4268.66
2021,12-36,27.0,0.1816911631777421,0.13609618423234315,2000.0,11007.69
2021,12-36,27.0,0.03801689613427568,0.18740454284841815,320.0,8417.31
2021,12-36,27.0,0.0,0.13014306166614983,0.0,1758.39
2021,12-36,28.0,0.6003235427205056,0.12983224459436407,4152.54,6917.17
2021,12-36,28.0,0.011211444569308395,0.13609618423234315,988.5799999999999,88175.97
2021,12-36,28.0,0.0,0.13955628644813584,0.0,1471.39
2021,12-36,28.0,0.4936982939197529,0.09033010868686846,700.0,1417.87
2021,12-36,28.0,0.02995650315741543,0.18740454284841815,300.0,10014.52
2021,12-36,28.0,0.05485831316782377,0.13014306166614983,540.0,9843.54
2021,12-36,29.0,0.6929869718449293,0.12983224459436407,700.0,1010.12
2021,12-36,29.0,0.04215862463576705,0.13609618423234315,1800.0,42695.89
2021,12-36,29.0,0.35384094344105266,0.13955628644813584,700.0,1978.29
2021,12-36,29.0,0.22733891168044354,0.18740454284841815,1300.59,5720.93
2021,12-36,29.0,0.504517109856919,0.12556950755803506,1500.0,2973.14
2021,12-36,29.0,0.027585527087700276,0.13014306166614983,750.0,27188.17
2021,12-36,29.0,0.30202160317381554,0.12983224459436407,1400.0,4635.43
2021,12-36,30.0,0.18251711320103187,0.12983224459436407,539.13,2953.86
2021,12-36,30.0,0.9275294722489806,0.1464683539790751,7000.0,7546.93
2021,12-36,30.0,0.05332689273882182,0.09033010868686846,780.51,14636.330000000002
2021,12-36,30.0,0.39363561716982937,0.13014306166614983,10158.33,25806.43
2021,12-36,31.0,0.7126604122231441,0.12983224459436407,1400.0,1964.47
2021,12-36,31.0,0.07606733115030234,0.13609618423234315,2500.0,32865.62
2021,12-36,31.0,0.040496000892132504,0.1464683539790751,130.73,3228.22
2021,12-36,31.0,0.08487061121692432,0.09033010868686846,1200.0,14139.17
2021,12-36,32.0,0.10538902578571038,0.12983224459436407,174.07,1651.69
2021,12-36,32.0,0.027617104193196986,0.18740454284841815,450.0,16294.25
2021,12-36,32.0,0.576605500355189,0.13014306166614983,5000.0,8671.44
2021,12-36,33.0,0.0121664913790356,0.13258995542157298,954.37,78442.5
2021,12-36,33.0,0.02756991433185263,0.12983224459436407,1589.48,57652.7
2021,12-36,33.0,0.06823871608855679,0.13014306166614983,320.0,4689.42
2021,12-36,33.0,0.13832406562093674,0.12983224459436407,250.0,1807.35
2021,12-36,34.0,0.22700444928720603,0.13955628644813584,5000.0,22026.0
2021,12-36,34.0,0.10018106616015479,0.13014306166614983,451.48,4506.64
2022,0-12,1.0,0.6889669636676204,0.47997456884385953,18800.0,27287.229999999996
2022,0-12,1.0,0.021436675348700845,0.47660183968450637,207.65,9686.67
2022,0-12,1.0,0.0893558011968647,0.4758520442013547,1321.6,14790.31
2022,0-12,1.0,0.12903598634095087,0.4312172790075477,245.62,1903.5
2022,0-12,1.0,0.019505344182405508,0.4426197057907537,269.85,13834.67
2022,0-12,1.0,0.08931276260330986,0.4777433044829382,6770.219999999999,75803.5
2022,0-12,2.0,0.2555749413881468,0.36217690000170344,3000.0,11738.24
2022,0-12,2.0,0.024628459169708967,0.36714430676347304,300.0,12181.029999999999
2022,0-12,2.0,0.03316778674597544,0.3643307900153049,1140.21,34377.03
2022,0-12,2.0,0.5006429975468493,0.37332478653141554,9900.0,19774.57
2022,0-12,2.0,0.026139300064227995,0.36162995227736977,700.0,26779.6
2022,0-12,2.0,0.043598006062828175,0.35857996847451984,8575.74,196700.28
2022,0-12,2.0,0.059150957016747795,0.3643307900153049,229.43,3878.72
2022,0-12,2.0,0.08891190138101104,0.3643307900153049,680.0,7648.0199999999995
2022,0-12,2.0,0.12665087004338194,0.36028389610182576,395.0,3118.81
2022,0-12,2.0,0.1758440105755542,0.3474427643185767,484.19,2753.52
2022,0-12,2.0,0.3607872516217917,0.3228474808607289,5384.14,14923.31
2022,0-12,2.0,0.179284029668249,0.3729648773922692,9067.34,50575.28
2022,0-12,2.0,0.5459439834943461,0.3401469272721059,616.54,1129.31
2022,0-12,3.0,0.0,0.3548698469084002,0.0,127119.27
2022,0-12,3.0,0.3433920495583406,0.4126079107887973,3000.0,8736.37
2022,0-12,3.0,0.11519537266719788,0.3611103249179509,2200.2799999999997,19100.42
2022,0-12,3.0,0.0,0.3548698469084002,0.0,1206.62
2022,0-12,3.0,0.037935545865716805,0.3526879394499527,439.0,11572.26
2022,0-12,3.0,0.021479471019400256,0.3619645568851265,745.97,34729.44
2022,0-12,3.0,0.1002280187426395,0.34136495738303196,1400.0,13968.150000000001
2022,0-12,3.0,0.6512637333979671,0.3299198778440426,8490.89,13037.56
2022,0-12,3.0,0.06283780775566537,0.3429796909123399,282.28,4492.2
2022,0-12,3.0,0.3177521768569687,0.3635039342853644,36158.18,113793.65000000001
2022,0-12,3.0,0.05525945627989055,0.3562329322765776,648.21,11730.3
2022,0-12,4.0,0.2519040952355795,0.36111045026915106,286.09,1135.71
2022,0-12,4.0,0.12249232794063031,0.36246305376204313,4700.0,38369.75
2022,0-12,4.0,0.8676157225850784,0.4097792448456961,5000.0,5762.92
2022,0-12,4.0,0.1461223762317415,0.36392396701731927,6198.01,42416.57
2022,0-12,4.0,0.6902196486598744,0.3648066307722825,25425.0,36836.1
2022,0-12,4.0,0.11948544786730425,0.37793416516760986,1000.0,8369.22
2022,0-12,4.0,0.3229468764346183,0.36273628917994605,18733.37,58007.59
2022,0-12,4.0,0.046444733662698946,0.36111045026915106,2020.9,43511.93
2022,0-12,4.0,0.44981867809086157,0.3590388509460682,5000.0,11115.59
2022,0-12,4.0,0.23562713378181763,0.36111045026915106,654.28,2776.76
2022,0-12,4.0,0.0487887408815162,0.36111045026915106,842.04,17258.9
2022,0-12,4.0,0.07749325597473193,0.3691082169709756,285.83,3688.45
2022,0-12,4.0,0.36996242729939777,0.3476055607437829,1078.2,2914.3500000000004
2022,0-12,4.0,0.4138955465605663,0.3338868977170565,10800.0,26093.54
2022,0-12,4.0,0.035463826968492596,0.34922029427309087,591.06,16666.56
2022,0-12,4.0,0.22382837788092527,0.3697445376461153,21159.75,94535.6
2022,0-12,4.0,0.10968566039581897,0.36111045026915106,1008.96,9198.65
2022,0-12,4.0,0.09900491377019396,0.33428333379942715,2280.0,23029.16
2022,0-12,5.0,0.048009909245268226,0.3663168391355883,1500.0,31243.55
2022,0-12,5.0,0.14709817154436594,0.3663168391355883,2320.0,15771.78
2022,0-12,5.0,0.06151972116513141,0.36766944262848034,69.19,1124.68
2022,0-12,5.0,0.7462415983849401,0.3655050528138409,8878.79,11898.01
2022,0-12,5.0,0.1377896812752435,0.37001301963871974,800.0,5805.95
2022,0-12,5.0,0.17679596176612183,0.3640520270770819,14920.75,84395.31
2022,0-12,5.0,0.047435881888395114,0.3663168391355883,1290.8200000000002,27211.89
2022,0-12,5.0,0.05503529434972585,0.3641349316771408,1004.36,18249.38
2022,0-12,5.0,0.046718211373972474,0.36424523981250545,2220.71,47534.14
2022,0-12,5.0,0.3624379460931545,0.3663168391355883,10000.0,27590.93
2022,0-12,5.0,0.35224991108530473,0.3663168391355883,3100.0,8800.57
2022,0-12,5.0,0.5414727517374507,0.3757188316613301,4000.0,7387.26
2022,0-12,5.0,0.23572265889595476,0.3528119496102201,14842.19,62964.630000000005
2022,0-12,5.0,0.013632099058918525,0.3390932865834937,526.4200000000001,38616.21
2022,0-12,5.0,0.272812780825535,0.3544266831395281,5072.88,18594.73
2022,0-12,5.0,0.2356353764895433,0.3663168391355883,10303.31,43725.65
2022,0-12,5.0,0.1818704282321103,0.3663168391355883,1000.0,5498.42
2022,0-12,6.0,0.04540106801432001,0.36547688842974774,629.4,13863.11
2022,0-12,6.0,0.03969050813191758,0.3633124986151083,465.68,11732.78
2022,0-12,6.0,0.024262071318887562,0.36782046543998703,149.31,6154.05
2022,0-12,6.0,0.021597937207597763,0.36132102704557023,1604.46,74287.65000000001
2022,0-12,6.0,0.041893306127953334,0.3641242849368556,1050.0,25063.67
2022,0-12,6.0,0.18242235109471697,0.3619423774784081,8479.0,46480.05
2022,0-12,6.0,0.05611316139908929,0.36240634908839425,980.55,17474.510000000002
2022,0-12,6.0,0.6320299436095898,0.3782032143377723,7960.0,12594.34
2022,0-12,6.0,0.25527418215410136,0.3470832516872764,5626.22,22039.91
2022,0-12,6.0,0.15489252947798451,0.34702958551356267,2800.0,18077.05
2022,0-12,6.0,0.34169332466007923,0.35223412894079537,10216.75,29900.35
2022,0-12,6.0,0.4984218941334068,0.3641242849368556,69667.0,139775.16
2022,0-12,6.0,0.028207928947462664,0.3641242849368556,157.53,5584.6
2022,0-12,7.0,0.048236949125222646,0.35890283327915673,1131.21,23451.11
2022,0-12,7.0,0.6258089990487643,0.35890283327915673,10460.46,16715.1
2022,0-12,7.0,0.048015637608945165,0.35890283327915673,310.0,6456.23
2022,0-12,7.0,0.6603188019175658,0.35890283327915673,1000.0,1514.42
2022,0-12,7.0,0.10590738866120372,0.35609957538787135,6593.22,62254.58
2022,0-12,7.0,0.33151892499463254,0.35890283327915673,12600.0,38006.880000000005
2022,0-12,7.0,0.1791036436128034,0.35672092582070924,7724.69,43129.72
2022,0-12,7.0,0.17891765255215475,0.3571848974306953,7939.41,44374.66
2022,0-12,7.0,0.1248290117955875,0.35890283327915673,3602.77,28861.64
2022,0-12,7.0,0.3683854532582642,0.35890283327915673,13654.03,37064.520000000004
2022,0-12,7.0,0.34302767661637495,0.37298176268007344,600.0,1749.13
2022,0-12,7.0,0.24292988317187206,0.3470832516872764,20699.38,85207.22
2022,0-12,7.0,0.19483128282299525,0.34180813385586384,19849.0,101877.89
2022,0-12,7.0,0.6003445521771609,0.35223412894079537,15800.0,26318.22
2022,0-12,7.0,0.3256199684400378,0.35890283327915673,49825.28,153016.66
2022,0-12,8.0,0.01822158697158697,0.351181151752179,168.28,9235.2
2022,0-12,8.0,0.015801569976254225,0.34632205475279343,1077.16,68167.91
2022,0-12,8.0,0.04094525035095929,0.34551026843104604,560.0,13676.8
2022,0-12,8.0,0.5789598298262654,0.3400713609010159,12422.0,21455.72
2022,0-12,8.0,0.27684104909289664,0.34632205475279343,7400.0,26730.14
2022,0-12,8.0,0.03216684113348595,0.34632205475279343,350.0,10880.77
2022,0-12,8.0,0.10890938896805953,0.344604118904332,3761.58,34538.619999999995
2022,0-12,8.0,0.02110618439921997,0.34632205475279343,224.15,10620.11
2022,0-12,8.0,0.22963026465653436,0.3604009841537101,3000.0,13064.48
2022,0-12,8.0,0.191348805821537,0.33450247316091297,29823.6,155859.87
2022,0-12,8.0,0.5737652042124898,0.3362627640609601,7382.35,12866.5
2022,0-12,8.0,0.804524646612549,0.3396533504144319,6000.0,7457.82
2022,0-12,8.0,0.30822525159972486,0.34632205475279343,64903.17,210570.58000000002
2022,0-12,8.0,0.3434488662207922,0.34632205475279343,6523.77,18994.879999999997
2022,0-12,9.0,0.16194272039710206,0.34632205475279343,3500.0,21612.58
2022,0-12,9.0,0.41627883355340606,0.34632205475279343,2500.0,6005.59
2022,0-12,9.0,0.02164436842475222,0.351181151752179,230.94,10669.75
2022,0-12,9.0,0.7021523670636528,0.34551026843104604,6500.0,9257.25
2022,0-12,9.0,0.4151056937780396,0.3500182352559248,3621.49,8724.26
2022,0-12,9.0,0.8201830648600767,0.34632205475279343,14000.0,17069.36
2022,0-12,9.0,0.0628223025468445,0.3400713609010159,3024.1400000000003,48138.0
2022,0-12,9.0,0.2581718507404346,0.34632205475279343,4253.5,16475.46
2022,0-12,9.0,0.8546351135382749,0.34632205475279343,2000.0,2340.18
2022,0-12,9.0,0.1104360181040827,0.344604118904332,11900.0,107754.7
2022,0-12,9.0,0.04040767237424522,0.34632205475279343,97.77,2419.59
2022,0-12,9.0,0.1019311404898246,0.34632205475279343,1065.0,10448.23
2022,0-12,9.0,0.10562191840334673,0.33450247316091297,5640.39,53401.7
2022,0-12,9.0,0.42454160766316784,0.3362627640609601,25450.0,59947.01
2022,0-12,9.0,0.0,0.3396533504144319,0.0,45892.46
2022,0-12,9.0,0.03277876694980928,0.34632205475279343,260.13,7935.93
2022,0-12,9.0,0.30219694083114107,0.34632205475279343,67969.32,224917.30000000002
2022,0-12,9.0,0.28767905144161726,0.34632205475279343,5000.0,17380.48
2022,0-12,10.0,0.10422382923313026,0.34632205475279343,179.29,1720.24
2022,0-12,10.0,0.22200852479467717,0.351181151752179,1195.8799999999999,5386.64
2022,0-12,10.0,0.5429576084362678,0.34551026843104604,7644.93,14080.16
2022,0-12,10.0,0.16274558308487505,0.3400713609010159,10000.0,61445.600000000006
2022,0-12,10.0,0.1830864717406031,0.34632205475279343,1000.0,5461.9
2022,0-12,10.0,0.18462979142003202,0.34632205475279343,2500.0,13540.61
2022,0-12,10.0,0.11368348496812337,0.344604118904332,6617.02,58205.64
2022,0-12,10.0,0.12236010901646767,0.34632205475279343,2283.86,18665.07
2022,0-12,10.0,0.24405887086853595,0.3604009841537101,5198.0,21298.14
2022,0-12,10.0,0.0693313506887334,0.33450247316091297,3247.0,46833.07
2022,0-12,10.0,0.24632283542685665,0.3362627640609601,5611.18,22779.78
2022,0-12,10.0,0.290327450654011,0.3396533504144319,3000.0,10333.16
2022,0-12,10.0,0.3119977124581558,0.34632205475279343,21898.77,70188.88
2022,0-12,10.0,0.6470481662654968,0.34632205475279343,4000.0,6181.92
2022,0-12,10.0,0.3046801924360095,0.34632205475279343,1000.0,3282.13
2022,0-12,11.0,0.06160229557973722,0.34632205475279343,310.0,5032.28
2022,0-12,11.0,0.2996744935650896,0.34551026843104604,10000.0,33369.54
2022,0-12,11.0,0.9654639744014124,0.3400713609010159,4200.0,4350.24
2022,0-12,11.0,0.14485429720351514,0.34632205475279343,6180.0,42663.56
2022,0-12,11.0,0.3603402459781436,0.344604118904332,5100.0,14153.289999999999
2022,0-12,11.0,0.7263935309973046,0.34632205475279343,2694.92,3710.0
2022,0-12,11.0,0.1921004242299128,0.33450247316091297,4010.64,20877.829999999998
2022,0-12,11.0,0.3598432366576544,0.3362627640609601,20834.47,57898.74
2022,0-12,11.0,0.015873200862420604,0.3396533504144319,54.48,3432.2
2022,0-12,11.0,0.4114423251398502,0.34632205475279343,45009.26,109393.85
2022,0-12,12.0,0.06549879079782873,0.34632205475279343,321.21,4904.06
2022,0-12,12.0,0.03653045200406397,0.351181151752179,354.52,9704.78
2022,0-12,12.0,0.24703859802222317,0.34551026843104604,28795.36,116562.19
2022,0-12,12.0,0.6092095649889256,0.3400713609010159,27500.0,45140.46000000001
2022,0-12,12.0,0.3572836956089834,0.34632205475279343,10700.0,29948.19
2022,0-12,12.0,0.9086220212564105,0.34632205475279343,6800.0,7483.86
2022,0-12,12.0,0.05973708768736247,0.3604009841537101,103.7,1735.94
2022,0-12,12.0,0.2898055994148623,0.33450247316091297,17200.0,59350.130000000005
2022,0-12,12.0,0.08628302722902925,0.3362627640609601,9170.79,106287.3
2022,0-12,12.0,0.4310004238170835,0.34632205475279343,600.0,1392.11
2022,0-12,12.0,0.41816929294948013,0.34632205475279343,65867.84,157514.77000000002
2022,12-36,13.0,0.48281422756965797,0.34632205475279343,10000.0,20711.9
2022,12-36,13.0,0.03527294646889462,0.34551026843104604,560.0,15876.19
2022,12-36,13.0,0.027009285809549213,0.34632205475279343,129.61,4798.72
2022,12-36,13.0,0.18203032989356685,0.3400713609010159,1000.0,5493.59
2022,12-36,13.0,0.1999081418688002,0.344604118904332,10877.0,54409.99
2022,12-36,13.0,0.1160725903824098,0.34632205475279343,383.57,3304.57
2022,12-36,13.0,0.2151294057157732,0.34632205475279343,4000.0,18593.46
2022,12-36,13.0,0.4626486403334771,0.3604009841537101,4000.0,8645.87
2022,12-36,13.0,0.12075054270671637,0.3362627640609601,3459.27,28648.07
2022,12-36,13.0,0.1811609981114142,0.34632205475279343,29569.58,163222.66
2022,12-36,14.0,0.9618683330501165,0.34551026843104604,3000.0,3118.93
2022,12-36,14.0,0.045839380745041125,0.3574877026631212,473.75,10335.0
2022,12-36,14.0,0.46093801724578637,0.3400713609010159,11000.0,23864.38
2022,12-36,14.0,0.15297583286497798,0.34632205475279343,1578.68,10319.800000000001
2022,12-36,14.0,0.04164352714741079,0.344604118904332,218.96,5257.959999999999
2022,12-36,14.0,0.2717361767806872,0.34632205475279343,4000.0,14720.16
2022,12-36,14.0,0.4966782160907848,0.3604009841537101,2500.0,5033.4400000000005
2022,12-36,14.0,0.18469840350466982,0.3362627640609601,9336.869999999999,50551.98
2022,12-36,14.0,0.7038008087311112,0.3396533504144319,9900.0,14066.48
2022,12-36,14.0,0.2820357192377725,0.34632205475279343,12021.2,42622.97
2022,12-36,14.0,0.034604714431458176,0.34632205475279343,386.68,11174.2
2022,12-36,15.0,0.029352576313699304,0.34551026843104604,2348.9,80023.64
2022,12-36,15.0,0.9664263486479695,0.34632205475279343,1000.0,1034.74
2022,12-36,15.0,0.44624472315614866,0.3400713609010159,7000.0,15686.460000000001
2022,12-36,15.0,0.02518889973512828,0.34632205475279343,333.13,13225.27
2022,12-36,15.0,0.07875373127557454,0.33450247316091297,2170.0,27554.25
2022,12-36,15.0,0.222704186666469,0.3362627640609601,16524.35,74198.65
2022,12-36,15.0,0.5900904149646929,0.3396533504144319,9000.0,15251.9
2022,12-36,15.0,0.30973738243475957,0.34632205475279343,18705.66,60392.0
2022,12-36,16.0,0.05074154968030578,0.34632205475279343,921.84,18167.36
2022,12-36,16.0,0.0,0.3400713609010159,0.0,60256.06
2022,12-36,16.0,0.026668049454416157,0.34632205475279343,180.0,6749.65
2022,12-36,16.0,0.16511252664934326,0.34632205475279343,2548.0,15431.9
2022,12-36,16.0,0.46190834352739385,0.34632205475279343,6000.0,12989.59
2022,12-36,16.0,0.02435073123506561,0.3604009841537101,1400.0,57493.14
2022,12-36,16.0,0.011044476105275947,0.33450247316091297,170.0,15392.31
2022,12-36,16.0,0.10363703821926697,0.3362627640609601,1000.0,9649.06
2022,12-36,16.0,0.4060072837706708,0.3396533504144319,2000.0,4926.02
2022,12-36,16.0,0.13397281277817233,0.34632205475279343,14144.52,105577.54
2022,12-36,17.0,0.23464586408171845,0.351181151752179,7000.0,29832.19
2022,12-36,17.0,0.6505664482064534,0.3500182352559248,5000.0,7685.61
2022,12-36,17.0,0.15818358215438974,0.34632205475279343,327.72,2071.77
2022,12-36,17.0,0.13930292814754966,0.34632205475279343,150.0,1076.79
2022,12-36,17.0,0.8686360505861607,0.3604009841537101,9181.9,10570.48
2022,12-36,17.0,0.031499039279301984,0.33450247316091297,170.0,5396.99
2022,12-36,17.0,0.2368252906675205,0.3362627640609601,5000.0,21112.61
2022,12-36,17.0,0.34270136051739497,0.34632205475279343,13558.76,39564.36
2022,12-36,18.0,0.01998413104494103,0.34632205475279343,538.99,26970.9
2022,12-36,18.0,0.08756245392025862,0.3400713609010159,500.0,5710.21
2022,12-36,18.0,0.015283798462990973,0.344604118904332,692.53,45311.380000000005
2022,12-36,18.0,0.8904234953079628,0.33450247316091297,1800.0,2021.51
2022,12-36,18.0,0.027426394832355067,0.3362627640609601,513.24,18713.36
2022,12-36,18.0,0.0,0.34632205475279343,0.0,36204.880000000005
2022,12-36,19.0,0.9084840157851649,0.34551026843104604,8900.0,9796.54
2022,12-36,19.0,0.039786624547090185,0.34632205475279343,383.89,9648.72
2022,12-36,19.0,0.14522785275245526,0.344604118904332,581.0,4000.61
2022,12-36,19.0,0.21064843082183418,0.34632205475279343,414.0,1965.36
2022,12-36,19.0,0.11616761828578925,0.3362627640609601,2939.33,25302.49
2022,12-36,19.0,0.8322372527486446,0.34632205475279343,9200.0,11054.539999999999
2022,12-36,20.0,0.008043079324993202,0.34632205475279343,815.0,101329.35
2022,12-36,20.0,0.03305927196871271,0.3400713609010159,200.0,6049.74
2022,12-36,20.0,0.5237880464772706,0.344604118904332,18500.0,35319.63
2022,12-36,20.0,0.09294760218474281,0.33450247316091297,387.15,4165.25
2022,12-36,20.0,0.01900631975494928,0.3362627640609601,541.25,28477.37
2022,12-36,20.0,0.05085142420155711,0.34632205475279343,430.23,8460.53
2022,12-36,21.0,0.02014010755731673,0.3400713609010159,284.62,14132.0
2022,12-36,21.0,0.011241636145710082,0.34632205475279343,438.0,38962.3
2022,12-36,21.0,0.01322812363035636,0.34632205475279343,251.11,18983.04
2022,12-36,21.0,0.010313908273150605,0.33450247316091297,287.07,27833.29
2022,12-36,21.0,0.0,0.34632205475279343,0.0,15455.48
2022,12-36,22.0,0.20473238917579858,0.3500182352559248,1600.0,7815.08
2022,12-36,22.0,0.13473729595720743,0.3604009841537101,400.0,2968.74
2022,12-36,22.0,0.08006682911336663,0.3362627640609601,300.0,3746.87
2022,12-36,22.0,0.44986886322636954,0.3396533504144319,2000.0,4445.74
2022,12-36,22.0,0.7205926153668778,0.34632205475279343,1500.0,2081.62
2023,0-12,1.0,0.685291989210763,0.4412031052860818,10000.0,14592.32
2023,0-12,1.0,0.3571913122750352,0.4848115722793997,10014.83,28037.72
2023,0-12,2.0,0.5316886431305827,0.3470055068835575,1000.0,1880.8
2023,0-12,2.0,0.06548391082139089,0.34419199013538937,1500.0,22906.39
2023,0-12,2.0,0.8879646073418654,0.36198334423725625,9590.0,10799.98
2023,0-12,2.0,0.032697494649357964,0.3464232544963107,436.78,13358.21
2023,0-12,2.0,0.1509745365751372,0.33620538454663623,1785.6,11827.16
2023,0-12,2.0,0.06267836474319895,0.34419199013538937,70.94,1131.81
2023,0-12,2.0,0.9645526886906197,0.34973735993029303,1400.0,1451.45
2023,0-12,2.0,0.056881527155241064,0.3347132005974093,150.0,2637.06
2023,0-12,2.0,0.09972074627779202,0.3203420672458545,18459.43,185111.22999999998
2023,0-12,2.0,0.3783947199382925,0.3528260775123536,5720.0,15116.490000000002
2023,0-12,3.0,0.02995570025619129,0.327543168619771,1347.0,44966.4
2023,0-12,3.0,0.2750887849053282,0.327543168619771,2000.0,7270.38
2023,0-12,3.0,0.4675084482991441,0.34288605367287567,2735.06,5850.29
2023,0-12,3.0,0.016319088821018225,0.327543168619771,496.49,30423.88
2023,0-12,3.0,0.6414911643669814,0.3241829129564149,5300.0,8262.0
2023,0-12,3.0,0.022743916690471863,0.327543168619771,87.58,3850.7
2023,0-12,3.0,0.9327458270316559,0.327543168619771,9084.45,9739.47
2023,0-12,3.0,0.04284380007369134,0.32310319015925115,200.0,4668.12
2023,0-12,3.0,0.011120769040005406,0.31762476056968525,314.35,28266.93
2023,0-12,3.0,0.0,0.3197146548318433,0.0,125346.63
2023,0-12,3.0,0.6953058511377984,0.33617725599673526,12500.0,17977.7
2023,0-12,3.0,0.7608381392942466,0.327543168619771,1000.0,1314.34
2023,0-12,4.0,0.024049707424779385,0.32974975891477,99.01,4116.89
2023,0-12,4.0,0.0945265099597182,0.3404780048691189,700.0,7405.33
2023,0-12,4.0,0.39485227499522585,0.32638950325141386,11000.0,27858.52
2023,0-12,4.0,0.35718540980605806,0.3253097804542502,26674.81,74680.56999999999
2023,0-12,4.0,0.6087153144169112,0.3166547106518489,10499.0,17247.8
2023,0-12,4.0,0.24405002799302308,0.33838384629173435,15100.0,61872.56
2023,0-12,5.0,0.05193132513502185,0.33442377716126664,11818.33,227576.13
2023,0-12,5.0,0.8382580996688881,0.33361199083951926,5000.0,5964.75
2023,0-12,5.0,0.46693551776144887,0.3412613721463141,3000.0,6424.87
2023,0-12,5.0,0.30896047159726386,0.33442377716126664,1000.0,3236.66
2023,0-12,5.0,0.10231260234602145,0.33442377716126664,122.46,1196.92
2023,0-12,5.0,0.04971522851800652,0.3299837987007466,542.6800000000001,10915.77
2023,0-12,5.0,0.0,0.3221962294634079,0.0,3306.49
2023,0-12,5.0,0.21583859589798746,0.33442377716126664,6000.0,27798.550000000003
2023,0-12,6.0,0.39685712964746983,0.339558512379947,20000.0,50395.97
2023,0-12,6.0,0.20405354744719523,0.3382059088870549,430.0,2107.29
2023,0-12,6.0,0.6403237476868304,0.39509353301249334,2000.0,3123.42
2023,0-12,6.0,0.36146964883946553,0.3382059088870549,5000.0,13832.42
2023,0-12,6.0,0.5340302784487275,0.3382059088870549,10000.0,18725.53
2023,0-12,6.0,0.6218325404968441,0.3360240014286074,2000.0,3216.3
2023,0-12,6.0,0.737425059178361,0.3351993166983202,2000.0,2712.14
2023,0-12,6.0,0.43121198596836197,0.33022978670232406,2000.0,4638.09
2023,0-12,6.0,0.3166458133373024,0.3382059088870549,46292.25,146195.68000000002
2023,0-12,7.0,0.30116611519804687,0.3396923965387767,12000.0,39845.119999999995
2023,0-12,7.0,0.1769204717205263,0.3316335399467214,3500.0,19782.9
2023,0-12,7.0,0.30417917857021187,0.3346401321354562,5000.0,16437.68
2023,0-12,7.0,0.040964462331510645,0.3421314387740231,387.09,9449.41
2023,0-12,7.0,0.13132790754515308,0.3512762415201671,1800.0,13706.15
2023,0-12,7.0,0.26307217230298796,0.33022978670232406,3400.0,12924.21
2023,0-12,7.0,0.029681793211721003,0.3359501142501839,1045.51,35223.95
2023,0-12,7.0,0.36815326956918704,0.3346401321354562,5000.0,13581.3
2023,0-12,7.0,0.34080221582661696,0.3346401321354562,32367.67,94974.94
2023,0-12,8.0,0.022197208199828546,0.32205935360909277,301.91,13601.26
2023,0-12,8.0,0.09755300443331172,0.32205935360909277,871.6,8934.630000000001
2023,0-12,8.0,0.14537808186995754,0.31764900817596065,2500.0,17196.54
2023,0-12,8.0,0.15065874525772394,0.32205935360909277,6770.83,44941.5
2023,0-12,9.0,0.11722607928585872,0.3236641820519212,800.0,6824.42
2023,0-12,9.0,0.19004560144206603,0.31905276142035804,2000.0,10523.789999999999
2023,0-12,9.0,0.20168670592162252,0.33869546299380376,4000.0,19832.74
2023,0-12,9.0,0.0,0.3304047444552803,0.0,11888.48
2023,0-12,9.0,0.20724979046082231,0.32205935360909277,4300.0,20747.91
2023,0-12,10.0,0.8513831286513694,0.3304047444552803,15000.0,17618.39
2023,0-12,10.0,0.4731745585447709,0.32205935360909277,20851.0,44066.19
